Time[s],LASP::FFD3_BoomAnglePercentage,LOGE_::EPPR_ArmUp[mA],LOGE_::EPPR_ArmDown[mA],LABHRP::FFD2_ArmCylinderHeadPressure,Body_IMU_Angle_SQ::PitchAngle[deg],EEC1::EngSpeed[rpm],LOGI_::AngleSensorVoltage_Arm[mV]
0,0,0,0,0,0,0,0
0.01,4.97,98.4,100.5,30.4,0.002,1790,701
0.02,5,98.6,102.4,30.51,-0.006,1796,700
0.03,4.97,99.3,99.2,31.35,-0.011,1805,693
0.04,4.97,100.2,97.4,30.95,-0.021,1787,704
0.05,4.97,98.4,98.8,31.79,-0.036,1800,692
0.06,4.99,98.4,101.5,31.59,-0.042,1797,704
0.07,5,98.7,101.9,31.65,-0.056,1804,698
0.08,5.06,98.4,96.2,31.3,-0.082,1802,704
0.09,5.02,99.6,99.8,32.03,-0.1,1797,697
0.1,5.03,101,99.2,31.67,-0.118,1792,700
0.11,4.98,96.9,99.2,31.34,-0.138,1795,701
0.12,5,100.5,103.8,31.68,-0.155,1809,696
0.13,5,97.4,100.1,31.87,-0.175,1801,705
0.14,5.04,100.2,100.6,31.21,-0.194,1802,699
0.15,4.99,101.7,101.1,31.31,-0.215,1804,706
0.16,5.01,102,99.3,31.82,-0.242,1794,699
0.17,4.96,99.9,102.1,31.57,-0.256,1801,703
0.18,5.06,100.6,98.1,31.6,-0.279,1799,701
0.19,5.02,98.9,102.5,31.4,-0.299,1793,701
0.2,5.05,99.6,99.4,31.74,-0.324,1803,696
0.21,5.01,100.3,101.2,31.11,-0.344,1797,708
0.22,4.98,102.7,99.6,31.48,-0.355,1801,700
0.23,5.02,100.8,100.3,31.62,-0.376,1804,704
0.24,4.99,99.9,104.6,31.76,-0.388,1805,703
0.25,4.97,101.5,99.9,31.12,-0.407,1794,704
0.26,5.04,101.3,98.8,31.29,-0.418,1795,697
0.27,4.95,99.4,98.6,31.43,-0.433,1803,698
0.28,4.97,101.5,98.6,31.93,-0.444,1803,706
0.29,4.99,100.9,101.3,30.94,-0.455,1806,701
0.3,5.01,100.8,103.8,30.97,-0.464,1798,702
0.31,5.01,98.6,97.8,31.11,-0.468,1802,701
0.32,5,101.3,103.1,31.44,-0.473,1798,694
0.33,4.97,99.8,101.8,31.31,-0.48,1802,707
0.34,4.99,101.3,100.5,31.32,-0.478,1802,700
0.35,5.04,99.5,101.4,31.44,-0.484,1797,704
0.36,4.98,101.1,100.3,31.21,-0.483,1801,701
0.37,5.07,102.2,99.6,31.77,-0.482,1797,701
0.38,5.03,98.5,99.4,31.39,-0.479,1803,705
0.39,4.95,100.2,101.7,31.6,-0.479,1799,700
0.4,4.99,101.5,100.8,31.69,-0.476,1805,698
0.41,4.94,99.3,99,31.62,-0.467,1802,702
0.42,4.99,100,100.9,31.43,-0.466,1804,701
0.43,4.99,100.1,100.9,31.38,-0.457,1796,704
0.44,5.03,101.2,101.3,31.34,-0.455,1791,702
0.45,4.98,96,99,31.54,-0.435,1804,699
0.46,5.01,100.1,96.2,31.17,-0.431,1799,696
0.47,4.97,100.3,100,31.59,-0.426,1807,700
0.48,5.01,100.9,101.5,31.79,-0.407,1804,704
0.49,5,100,97.8,31.54,-0.399,1805,697
0.5,5.04,98.4,98.9,31.63,-0.394,1793,699
0.51,5.04,99.7,99.4,31.63,-0.377,1787,698
0.52,5.02,96.2,100.3,31.65,-0.369,1801,699
0.53,5.01,102.1,99.3,30.76,-0.354,1805,703
0.54,5.02,99.9,98.9,31.41,-0.352,1810,700
0.55,4.99,98.5,102,31.63,-0.336,1797,692
0.56,5,101.5,100.7,31.54,-0.329,1792,701
0.57,5.04,101.4,98.8,31.87,-0.32,1803,703
0.58,4.98,100,100.3,31.58,-0.315,1798,694
0.59,5.04,100.8,101.9,31.52,-0.301,1800,702
0.6,5,100.7,99.5,31.31,-0.294,1802,700
0.61,5,97.6,99.7,31.63,-0.289,1801,701
0.62,5.01,99.8,100.4,31.46,-0.281,1802,702
0.63,5.01,98,97.2,31.31,-0.273,1798,702
0.64,5,100,101.2,31.73,-0.265,1800,701
0.65,4.98,103.1,99.4,31.61,-0.268,1802,695
0.66,4.97,103.4,100.7,31.37,-0.259,1803,697
0.67,4.99,100.9,101.1,31.64,-0.256,1801,702
0.68,4.98,100.6,99.5,31.52,-0.254,1798,700
0.69,4.96,97.1,102.5,31.6,-0.247,1808,704
0.7,5.03,101.8,95.9,31.4,-0.245,1788,699
0.71,5.01,98.7,100.1,31.52,-0.25,1799,703
0.72,5,99.9,99.3,31.94,-0.244,1795,697
0.73,4.99,101.4,99.7,31.27,-0.246,1794,703
0.74,5.04,100,100.2,31.43,-0.252,1815,703
0.75,4.98,99.6,97.8,31.82,-0.249,1802,695
0.76,5.02,100.7,99.8,31.56,-0.249,1805,702
0.77,5.05,98.8,98.5,31.21,-0.251,1808,700
0.78,5.02,101,99.7,31.62,-0.255,1795,699
0.79,4.96,98.4,101,31.62,-0.263,1795,702
0.8,4.98,100.2,100.2,31.8,-0.268,1801,703
0.81,5.03,99.1,100.6,31.22,-0.27,1801,696
0.82,5.01,97.7,100.9,31.87,-0.269,1800,699
0.83,5.05,98.5,98.6,31.5,-0.286,1799,700
0.84,4.96,98.2,99.9,31.55,-0.284,1798,693
0.85,5.05,101.3,101.9,31.16,-0.285,1799,704
0.86,4.95,102,101.4,31.38,-0.289,1806,701
0.87,5.01,97.5,96.2,31.36,-0.297,1801,706
0.88,4.98,99.6,101.3,31.08,-0.301,1793,702
0.89,4.93,98,96.6,31.51,-0.312,1804,699
0.9,5.01,102.8,98.7,31.52,-0.312,1803,698
0.91,5.01,101.8,100.1,31.84,-0.315,1802,701
0.92,5.01,100.1,99.6,31.8,-0.316,1814,699
0.93,4.99,100.7,99,31.83,-0.325,1811,697
0.94,4.99,100.8,100.2,31.48,-0.333,1795,697
0.95,4.98,102.1,99.3,31.35,-0.335,1800,699
0.96,4.97,100.7,97.7,31.27,-0.339,1805,705
0.97,5,99.4,100.8,31.63,-0.342,1792,705
0.98,4.97,99.4,104.1,31.36,-0.35,1796,694
0.99,5,101.1,101.5,31.33,-0.347,1802,700
1,5.05,100.2,101.5,31.62,-0.353,1798,702
1.01,4.94,98.8,99.6,31.39,-0.351,1809,700
1.02,4.99,99.3,97,31.68,-0.36,1799,696
1.03,5,100.3,101.1,31.71,-0.356,1803,702
1.04,5,100.7,99.6,31.58,-0.358,1796,699
1.05,4.94,99.2,100.6,31.23,-0.356,1805,702
1.06,4.99,98.9,101.4,31.28,-0.359,1788,702
1.07,5.03,98.5,100,31.83,-0.364,1807,702
1.08,4.99,102.6,103.5,31.17,-0.364,1812,701
1.09,5.03,100.3,99.4,32.1,-0.36,1797,703
1.1,5.01,99.5,101.5,31.81,-0.361,1808,703
1.11,4.98,98.8,98.6,31.63,-0.363,1792,697
1.12,5.01,99.6,100.1,31.38,-0.363,1808,697
1.13,5,102,100.3,31.39,-0.361,1804,702
1.14,4.97,100.3,98.7,31.56,-0.36,1803,698
1.15,5,100,97.5,31.71,-0.356,1803,698
1.16,4.97,100.8,100.6,31.27,-0.355,1808,699
1.17,5.07,99.5,101.7,31.6,-0.353,1798,701
1.18,4.99,102.1,97.7,31.25,-0.354,1805,703
1.19,5.05,101,101,31,-0.347,1805,703
1.2,4.95,101.6,100.8,31.81,-0.344,1801,702
1.21,5.03,101.1,100.1,31.58,-0.345,1803,697
1.22,4.95,101,101.7,31.71,-0.342,1795,702
1.23,5.04,101.1,102.4,31.36,-0.339,1806,705
1.24,5.03,99.6,99.3,31.39,-0.336,1796,695
1.25,4.99,101.1,96.7,31.58,-0.336,1795,702
1.26,4.98,101,98.2,31.58,-0.335,1794,702
1.27,4.94,99.9,101.6,31.45,-0.329,1802,697
1.28,5.06,99.6,101,31.37,-0.327,1793,697
1.29,4.99,99.6,100.6,31.54,-0.322,1794,702
1.3,4.96,100.3,99.3,31.61,-0.323,1793,699
1.31,4.96,100.8,98.9,31.32,-0.319,1808,699
1.32,4.95,101.4,100.7,31.74,-0.316,1805,697
1.33,5.01,100.6,99.5,31.63,-0.318,1797,702
1.34,5.01,99.1,100,31.75,-0.311,1796,701
1.35,4.98,97.7,100.1,31.62,-0.309,1805,700
1.36,5.02,99.9,101,31.54,-0.313,1801,696
1.37,5.03,100.8,99.1,31.56,-0.312,1797,703
1.38,5,98.1,100.8,31.84,-0.312,1800,702
1.39,4.99,100.3,100.1,31.89,-0.309,1805,704
1.4,5.01,99.7,101.2,31.55,-0.305,1795,698
1.41,4.97,99.3,98,31.42,-0.31,1801,702
1.42,5,99.7,99.6,31.54,-0.311,1800,702
1.43,5.06,100.9,101.6,32.29,-0.309,1799,707
1.44,5,98.5,102,31.61,-0.314,1798,703
1.45,4.93,101.1,100.7,31.2,-0.303,1805,705
1.46,4.96,100.9,101.4,31.91,-0.307,1810,705
1.47,5.01,98.3,102.1,31.29,-0.311,1797,699
1.48,5.02,97,101.5,31.81,-0.312,1800,704
1.49,5.04,100.4,96.4,31.61,-0.305,1816,703
1.5,4.98,99.9,100.2,31.58,-0.31,1804,703
1.51,5.02,117.2,100.9,31.5,-0.311,1803,704
1.52,5.06,136.9,101,31.99,-0.313,1798,703
1.53,5.03,150.3,102.7,31.36,-0.313,1808,702
1.54,5.01,164.3,100.4,31.15,-0.311,1799,700
1.55,5,181.7,101.2,31.85,-0.312,1814,697
1.56,5.01,199.7,99,34.83,-0.311,1803,704
1.57,5.04,216.9,100.4,39.58,-0.311,1793,702
1.58,5,233.1,103.2,44.67,-0.314,1802,704
1.59,5.03,246.3,99,49.22,-0.307,1798,703
1.6,5.09,264.9,100.7,53.31,-0.309,1790,703
1.61,5.14,283.4,100.8,56.87,-0.305,1805,709
1.62,5.15,298.9,102.9,59.22,-0.289,1798,705
1.63,5.23,313.8,100.1,61.98,-0.291,1794,707
1.64,5.25,329.9,103.1,63.9,-0.28,1796,708
1.65,5.32,348,100,65.62,-0.274,1796,716
1.66,5.49,365,97.6,66.88,-0.261,1803,717
1.67,5.47,381.5,101.2,68.42,-0.259,1796,724
1.68,5.64,396.9,99.6,69.84,-0.248,1805,721
1.69,5.71,413.5,100.1,70.52,-0.232,1805,728
1.7,5.87,429.4,98.9,72.07,-0.224,1798,731
1.71,5.9,446.6,102.3,73.05,-0.21,1802,733
1.72,6.09,461.5,100.6,73.72,-0.204,1806,745
1.73,6.27,477.9,99.6,74.98,-0.183,1800,752
1.74,6.31,496.5,100.5,75.93,-0.176,1804,756
1.75,6.53,512.1,101.3,76.65,-0.161,1796,764
1.76,6.75,526.4,100.7,77.84,-0.153,1809,769
1.77,6.88,543.8,98.1,79,-0.139,1805,775
1.78,7.1,562.9,99.5,79.91,-0.12,1800,781
1.79,7.25,579.6,101.9,81.06,-0.116,1798,799
1.8,7.44,596.5,101.6,81.61,-0.099,1794,800
1.81,7.74,610.4,100.1,82.39,-0.092,1809,807
1.82,7.85,627.9,97.8,83.32,-0.072,1799,814
1.83,8.16,642.7,98.1,84.57,-0.072,1789,824
1.84,8.39,650.9,99.2,83.2,-0.06,1811,834
1.85,8.59,650.9,98.2,79.62,-0.05,1794,840
1.86,8.79,648.7,101,76.03,-0.044,1798,856
1.87,9.04,648.2,98.8,71.9,-0.037,1796,864
1.88,9.34,649.3,101.3,68.35,-0.037,1802,873
1.89,9.52,648.2,98.8,66.08,-0.035,1790,883
1.9,9.86,648.9,102,64.28,-0.033,1794,897
1.91,10.1,649.6,98.4,62.01,-0.036,1812,905
1.92,10.38,650.7,100.4,61.04,-0.034,1794,911
1.93,10.57,649.8,101.5,60.32,-0.042,1805,925
1.94,10.83,645.3,102.3,59.67,-0.044,1807,932
1.95,11.12,651,98.4,59.65,-0.048,1800,944
1.96,11.37,649.8,101.2,59.22,-0.06,1796,951
1.97,11.58,650.8,99.7,58.83,-0.068,1787,965
1.98,11.74,649.2,99.7,58.54,-0.074,1793,971
1.99,12.09,650.1,97.2,58.89,-0.087,1807,984
2,12.31,651.4,99.5,58.34,-0.1,1795,991
2.01,12.6,650.5,98,58.64,-0.107,1794,1006
2.02,12.79,652.8,102.2,59.03,-0.124,1801,1010
2.03,13.05,652.6,101.7,58.78,-0.136,1802,1022
2.04,13.38,650.7,99.4,59,-0.149,1797,1037
2.05,13.61,650.9,100.2,58.59,-0.155,1803,1049
2.06,13.85,647.7,97.8,59.37,-0.175,1799,1048
2.07,14.07,650.8,99.5,59.14,-0.183,1813,1058
2.08,14.32,652.7,99.3,59.06,-0.193,1795,1072
2.09,14.58,651.7,100.5,58.93,-0.201,1801,1084
2.1,14.82,653.8,101.1,59.18,-0.218,1801,1092
2.11,15.13,652.2,100.2,59.28,-0.224,1819,1104
2.12,15.26,650.5,100.7,59.36,-0.229,1801,1108
2.13,15.61,650.2,99.9,59.47,-0.243,1797,1127
2.14,15.8,649.1,102.3,59.48,-0.247,1808,1134
2.15,16.08,649.9,100.1,60,-0.246,1803,1147
2.16,16.36,649.7,101.1,60.01,-0.258,1801,1157
2.17,16.55,649,99.4,59.91,-0.259,1802,1167
2.18,16.84,648.7,97.7,59.88,-0.261,1798,1171
2.19,17.05,651.5,101.7,59.97,-0.256,1803,1184
2.2,17.37,646,100.2,59.63,-0.269,1798,1196
2.21,17.65,634.1,103.7,56.6,-0.268,1797,1203
2.22,17.86,616.2,102.1,52.07,-0.264,1808,1212
2.23,18.08,600.8,100,46.48,-0.269,1793,1220
2.24,18.28,583.5,101.1,42.38,-0.268,1805,1231
2.25,18.5,570.4,99.8,39.09,-0.262,1803,1243
2.26,18.67,553.1,99.9,35.39,-0.262,1803,1252
2.27,18.94,533.7,102.8,33.24,-0.271,1794,1257
2.28,19.14,517.2,99.4,29.72,-0.264,1789,1264
2.29,19.33,503.3,101.1,28.68,-0.261,1796,1271
2.3,19.44,482.2,97.4,27.07,-0.262,1800,1279
2.31,19.66,468.2,100.8,25.3,-0.265,1805,1287
2.32,19.81,453.4,98.4,24.3,-0.27,1799,1294
2.33,19.97,436.4,100.2,23.05,-0.264,1795,1298
2.34,20.11,418.7,101.5,22.01,-0.267,1807,1307
2.35,20.21,402.1,102,21.29,-0.269,1792,1313
2.36,20.38,384.8,99.5,20.02,-0.268,1799,1317
2.37,20.5,372.1,98.3,18.8,-0.266,1798,1322
2.38,20.64,354.4,100.4,17.95,-0.268,1794,1323
2.39,20.69,336,99.9,16.98,-0.271,1805,1329
2.4,20.8,322.1,99.6,16.16,-0.274,1796,1330
2.41,20.91,304.5,100.2,15.06,-0.268,1797,1336
2.42,20.89,286.8,97.9,14.09,-0.27,1798,1333
2.43,20.98,270.9,99.4,13.4,-0.276,1804,1340
2.44,21.05,253.9,99.7,12.83,-0.275,1802,1340
2.45,21.12,237,100,11.66,-0.271,1800,1345
2.46,21.18,219.7,101.7,11.35,-0.273,1803,1349
2.47,21.14,207.8,99.8,10.14,-0.273,1794,1347
2.48,21.2,186,100.4,9.33,-0.27,1796,1353
2.49,21.31,169.5,100.4,10.94,-0.266,1794,1349
2.5,21.2,157.6,100.8,14.37,-0.273,1797,1347
2.51,21.27,140.1,101.3,18.48,-0.27,1790,1350
2.52,21.2,121.8,102.3,22.13,-0.263,1804,1351
2.53,21.28,103.3,99.6,25.51,-0.259,1799,1347
2.54,21.21,100.7,97.7,28.11,-0.254,1795,1348
2.55,21.18,98.9,100.9,30.51,-0.244,1798,1349
2.56,21.29,99.3,101.7,32.02,-0.242,1792,1350
2.57,21.25,98.1,99.8,32.73,-0.229,1811,1348
2.58,21.28,100.4,102.2,33.39,-0.22,1798,1354
2.59,21.28,98.7,100.7,34.8,-0.216,1800,1348
2.6,21.23,99.4,98.2,35.01,-0.208,1802,1349
2.61,21.25,100.3,99.9,35.76,-0.191,1802,1346
2.62,21.25,98.2,102.9,35.54,-0.182,1796,1349
2.63,21.19,95.9,97,36,-0.169,1801,1351
2.64,21.26,100.7,99,36.39,-0.15,1795,1350
2.65,21.26,101.2,99.5,35.93,-0.148,1808,1352
2.66,21.27,99.5,99.9,36.23,-0.129,1804,1352
2.67,21.26,102.3,99.4,36.51,-0.125,1807,1356
2.68,21.2,101.1,99,36.24,-0.106,1796,1349
2.69,21.26,100.4,99.3,36.64,-0.099,1805,1348
2.7,21.23,99.8,99.4,36.57,-0.085,1794,1354
2.71,21.23,98.9,99.7,36.29,-0.076,1802,1350
2.72,21.23,100.7,100.1,36.23,-0.062,1785,1352
2.73,21.22,102.4,99.1,36.34,-0.053,1800,1348
2.74,21.25,100.5,99.9,36.87,-0.041,1795,1345
2.75,21.28,101.2,96.9,36.81,-0.037,1792,1351
2.76,21.29,99.2,97.6,36.3,-0.027,1803,1353
2.77,21.23,99.1,100.3,36.41,-0.016,1798,1344
2.78,21.27,100.3,101.8,36.39,-0.01,1800,1347
2.79,21.19,99,100.6,36.5,-0.009,1800,1346
2.8,21.21,101,99.7,36.5,-0.006,1798,1353
2.81,21.29,100,96.2,36.54,0.001,1807,1347
2.82,21.23,101.8,99.5,35.75,0,1788,1354
2.83,21.22,99.1,102.2,36.26,0.004,1799,1348
2.84,21.19,101.9,101.3,36.19,0.01,1807,1349
2.85,21.29,98.6,101.5,36.58,0.016,1807,1351
2.86,21.25,97.4,97.8,36.26,0.011,1792,1349
2.87,21.22,99.8,97.2,36.45,0.011,1809,1350
2.88,21.24,101.9,99.7,36.03,0.007,1798,1349
2.89,21.22,101.1,99.6,36.62,0.006,1797,1353
2.9,21.27,98.4,100.1,36.13,0,1803,1357
2.91,21.26,100.7,99.3,36.45,-0.003,1796,1351
2.92,21.26,97.9,99.7,36.77,-0.003,1791,1348
2.93,21.25,101.2,100.3,36.36,-0.006,1807,1351
2.94,21.3,102.3,101.8,36.52,-0.011,1796,1351
2.95,21.21,98.2,104.2,36.35,-0.017,1797,1349
2.96,21.24,97.3,97.7,36.83,-0.02,1797,1346
2.97,21.24,99.4,98.4,36.37,-0.023,1803,1347
2.98,21.22,99.5,98.9,36.45,-0.035,1804,1351
2.99,21.26,100.3,98.9,36.49,-0.042,1797,1348
3,21.28,97.1,100.1,36.72,-0.04,1801,1347
3.01,21.25,101.7,99,36.5,-0.053,1797,1350
3.02,21.27,101.4,99,36.31,-0.057,1786,1352
3.03,21.3,101.4,100.4,36.52,-0.067,1814,1349
3.04,21.26,100.2,100,36.44,-0.068,1791,1350
3.05,21.31,99.6,100.6,36.39,-0.07,1802,1351
3.06,21.23,99.9,98.5,36.01,-0.086,1804,1351
3.07,21.22,101.7,99.9,36.41,-0.085,1792,1351
3.08,21.26,99.7,102.1,36.52,-0.086,1796,1355
3.09,21.29,99.5,99.4,36.44,-0.095,1795,1346
3.1,21.28,98.8,98.1,36.22,-0.096,1799,1350
3.11,21.23,102,98.3,36.53,-0.105,1801,1354
3.12,21.26,98.3,99.6,36.91,-0.11,1794,1353
3.13,21.28,100.2,96.2,36.59,-0.11,1807,1350
3.14,21.26,100.8,99,36.61,-0.11,1801,1348
3.15,21.24,100.1,98.8,36.38,-0.123,1807,1351
3.16,21.24,100.8,100.2,36.4,-0.12,1794,1350
3.17,21.3,101.5,98.5,36.64,-0.12,1798,1346
3.18,21.24,98,102.5,36.63,-0.115,1809,1351
3.19,21.26,98.7,100.1,36.23,-0.121,1794,1347
3.2,21.24,99.8,99.8,36.47,-0.125,1808,1351
3.21,21.2,102,100.7,36.44,-0.128,1804,1349
3.22,21.28,101,101.2,36.57,-0.131,1793,1356
3.23,21.26,99.8,98.7,36.44,-0.125,1796,1348
3.24,21.21,99.6,99.5,36.23,-0.125,1799,1353
3.25,21.24,99.9,99.1,36.24,-0.123,1794,1351
3.26,21.24,100.9,98.4,36.31,-0.123,1799,1350
3.27,21.27,102.1,98.9,36.49,-0.124,1802,1350
3.28,21.24,100.3,99.5,36.22,-0.12,1796,1353
3.29,21.3,99.7,102.7,36.42,-0.125,1800,1345
3.3,21.29,103.4,100.6,36.06,-0.111,1800,1355
3.31,21.18,101,97.6,36.63,-0.113,1800,1351
3.32,21.26,98.2,99.9,37.03,-0.109,1812,1349
3.33,21.24,98.7,100.6,36.17,-0.111,1799,1352
3.34,21.22,102,103.4,36.61,-0.107,1800,1350
3.35,21.24,99.4,99.6,36.06,-0.101,1801,1349
3.36,21.21,99.3,99.2,36.74,-0.098,1808,1349
3.37,21.27,100,102.7,35.98,-0.099,1797,1355
3.38,21.28,99.5,98.9,36.55,-0.089,1790,1346
3.39,21.25,99.2,103,36.32,-0.087,1791,1349
3.4,21.26,100.5,100.7,36.41,-0.091,1799,1350
3.41,21.25,97.9,99.3,36.13,-0.087,1792,1353
3.42,21.21,99.6,98,36.68,-0.089,1795,1346
3.43,21.25,102,101.9,36.12,-0.078,1790,1350
3.44,21.26,97.8,101.8,36.32,-0.077,1808,1353
3.45,21.25,98.5,100,36.42,-0.073,1787,1352
3.46,21.28,98.2,101,36.53,-0.07,1800,1346
3.47,21.2,101.6,98.6,36.27,-0.067,1806,1352
3.48,21.23,101.2,98.9,36.52,-0.066,1797,1350
3.49,21.26,100.6,101.4,36.46,-0.068,1799,1347
3.5,21.25,98.3,100.9,36.31,-0.063,1796,1349
3.51,21.22,101,97.4,35.86,-0.063,1802,1353
3.52,21.19,100.9,102.9,36.58,-0.066,1796,1350
3.53,21.23,103.4,102.9,36.44,-0.061,1809,1352
3.54,21.25,101.2,102.4,36.38,-0.061,1796,1353
3.55,21.21,99.9,98.3,36.59,-0.062,1801,1352
3.56,21.25,100.6,100.6,36.18,-0.061,1810,1351
3.57,21.24,97,99.8,36.7,-0.063,1804,1351
3.58,21.21,100.3,99.4,36.06,-0.065,1793,1354
3.59,21.22,101.9,100.4,36.34,-0.057,1798,1352
3.6,21.28,98.6,101.3,36.35,-0.056,1805,1353
3.61,21.24,97.7,99.9,36.07,-0.061,1794,1350
3.62,21.26,98.9,99.7,36.39,-0.059,1795,1348
3.63,21.19,99.2,99.7,35.9,-0.066,1795,1349
3.64,21.25,100.1,99,36.48,-0.064,1810,1351
3.65,21.24,100.3,98.2,36.62,-0.065,1803,1343
3.66,21.25,99.6,101.2,36.29,-0.065,1803,1352
3.67,21.28,100.8,97.3,36.32,-0.063,1806,1353
3.68,21.25,98.3,99.1,36.52,-0.063,1797,1348
3.69,21.21,100.6,100.8,36.46,-0.068,1792,1350
3.7,21.25,98.9,102.1,36.1,-0.067,1814,1353
3.71,21.26,116.6,99.5,36.43,-0.07,1798,1353
3.72,21.22,134.5,105.3,36.57,-0.067,1800,1352
3.73,21.31,150.2,102.8,36.84,-0.071,1803,1350
3.74,21.22,166.1,100.3,36.31,-0.075,1790,1347
3.75,21.27,181.6,99.1,36.47,-0.081,1786,1346
3.76,21.24,200.6,102.5,39.6,-0.079,1806,1350
3.77,21.26,219.1,96.9,44.99,-0.076,1792,1350
3.78,21.32,231.6,102.2,50.12,-0.066,1795,1360
3.79,21.32,247.6,101.6,54.41,-0.072,1801,1348
3.8,21.34,263,102.4,58.22,-0.072,1799,1352
3.81,21.38,281.5,100.9,61.55,-0.058,1796,1352
3.82,21.39,298.6,100.1,63.95,-0.055,1802,1361
3.83,21.41,314.3,98.3,66.68,-0.045,1816,1355
3.84,21.56,333,102.2,68.92,-0.038,1791,1363
3.85,21.6,348.5,101.9,70.81,-0.028,1792,1365
3.86,21.67,363.9,101.1,71.86,-0.016,1806,1368
3.87,21.79,382.1,99.3,73.18,-0.001,1804,1369
3.88,21.87,393.3,101.1,74.91,0.012,1798,1374
3.89,21.95,412.5,101.2,75.51,0.028,1800,1375
3.9,22.08,431.4,97.1,77.22,0.037,1788,1378
3.91,22.2,448.4,98.5,78.21,0.056,1795,1391
3.92,22.37,461.4,97.7,79.1,0.07,1796,1391
3.93,22.49,479.4,102,79.71,0.089,1798,1396
3.94,22.67,496.4,99.3,80.48,0.101,1802,1407
3.95,22.82,512.4,100.9,81.27,0.118,1807,1408
3.96,22.94,527.7,98.3,82.67,0.134,1803,1420
3.97,23.16,543.6,97.6,83.69,0.157,1789,1424
3.98,23.26,560.5,102.6,84.3,0.167,1797,1436
3.99,23.5,579.4,100.5,85.43,0.183,1802,1441
4,23.68,594.4,99.3,86.36,0.198,1802,1450
4.01,23.91,612.3,100.7,87.63,0.213,1813,1463
4.02,24.19,626.9,99.6,88.26,0.227,1807,1466
4.03,24.38,646.2,99.6,88.8,0.238,1800,1475
4.04,24.6,654,97.8,87.84,0.252,1794,1484
4.05,24.89,649.9,100,84.6,0.257,1812,1494
4.06,25.1,647.3,100.4,80.48,0.261,1793,1504
4.07,25.36,652.4,99,76.82,0.277,1798,1510
4.08,25.57,648.7,95.5,73.89,0.278,1815,1527
4.09,25.82,650.1,100.5,71.11,0.283,1793,1530
4.1,26.05,649.9,99.4,68.6,0.283,1812,1546
4.11,26.34,650.8,98.3,67.3,0.28,1804,1551
4.12,26.63,650.4,100,65.96,0.272,1806,1562
4.13,26.85,650.6,104.1,65.21,0.267,1791,1576
4.14,27.06,651,99.6,64.57,0.261,1799,1584
4.15,27.31,649,97.3,64.67,0.241,1794,1594
4.16,27.6,649.3,99.7,63.98,0.24,1799,1605
4.17,27.82,650.2,99.6,63.91,0.224,1797,1612
4.18,28.08,648.4,102.5,64.13,0.21,1791,1625
4.19,28.34,647.4,101.9,63.76,0.197,1809,1631
4.2,28.58,653.5,98.6,63.99,0.188,1799,1643
4.21,28.79,648.3,102.4,63.77,0.168,1803,1655
4.22,29.09,650.7,100,63.99,0.161,1803,1665
4.23,29.36,651,101.6,63.34,0.131,1804,1675
4.24,29.5,649.5,100.4,64.03,0.117,1791,1682
4.25,29.81,649.8,102.1,63.97,0.1,1802,1697
4.26,30.07,650.4,100.7,63.82,0.08,1795,1704
4.27,30.38,648.9,100.9,63.87,0.072,1810,1710
4.28,30.56,648.1,100.5,64.37,0.05,1795,1720
4.29,30.85,650,102.1,64.1,0.04,1794,1737
4.3,31.05,650.3,99.6,64.34,0.025,1804,1740
4.31,31.33,648.9,100.7,64.33,0.017,1792,1757
4.32,31.61,648.2,102.4,64.31,0.004,1807,1764
4.33,31.83,649.8,99.7,64.35,-0.009,1804,1772
4.34,32.07,651.3,98.1,65.13,-0.021,1800,1783
4.35,32.32,650.9,99.2,64.78,-0.024,1807,1798
4.36,32.6,651,98.8,64.41,-0.035,1796,1804
4.37,32.83,649.8,101.4,64.42,-0.035,1800,1813
4.38,33.11,648.7,98.9,64.83,-0.04,1801,1828
4.39,33.38,649,99.6,65.28,-0.054,1803,1833
4.4,33.55,649.1,97.5,64.87,-0.05,1797,1848
4.41,33.84,650.8,100.4,64.81,-0.047,1794,1854
4.42,34.06,650.8,100.1,65.3,-0.056,1793,1858
4.43,34.31,640.4,99.1,63.06,-0.05,1787,1873
4.44,34.5,631,101.6,60.55,-0.047,1806,1881
4.45,34.79,621.7,98,58.18,-0.046,1793,1894
4.46,35.02,611.6,97.6,54.85,-0.038,1790,1898
4.47,35.3,602.2,100.1,52.92,-0.035,1797,1914
4.48,35.55,589.3,98.1,50.14,-0.036,1797,1921
4.49,35.75,581.5,100,49.24,-0.033,1803,1931
4.5,35.99,569.1,101.3,47.3,-0.026,1806,1931
4.51,36.1,558.7,101.3,46.97,-0.019,1803,1948
4.52,36.4,550,99.5,45.18,-0.013,1802,1956
4.53,36.58,540.3,100.8,44.6,-0.004,1814,1967
4.54,36.83,529.3,98.9,43.92,0.004,1804,1979
4.55,36.99,520.7,100.1,42.82,0.008,1803,1986
4.56,37.16,510.1,101.3,42.8,0.014,1795,1986
4.57,37.34,500.5,98.9,41.95,0.022,1802,1994
4.58,37.51,490.4,98.5,41.25,0.023,1800,2000
4.59,37.67,481.2,101.1,40.95,0.033,1789,2009
4.6,37.82,470.5,98.9,40.06,0.038,1797,2010
4.61,37.93,462.5,101.6,39.95,0.047,1800,2022
4.62,38.2,451.8,101,39.27,0.045,1796,2028
4.63,38.31,442,100.7,38.34,0.06,1791,2031
4.64,38.41,433.6,100.6,38.58,0.068,1790,2034
4.65,38.59,420.9,97.7,38,0.065,1795,2046
4.66,38.75,412.7,99.6,37.49,0.074,1804,2051
4.67,38.81,402.2,99.3,37.04,0.075,1803,2060
4.68,38.97,392.5,102,36.44,0.086,1798,2051
4.69,39.1,381,102,35.99,0.089,1800,2064
4.7,39.24,372.7,100,35.74,0.094,1794,2073
4.71,39.29,363.1,96.4,34.74,0.099,1796,2072
4.72,39.39,351.5,100.3,34.55,0.106,1803,2078
4.73,39.48,342,100.7,34.12,0.111,1804,2081
4.74,39.63,332.9,97.9,33.15,0.109,1796,2083
4.75,39.72,324.5,96.8,33.17,0.119,1801,2086
4.76,39.84,313,99,32.47,0.125,1804,2097
4.77,39.85,300.7,100,31.66,0.118,1800,2090
4.78,39.91,294.1,101.8,32.01,0.124,1795,2094
4.79,39.98,283.5,101,30.63,0.128,1798,2100
4.8,40.06,273.4,100.8,30.07,0.124,1800,2104
4.81,40.05,264.9,101.7,30.38,0.127,1794,2108
4.82,40.19,253.1,98.6,29.43,0.13,1806,2110
4.83,40.15,243.3,101,28.27,0.135,1791,2106
4.84,40.22,233.6,99.1,27.99,0.132,1793,2113
4.85,40.22,224,97.8,28.16,0.13,1796,2110
4.86,40.19,215.7,100.7,27.44,0.13,1798,2109
4.87,40.29,207,100.7,26.73,0.136,1800,2115
4.88,40.35,194.4,102.2,26.15,0.129,1807,2115
4.89,40.37,184.1,100.5,25.61,0.131,1794,2117
4.9,40.39,174.2,103.1,26.99,0.128,1795,2112
4.91,40.38,167.4,99.2,29.03,0.129,1793,2118
4.92,40.35,156.2,99.3,31.24,0.128,1802,2113
4.93,40.33,144.7,99.2,33.39,0.126,1795,2114
4.94,40.36,134.4,98.7,35.15,0.134,1800,2117
4.95,40.34,127.3,101.8,37.26,0.129,1805,2116
4.96,40.39,113.5,99.5,38.37,0.128,1798,2114
4.97,40.34,108.5,100.3,39.74,0.138,1788,2115
4.98,40.36,99.3,99.1,40.57,0.138,1803,2110
4.99,40.37,100.3,100.5,40.96,0.145,1805,2115
5,40.4,101.9,102,41.01,0.14,1806,2112
5.01,40.36,96.6,101,40.9,0.15,1791,2114
5.02,40.36,96.3,103.4,41.77,0.149,1803,2113
5.03,40.35,99.8,98.5,42.06,0.157,1800,2110
5.04,40.39,102.6,101.3,41.68,0.163,1798,2115
5.05,40.37,100.7,98.2,41.95,0.162,1807,2114
5.06,40.34,102.5,100.7,42.13,0.168,1805,2115
5.07,40.33,100.3,97.8,41.4,0.177,1795,2119
5.08,40.36,100.3,98.9,41.87,0.186,1804,2106
5.09,40.36,97.5,100.8,42.44,0.18,1792,2119
5.1,40.39,102,98.3,41.94,0.193,1805,2112
5.11,40.32,100.6,102.3,41.93,0.19,1796,2118
5.12,40.4,100.7,97.5,42.22,0.192,1794,2116
5.13,40.38,98.5,101.7,41.99,0.2,1795,2113
5.14,40.33,99.5,101,41.98,0.207,1803,2112
5.15,40.35,102.3,101.1,42.24,0.213,1810,2113
5.16,40.39,100.5,101,42.32,0.22,1803,2112
5.17,40.36,100.7,99.4,41.91,0.218,1796,2114
5.18,40.37,102.9,97.7,42.1,0.226,1801,2110
5.19,40.36,98.9,96.7,42.06,0.227,1804,2116
5.2,40.38,100.6,101.2,42.18,0.228,1804,2114
5.21,40.33,97.9,101.4,42.12,0.235,1814,2116
5.22,40.34,99.4,100.8,42.26,0.24,1792,2111
5.23,40.35,102.4,98.5,42.08,0.236,1806,2113
5.24,40.31,100.7,99.3,41.8,0.242,1801,2113
5.25,40.32,102.6,103.6,41.91,0.239,1789,2117
5.26,40.33,97.8,97.7,42.21,0.246,1805,2115
5.27,40.42,97.4,97.8,41.77,0.24,1793,2109
5.28,40.36,101,99.9,42.22,0.24,1807,2109
5.29,40.37,102.5,98.9,42.27,0.244,1797,2116
5.3,40.35,100.1,97.6,42.5,0.247,1796,2111
5.31,40.36,100.2,97.3,41.42,0.245,1799,2116
5.32,40.34,97.7,100.6,42.59,0.243,1795,2117
5.33,40.4,100,99.5,42.76,0.237,1789,2113
5.34,40.32,97,98.8,42.36,0.238,1793,2112
5.35,40.35,97,99.5,42.43,0.237,1799,2112
5.36,40.34,100.4,100.6,42.53,0.234,1797,2110
5.37,40.31,102.1,100.8,42.23,0.237,1791,2114
5.38,40.27,100,97.7,42.56,0.232,1805,2120
5.39,40.32,97.6,101,42.51,0.226,1817,2113
5.4,40.37,99.3,100.1,42.25,0.227,1806,2117
5.41,40.35,99.4,98.5,42.28,0.221,1797,2117
5.42,40.4,97.7,102.4,42.24,0.225,1788,2114
5.43,40.41,101,98.8,42.17,0.222,1801,2117
5.44,40.37,100,100.2,42.54,0.224,1796,2113
5.45,40.37,98.5,103,41.87,0.217,1799,2113
5.46,40.29,100.4,101.3,41.98,0.214,1793,2109
5.47,40.39,96.6,97.1,42,0.212,1792,2115
5.48,40.33,99.5,99.8,41.85,0.213,1805,2115
5.49,40.4,99.9,101.3,42.15,0.205,1804,2117
5.5,40.33,100.9,100.7,42.29,0.207,1796,2119
5.51,40.44,101.5,98,41.75,0.202,1787,2118
5.52,40.31,101.3,100.8,41.74,0.2,1805,2115
5.53,40.34,98,101.3,41.94,0.194,1796,2113
5.54,40.38,100.2,100.7,42.03,0.199,1807,2117
5.55,40.32,100,99.5,42,0.192,1808,2117
5.56,40.38,96.9,101.5,41.64,0.194,1791,2113
5.57,40.4,98.8,102,42.02,0.19,1803,2120
5.58,40.33,100.8,100.4,42.18,0.196,1815,2114
5.59,40.34,100.2,100.4,42.26,0.188,1794,2112
5.6,40.35,101.1,98.4,42.3,0.184,1804,2116
5.61,40.36,98.6,101.4,42.44,0.196,1810,2113
5.62,40.38,102,97.4,42.63,0.19,1796,2112
5.63,40.39,99.2,100.9,42.16,0.192,1807,2112
5.64,40.36,99.5,99.3,42.27,0.187,1805,2114
5.65,40.35,100.1,99.6,42.05,0.187,1793,2114
5.66,40.36,99.6,99.6,41.85,0.186,1800,2110
5.67,40.35,98.4,101.3,42.46,0.19,1809,2116
5.68,40.35,99.4,100.5,42.26,0.188,1805,2117
5.69,40.37,98.8,100.2,42.27,0.189,1810,2116
5.7,40.36,101,102.5,42.13,0.194,1806,2118
5.71,40.32,102.9,99.6,41.88,0.192,1805,2116
5.72,40.4,101.3,101.3,41.9,0.19,1802,2114
5.73,40.41,100.3,98.5,41.95,0.19,1796,2117
5.74,40.37,98.2,97.6,41.73,0.195,1815,2111
5.75,40.34,98.8,102,42.15,0.192,1802,2114
5.76,40.39,100.5,98.7,42.21,0.195,1793,2113
5.77,40.32,100,100.2,42.19,0.193,1809,2114
5.78,40.29,99.8,102,42.47,0.195,1793,2120
5.79,40.38,99,101.8,41.93,0.201,1807,2117
5.8,40.31,99.4,99.3,42.27,0.198,1800,2113
5.81,40.37,98.8,99,41.86,0.196,1804,2115
5.82,40.37,100.7,100,42.13,0.2,1802,2112
5.83,40.38,98.1,98.1,41.67,0.198,1792,2112
5.84,40.35,101.8,98,42.62,0.198,1798,2116
5.85,40.35,99,100.4,41.89,0.206,1786,2115
5.86,40.34,101.2,99.9,41.93,0.203,1803,2118
5.87,40.38,102.2,103.9,41.84,0.201,1794,2113
5.88,40.38,99.6,98,41.86,0.208,1792,2114
5.89,40.36,98.8,99.4,42.29,0.209,1795,2117
5.9,40.35,98.5,100.6,42.07,0.211,1787,2117
5.91,40.36,98.9,98.8,42.03,0.206,1802,2111
5.92,40.3,98.7,99,41.71,0.213,1801,2111
5.93,40.39,111.1,99.5,42.3,0.212,1802,2113
5.94,40.4,115.7,99.7,41.82,0.213,1797,2113
5.95,40.41,125.6,97.9,42.05,0.217,1799,2114
5.96,40.38,130.8,99.8,42.03,0.21,1786,2109
5.97,40.33,140.1,100.1,42.17,0.21,1808,2119
5.98,40.33,146.9,101.2,41.61,0.214,1802,2112
5.99,40.39,157.7,98.4,42.12,0.214,1803,2119
6,40.35,162.8,101.3,42.13,0.211,1787,2114
6.01,40.41,176.3,98.2,42.03,0.217,1791,2121
6.02,40.33,182.5,97.7,41.8,0.213,1792,2114
6.03,40.36,189.6,101.6,43.76,0.216,1803,2113
6.04,40.39,199.8,96.1,46.34,0.216,1807,2121
6.05,40.39,205.7,99.7,48.81,0.216,1804,2112
6.06,40.37,214.8,97.7,51.13,0.213,1791,2118
6.07,40.42,226.1,99.2,52.93,0.223,1794,2116
6.08,40.42,231.5,99.6,54.38,0.23,1796,2122
6.09,40.46,241.6,101.1,56.54,0.23,1807,2120
6.1,40.41,250.6,100.9,57.52,0.234,1793,2122
6.11,40.46,256.6,97.9,58.38,0.248,1804,2120
6.12,40.52,264.7,100.5,59.47,0.252,1790,2120
6.13,40.55,271.7,100.4,59.55,0.253,1806,2125
6.14,40.67,278.6,98.7,60.55,0.265,1803,2125
6.15,40.67,290.7,100.4,61,0.273,1798,2131
6.16,40.7,298.6,100,61.76,0.281,1790,2127
6.17,40.75,304.8,99.9,61.93,0.281,1804,2128
6.18,40.8,316.7,99.4,62.67,0.294,1808,2128
6.19,40.88,321,101.3,63.06,0.31,1808,2138
6.2,41.01,332.5,100.1,64.03,0.316,1793,2138
6.21,41.02,338.6,101.7,64.58,0.333,1806,2140
6.22,41.12,347.9,102.4,64.67,0.331,1798,2143
6.23,41.22,357.9,103.7,65.7,0.341,1799,2148
6.24,41.26,363.8,101.2,65.89,0.354,1793,2156
6.25,41.34,373.7,99.2,66.68,0.359,1801,2152
6.26,41.52,383.8,101.8,66.43,0.373,1812,2157
6.27,41.62,386.9,101.9,67.05,0.383,1802,2162
6.28,41.68,394.1,99.8,67.52,0.385,1792,2166
6.29,41.83,406.2,102.1,68.14,0.39,1812,2175
6.3,41.9,411.9,99.4,68.49,0.401,1810,2173
6.31,42.03,422.7,100.8,69.35,0.408,1803,2180
6.32,42.17,431.8,101.4,69.77,0.415,1810,2187
6.33,42.29,440.7,99.3,69.93,0.418,1797,2190
6.34,42.43,447.7,100.3,70.28,0.422,1791,2198
6.35,42.57,454.4,100.3,70.41,0.433,1801,2200
6.36,42.69,462.7,97.9,71.38,0.433,1796,2206
6.37,42.88,471.6,97.9,72.4,0.437,1801,2217
6.38,42.96,479.3,100.5,72.56,0.444,1796,2214
6.39,43.17,485.6,99.2,72.75,0.443,1807,2228
6.4,43.34,493.3,99.1,73.46,0.448,1798,2232
6.41,43.5,503,101.1,73.7,0.441,1805,2241
6.42,43.63,512.9,98.9,74.22,0.45,1806,2247
6.43,43.82,521.3,99.5,74.44,0.449,1796,2249
6.44,44.01,527.1,100.4,75.2,0.451,1797,2256
6.45,44.18,539.2,101.8,75.62,0.455,1810,2259
6.46,44.37,545.5,102.3,76.09,0.453,1800,2278
6.47,44.56,553.4,97.5,76.56,0.456,1804,2277
6.48,44.76,561.6,101,77.14,0.452,1806,2291
6.49,44.92,570.2,100.8,77.39,0.454,1794,2303
6.5,45.18,580.5,98.5,78.34,0.453,1806,2313
6.51,45.33,584.6,99.6,79.3,0.45,1800,2310
6.52,45.6,594.7,99.1,79.44,0.447,1805,2318
6.53,45.77,604,101.4,79.47,0.445,1809,2333
6.54,45.99,614.9,100.8,80.12,0.452,1802,2343
6.55,46.26,620.2,100.5,80.81,0.448,1791,2348
6.56,46.41,629,102.3,81.41,0.45,1804,2358
6.57,46.71,636.5,98.2,82,0.441,1802,2367
6.58,46.92,645.7,98.2,82.47,0.448,1809,2381
6.59,47.18,648.7,98.8,82.18,0.45,1805,2388
6.6,47.41,650.7,99.3,81.03,0.438,1808,2399
6.61,47.66,650.6,98,79.28,0.449,1804,2407
6.62,47.91,649.5,101.2,77.45,0.443,1807,2418
6.63,48.15,648.3,99.5,75.23,0.436,1804,2425
6.64,48.42,649.2,101.6,73.75,0.443,1803,2432
6.65,48.67,650,102.8,72.68,0.436,1799,2443
6.66,48.92,651,100.5,71.71,0.429,1801,2456
6.67,49.17,651.4,98.9,71.76,0.43,1806,2471
6.68,49.35,652.3,99.4,71.66,0.418,1795,2477
6.69,49.59,648.1,99.3,70.99,0.422,1793,2488
6.7,49.9,650.6,99.1,70.68,0.412,1806,2499
6.71,50.15,652.7,99.6,69.9,0.403,1791,2502
6.72,50.32,652.2,100.5,69.86,0.396,1807,2518
6.73,50.67,643.5,103.3,68.65,0.389,1807,2531
6.74,50.88,636.4,100.2,66.67,0.378,1810,2539
6.75,51.09,628.8,99,64.72,0.374,1797,2539
6.76,51.42,620.9,98.7,63.33,0.369,1798,2558
6.77,51.65,616.8,99.4,61.43,0.364,1792,2560
6.78,51.84,610.4,99.2,59.93,0.353,1812,2572
6.79,52.13,606.4,100.8,59.15,0.345,1801,2581
6.8,52.27,595,99.3,58.6,0.337,1801,2596
6.81,52.48,590.2,94,57.72,0.335,1798,2600
6.82,52.74,582.3,101,57.04,0.326,1800,2614
6.83,53.01,577.1,102.6,56.66,0.32,1799,2617
6.84,53.2,571.2,101.1,55.98,0.315,1790,2630
6.85,53.38,565.3,101.5,55.73,0.306,1807,2633
6.86,53.56,558.7,98.5,55.6,0.299,1804,2641
6.87,53.83,553.6,99.7,54.62,0.297,1809,2650
6.88,53.97,544.5,99.3,54,0.294,1803,2656
6.89,54.25,538.4,101.5,54.19,0.291,1795,2670
6.9,54.4,533.1,99,53.88,0.286,1804,2677
6.91,54.62,525.4,98.6,53.87,0.279,1794,2685
6.92,54.78,516.7,99.5,53.41,0.28,1794,2693
6.93,54.94,512.3,99,53.06,0.279,1804,2699
6.94,55.11,504.2,99.8,52.55,0.282,1796,2705
6.95,55.33,498.9,99.1,53.11,0.275,1799,2713
6.96,55.47,489.1,100.9,52.33,0.277,1797,2717
6.97,55.62,485.9,100.3,52.26,0.278,1798,2723
6.98,55.8,479.2,104,51.61,0.281,1793,2735
6.99,55.97,473.7,102.8,51.35,0.279,1791,2744
7,56.15,463.3,100.7,50.79,0.289,1791,2751
7.01,56.28,456,100.1,50.82,0.289,1805,2752
7.02,56.49,449.8,101.3,49.93,0.294,1790,2758
7.03,56.58,445.9,102.1,50.13,0.307,1797,2763
7.04,56.7,440,99.2,49.64,0.306,1808,2772
7.05,56.88,432.2,100,49.34,0.31,1814,2774
7.06,57.05,427,103.9,48.58,0.317,1798,2780
7.07,57.17,421.3,99.9,48.81,0.314,1800,2785
7.08,57.27,411.9,99.8,48.31,0.326,1797,2789
7.09,57.39,402.8,99.7,48.22,0.336,1798,2796
7.1,57.55,399.3,101.9,47.43,0.343,1794,2799
7.11,57.64,393.1,101.3,47.67,0.349,1798,2809
7.12,57.81,383.1,99.8,46.87,0.354,1800,2809
7.13,57.88,380.3,101.1,47.06,0.363,1811,2808
7.14,58.07,371.7,101.2,46.77,0.369,1789,2814
7.15,58.06,365.3,100.5,46.52,0.379,1801,2825
7.16,58.18,361.8,101.9,46.06,0.382,1804,2826
7.17,58.35,350.9,100.1,45.47,0.396,1796,2833
7.18,58.39,345.5,101.8,45.57,0.396,1795,2842
7.19,58.48,339.9,99.9,45.01,0.402,1802,2839
7.2,58.54,334,101.6,44.77,0.413,1808,2848
7.21,58.68,326.2,98.8,43.96,0.417,1798,2848
7.22,58.75,320.9,100.2,43.87,0.425,1814,2850
7.23,58.88,313.6,99.9,44.22,0.428,1797,2852
7.24,58.91,306.4,100.9,43.15,0.434,1812,2858
7.25,58.96,301,100,43.16,0.44,1806,2858
7.26,59.08,293.9,100,42.8,0.446,1806,2858
7.27,59.08,289,97.5,42.26,0.445,1800,2865
7.28,59.12,280.4,99.4,42.33,0.446,1805,2869
7.29,59.25,276.2,102.1,41.66,0.454,1792,2867
7.3,59.2,270.1,99,41.38,0.457,1791,2866
7.31,59.34,260.8,98.4,40.88,0.458,1806,2869
7.32,59.34,253.7,98.2,40.83,0.459,1803,2871
7.33,59.37,247.7,101.6,40.05,0.461,1809,2875
7.34,59.42,242.1,98.9,39.98,0.462,1795,2875
7.35,59.51,234.4,100.4,39.12,0.467,1799,2884
7.36,59.44,227.6,101.3,39.35,0.466,1794,2879
7.37,59.51,222.3,101.5,39.11,0.467,1795,2882
7.38,59.58,214.1,99.8,38.75,0.464,1792,2880
7.39,59.58,204.7,104.4,38.4,0.466,1805,2883
7.4,59.59,202,98.1,37.83,0.466,1796,2885
7.41,59.6,193.9,98,37.56,0.459,1802,2882
7.42,59.54,188,101.7,37.2,0.466,1799,2884
7.43,59.61,184.1,99.6,37.16,0.461,1788,2887
7.44,59.65,175.1,99.6,38.52,0.459,1795,2886
7.45,59.65,165.4,99,40.21,0.456,1794,2885
7.46,59.66,161,100.9,41.44,0.459,1794,2885
7.47,59.61,154.4,98.5,43.03,0.453,1805,2884
7.48,59.66,150.1,101,44.02,0.452,1797,2882
7.49,59.64,142.6,101.2,44.94,0.457,1803,2883
7.5,59.62,136.3,100.1,45.48,0.448,1796,2882
7.51,59.58,127.7,100,46.25,0.447,1794,2884
7.52,59.67,120.6,99.7,46.35,0.45,1802,2887
7.53,59.61,113.5,100.2,47.22,0.457,1801,2880
7.54,59.63,108.5,100,47.35,0.455,1790,2883
7.55,59.65,102.1,99.7,47.8,0.455,1808,2885
7.56,59.67,98,100.3,47.64,0.465,1796,2882
7.57,59.6,101.1,99.1,47.53,0.458,1798,2882
7.58,59.59,102.6,98.7,47.49,0.458,1803,2889
7.59,59.6,99,102.8,47.6,0.465,1804,2887
7.6,59.61,100.6,97.6,48.08,0.462,1799,2889
7.61,59.67,101,97.8,47.73,0.471,1796,2884
7.62,59.64,99,100.9,47.56,0.471,1799,2887
7.63,59.67,97.7,99.9,47.22,0.48,1798,2887
7.64,59.66,101,100.1,48.29,0.476,1801,2882
7.65,59.56,101.2,100.5,47.28,0.475,1802,2885
7.66,59.62,100.3,99.7,48.43,0.479,1806,2889
7.67,59.63,101,99.7,47.9,0.484,1797,2881
7.68,59.6,99.7,100.4,47.77,0.481,1801,2884
7.69,59.59,101.3,99.9,47.77,0.489,1798,2886
7.7,59.63,99.2,98.9,48.05,0.488,1791,2885
7.71,59.61,101.2,100.1,47.81,0.497,1808,2890
7.72,59.6,100.1,100.4,47.63,0.494,1799,2885
7.73,59.66,100.7,103.2,47.8,0.502,1800,2884
7.74,59.65,99.8,100.7,47.65,0.501,1789,2885
7.75,59.64,98.6,98.6,47.81,0.504,1793,2886
7.76,59.59,101,100.8,47.72,0.507,1805,2887
7.77,59.6,98.4,98.8,47.8,0.505,1801,2887
7.78,59.62,102.1,99.1,48.03,0.506,1793,2886
7.79,59.61,98.6,98.6,48.14,0.51,1803,2886
7.8,59.62,99,98.9,47.99,0.509,1797,2886
7.81,59.61,99.5,100,47.96,0.509,1802,2886
7.82,59.6,101.5,98.9,47.93,0.512,1795,2885
7.83,59.67,102.7,101.3,47.84,0.51,1800,2882
7.84,59.67,98.1,99.5,47.97,0.515,1795,2884
7.85,59.65,102.4,103,47.76,0.512,1803,2888
7.86,59.57,99.3,104.4,47.82,0.513,1791,2886
7.87,59.63,99.1,101.1,48.34,0.515,1796,2885
7.88,59.59,100,100.1,48.04,0.524,1799,2888
7.89,59.6,99.3,100.4,47.9,0.509,1797,2887
7.9,59.64,100.2,98.7,47.8,0.512,1803,2882
7.91,59.68,101.4,99.8,47.86,0.512,1795,2885
7.92,59.62,99,100.8,47.93,0.518,1802,2884
7.93,59.63,97.2,98.2,47.89,0.516,1794,2889
7.94,59.67,98,102.6,47.73,0.506,1813,2889
7.95,59.67,99.4,100.4,47.57,0.514,1805,2884
7.96,59.62,98.7,100.6,48.09,0.511,1808,2883
7.97,59.6,101.3,98.3,47.83,0.508,1812,2885
7.98,59.62,98.5,101.1,47.68,0.507,1802,2888
7.99,59.66,99.7,99.7,47.93,0.507,1808,2884
8,59.64,100.5,103,48.01,0.505,1797,2888
8.01,59.59,101.3,99.5,47.74,0.504,1802,2887
8.02,59.65,101.9,97.5,48.07,0.499,1795,2885
8.03,59.64,100.1,100.6,47.53,0.495,1804,2888
8.04,59.63,98.6,101,47.89,0.498,1806,2892
8.05,59.62,100.9,99.1,47.52,0.499,1799,2884
8.06,59.63,100.4,101.5,47.51,0.495,1796,2889
8.07,59.63,101.5,103.5,47.76,0.496,1814,2888
8.08,59.62,101.7,98.9,48.12,0.492,1801,2883
8.09,59.65,100.6,101.2,48.07,0.494,1797,2883
8.1,59.64,97.9,98.8,47.8,0.494,1803,2881
8.11,59.58,97.5,100,48.19,0.491,1797,2886
8.12,59.65,100.9,99.6,47.67,0.488,1799,2890
8.13,59.63,100.2,100.1,48.57,0.494,1803,2889
8.14,59.65,100.5,97.9,47.85,0.482,1796,2892
8.15,59.71,99.8,101.6,47.95,0.492,1797,2891
8.16,59.65,101.3,101.6,47.88,0.492,1800,2885
8.17,59.62,100,98.3,47.87,0.485,1802,2886
8.18,59.59,99,101.4,47.51,0.484,1803,2884
8.19,59.67,98.5,99.8,47.33,0.484,1805,2886
8.2,59.61,100.5,99.1,47.8,0.483,1802,2884
8.21,59.63,100.7,101,47.58,0.489,1812,2886
8.22,59.58,100.6,100.3,48.17,0.485,1798,2883
8.23,59.71,104.2,102.2,47.78,0.487,1801,2885
8.24,59.62,111.7,102.3,47.84,0.491,1806,2886
8.25,59.65,117.2,98.6,47.38,0.481,1797,2886
8.26,59.58,127,101.4,48.08,0.485,1808,2885
8.27,59.62,131.5,98.1,47.46,0.486,1810,2882
8.28,59.64,141.9,100.3,48.22,0.481,1808,2893
8.29,59.64,145.1,99.3,47.86,0.487,1798,2883
8.3,59.66,152.7,101.4,47.98,0.483,1801,2882
8.31,59.65,159.9,99.1,47.6,0.49,1808,2886
8.32,59.63,164.6,102.3,47.39,0.49,1798,2884
8.33,59.65,172.9,104,48.05,0.491,1800,2882
8.34,59.62,178.4,98.3,47.79,0.489,1799,2890
8.35,59.64,185.2,99.8,48.48,0.492,1801,2883
8.36,59.63,191.5,99.4,50.49,0.492,1803,2884
8.37,59.65,200.2,98.9,52.22,0.494,1806,2886
8.38,59.64,204.4,99.5,54.27,0.49,1804,2880
8.39,59.63,212.5,101,55.94,0.502,1793,2886
8.4,59.69,218.1,99,57.24,0.501,1811,2887
8.41,59.69,227.2,100,58.88,0.512,1797,2889
8.42,59.68,232.1,101.6,59.72,0.509,1796,2885
8.43,59.69,237.9,99.8,60.44,0.525,1794,2886
8.44,59.74,244,100.2,61.16,0.536,1800,2889
8.45,59.8,251.7,98.2,61.5,0.531,1799,2892
8.46,59.79,256.3,99.2,62.26,0.546,1797,2896
8.47,59.84,263.5,98.7,62.68,0.552,1803,2889
8.48,59.86,268.3,101,63.57,0.563,1811,2890
8.49,59.93,278.1,100.2,64.03,0.572,1799,2900
8.5,59.92,282.7,96.8,64.17,0.581,1803,2900
8.51,60,288.6,100.1,64.98,0.589,1795,2903
8.52,60.06,299,101.1,65.11,0.598,1807,2906
8.53,60.14,305.1,101.1,65.24,0.605,1802,2908
8.54,60.15,310.3,99.2,65.83,0.619,1791,2910
8.55,60.29,318.8,98.6,66.45,0.628,1812,2911
8.56,60.33,325.4,97.9,65.98,0.637,1804,2918
8.57,60.38,332.3,100.3,67.2,0.644,1806,2917
8.58,60.54,340.1,100.7,67.19,0.65,1792,2916
8.59,60.61,342,100,67.54,0.662,1791,2918
8.6,60.67,351.7,99.1,68.13,0.669,1808,2928
8.61,60.73,358.3,98.4,68.95,0.679,1792,2932
8.62,60.86,368,103.1,68.69,0.679,1807,2931
8.63,60.93,371.8,100.9,69.21,0.693,1811,2935
8.64,61.06,379.1,100.5,69.24,0.691,1789,2940
8.65,61.19,384.9,101.4,70.38,0.703,1792,2946
8.66,61.22,388.4,99.7,70.34,0.711,1792,2947
8.67,61.3,396.7,98.3,70.72,0.711,1809,2952
8.68,61.47,403.6,100,71.43,0.715,1794,2958
8.69,61.6,408.3,104,71.82,0.719,1799,2964
8.7,61.67,416.3,101.5,71.74,0.719,1808,2971
8.71,61.76,421.8,99.1,72.46,0.724,1796,2970
8.72,61.93,429.5,101.1,72.42,0.717,1791,2975
8.73,62.06,437.9,98.9,73.2,0.717,1801,2978
8.74,62.22,441.7,99.8,73.44,0.734,1799,2985
8.75,62.31,449.9,100.7,73.71,0.722,1790,2995
8.76,62.46,456.3,102,74.13,0.73,1803,3002
8.77,62.67,464.9,99.5,74.56,0.73,1799,3004
8.78,62.74,470.7,98.3,74.61,0.731,1799,3009
8.79,62.9,477.2,99.3,75.31,0.724,1794,3015
8.8,63,484.2,99.2,75.9,0.726,1800,3022
8.81,63.19,490.3,99.7,76.13,0.722,1806,3030
8.82,63.34,497.4,102.8,76.14,0.72,1812,3032
8.83,63.47,503.4,96.6,76.76,0.719,1808,3041
8.84,63.7,509.7,101.7,77.02,0.724,1801,3046
8.85,63.85,517.9,101.7,77.74,0.719,1801,3056
8.86,64.06,522.1,99.9,78.55,0.716,1800,3063
8.87,64.23,528.3,97.9,78.29,0.712,1784,3073
8.88,64.47,535.1,99.8,78.78,0.709,1791,3074
8.89,64.58,545,100.6,79.65,0.708,1802,3087
8.9,64.78,549.1,99.2,79.47,0.711,1796,3091
8.91,64.97,555.6,101,80.29,0.707,1791,3099
8.92,65.18,565.2,98.9,80.3,0.709,1796,3105
8.93,65.34,567.7,103.4,81.38,0.704,1799,3114
8.94,65.59,576.8,97.6,80.97,0.705,1803,3121
8.95,65.8,583.7,96.7,81.65,0.707,1805,3128
8.96,65.99,590.7,99.5,82.43,0.709,1802,3139
8.97,66.24,594.4,98.7,82.31,0.711,1802,3150
8.98,66.48,602.7,100.4,83.61,0.705,1786,3156
8.99,66.62,606.2,102.6,83.8,0.703,1807,3166
9,66.86,614.8,100.4,83.92,0.707,1801,3175
9.01,67.09,620.4,99.3,84.11,0.71,1800,3181
9.02,67.31,627.4,100.5,84.58,0.713,1802,3194
9.03,67.58,635.4,97.1,84.82,0.719,1797,3200
9.04,67.78,641.2,100.6,85.69,0.712,1809,3211
9.05,68.04,646.2,99.5,85.82,0.717,1807,3220
9.06,68.29,648.8,102.9,85.47,0.719,1790,3231
9.07,68.53,650.2,99.1,84.56,0.723,1811,3246
9.08,68.77,649.1,101.4,82.55,0.721,1803,3254
9.09,69.01,649.8,101.3,80.81,0.727,1802,3262
9.1,69.33,648.5,99.6,80.34,0.729,1799,3272
9.11,69.51,652.3,99.4,79.06,0.728,1805,3280
9.12,69.79,648.2,99.5,78.23,0.726,1796,3287
9.13,70.08,649.9,100.3,77.84,0.728,1808,3297
9.14,70.24,650,99.3,77.14,0.728,1808,3311
9.15,70.51,650.8,100,77.04,0.724,1793,3324
9.16,70.75,648.9,97.1,76.79,0.719,1801,3331
9.17,71.04,652,98.5,75.87,0.721,1800,3340
9.18,71.32,650.3,97.9,76.73,0.715,1808,3350
9.19,71.52,648.8,102.4,76.76,0.717,1799,3358
9.2,71.77,651.3,99.7,76.12,0.714,1801,3369
9.21,72.06,651.4,101.7,76.62,0.711,1804,3385
9.22,72.25,651.6,98.3,76.83,0.703,1795,3389
9.23,72.48,648.2,102.9,76.57,0.704,1794,3402
9.24,72.79,649.4,99.8,76.85,0.699,1798,3408
9.25,72.99,649.1,101.8,76.92,0.701,1788,3418
9.26,73.34,651.9,100.7,77.28,0.694,1796,3434
9.27,73.51,652.8,100.6,76.59,0.69,1796,3440
9.28,73.77,645.7,101.2,77.05,0.686,1797,3448
9.29,74.02,649.2,103,76.83,0.685,1783,3464
9.3,74.28,649.1,100.1,77.05,0.68,1787,3468
9.31,74.53,651.3,99.8,76.89,0.684,1807,3480
9.32,74.77,652.5,102.7,77.55,0.678,1790,3487
9.33,74.99,648.8,99,77.36,0.678,1811,3505
9.34,75.29,649.4,99.4,77.5,0.678,1804,3507
9.35,75.5,649,96,77.97,0.677,1805,3522
9.36,75.76,649.4,99,77.17,0.683,1806,3533
9.37,75.96,651,99.1,77.66,0.682,1804,3544
9.38,76.26,651.2,101.3,77.4,0.684,1798,3551
9.39,76.46,642.6,101.7,76.57,0.685,1797,3558
9.4,76.74,638.7,100.9,74.42,0.685,1802,3567
9.41,77.05,631.5,100.2,72.86,0.686,1811,3582
9.42,77.29,621.7,101.1,71,0.689,1810,3589
9.43,77.51,617.1,100.3,69.6,0.698,1804,3596
9.44,77.75,610.4,100.9,67.99,0.698,1803,3607
9.45,77.98,603,102,66.98,0.693,1802,3616
9.46,78.18,598.7,100.5,66.35,0.696,1788,3627
9.47,78.45,591.8,98.6,65.19,0.702,1799,3635
9.48,78.63,585.4,101.2,65.26,0.699,1790,3645
9.49,78.93,578.7,99,64.55,0.7,1794,3654
9.5,79.04,569.8,102.4,63.53,0.703,1798,3662
9.51,79.3,565,99.3,63.23,0.701,1794,3672
9.52,79.52,557.3,101.7,63.14,0.707,1798,3679
9.53,79.67,549.8,101,62.36,0.709,1812,3687
9.54,79.85,546.6,101.1,62.43,0.71,1804,3698
9.55,80.02,537.9,101.3,62.01,0.717,1793,3702
9.56,80.25,531.8,99.5,61.8,0.715,1797,3713
9.57,80.45,525.1,101.1,61.38,0.721,1796,3720
9.58,80.6,517.5,102,61.23,0.721,1801,3723
9.59,80.88,511.7,99,60.55,0.72,1802,3732
9.6,81,504.3,101.9,60.1,0.725,1801,3742
9.61,81.19,500.6,100.6,60.06,0.73,1801,3753
9.62,81.32,488.7,100.6,60.11,0.733,1810,3754
9.63,81.51,485.7,99.2,59.76,0.739,1799,3762
9.64,81.69,479,94.9,59.04,0.738,1800,3768
9.65,81.83,472.7,97.9,59.12,0.739,1821,3776
9.66,82,464.6,102.5,58.86,0.743,1802,3785
9.67,82.18,458.9,97.6,58.58,0.748,1813,3789
9.68,82.34,454.5,98.3,57.74,0.753,1797,3799
9.69,82.43,443.9,98.7,57.46,0.756,1795,3798
9.7,82.66,442,100.7,57.6,0.753,1802,3805
9.71,82.78,431,98.8,57,0.756,1794,3809
9.72,82.93,427.7,98.7,57.05,0.759,1804,3812
9.73,83.04,414.8,98.8,56.98,0.763,1799,3822
9.74,83.19,412.3,97.5,55.97,0.771,1796,3825
9.75,83.25,404.5,99.6,56.15,0.771,1790,3835
9.76,83.43,398.4,99.5,56.17,0.773,1802,3834
9.77,83.56,391.4,101.6,55.07,0.776,1798,3842
9.78,83.62,383.5,101.1,54.71,0.776,1794,3844
9.79,83.74,382.4,97.9,55.06,0.781,1797,3856
9.8,83.88,374.6,99.5,54.1,0.781,1795,3854
9.81,83.94,369.5,98,53.81,0.782,1793,3857
9.82,84.14,360.9,101.3,53.86,0.789,1795,3860
9.83,84.17,352.9,104.2,53.78,0.79,1801,3865
9.84,84.28,345.9,100.9,53.09,0.795,1799,3870
9.85,84.38,339.9,98.7,52.9,0.793,1801,3880
9.86,84.45,333.6,99.8,52.38,0.799,1797,3881
9.87,84.53,322.9,101.5,52.06,0.799,1812,3884
9.88,84.61,318.8,99.2,51.86,0.807,1799,3887
9.89,84.65,313.7,101.6,51.36,0.803,1795,3886
9.9,84.73,307.5,100,50.94,0.805,1801,3898
9.91,84.84,303.6,101.6,50.91,0.809,1801,3895
9.92,84.93,290.5,99.6,50.75,0.811,1806,3894
9.93,84.98,287.6,102.1,50.29,0.813,1800,3895
9.94,85.03,279.1,100.1,49.45,0.815,1804,3904
9.95,85.06,273.3,101.7,49.04,0.82,1797,3910
9.96,85.14,269.2,98.9,48.91,0.819,1794,3906
9.97,85.2,261.2,99,48.87,0.817,1806,3906
9.98,85.23,254.8,102,48.59,0.817,1798,3908
9.99,85.28,248,99.2,48.09,0.816,1796,3910
10,85.31,240.4,97.8,48.15,0.818,1803,3910
10.01,85.31,234.4,103.6,47.52,0.82,1798,3917
10.02,85.4,228,101.9,46.97,0.818,1801,3913
10.03,85.39,221.4,101.2,46.66,0.822,1792,3913
10.04,85.41,213.7,101.9,46.52,0.822,1803,3916
10.05,85.44,209,99.1,45.88,0.824,1798,3917
10.06,85.48,200.6,99.3,45.94,0.828,1800,3919
10.07,85.46,195.3,100,45.5,0.829,1796,3919
10.08,85.49,187.5,97.8,44.81,0.818,1799,3917
10.09,85.47,181.6,99.2,44.63,0.822,1803,3919
10.1,85.5,176.1,100.5,46.06,0.822,1793,3917
10.11,85.51,166.9,101.5,47.68,0.823,1812,3921
10.12,85.49,162.1,100.6,49.32,0.819,1795,3918
10.13,85.48,156.2,99.4,50.56,0.829,1802,3920
10.14,85.48,147.8,99.6,51.79,0.821,1802,3924
10.15,85.5,139.8,99.5,53.01,0.828,1797,3925
10.16,85.49,134.5,101,53.38,0.829,1799,3923
10.17,85.53,129.8,104,54.24,0.829,1813,3921
10.18,85.53,120.9,97.9,54.53,0.828,1803,3924
10.19,85.47,115.8,99.6,54.84,0.84,1796,3919
10.2,85.52,110.5,99.7,55,0.84,1804,3916
10.21,85.57,100.1,99.9,55.38,0.845,1809,3922
10.22,85.52,102.2,99.7,54.93,0.846,1788,3917
10.23,85.52,101.2,98.5,55.67,0.854,1798,3916
10.24,85.48,100.3,99.6,56.11,0.854,1803,3921
10.25,85.55,101.4,101.7,55.81,0.858,1800,3917
10.26,85.53,98.6,100.6,55.61,0.863,1803,3917
10.27,85.5,96.8,98.3,55.47,0.86,1798,3925
10.28,85.52,98.8,101.2,55.85,0.873,1802,3922
10.29,85.56,97.3,100.9,55.67,0.877,1806,3920
10.3,85.51,102.5,102.5,55.25,0.874,1809,3924
10.31,85.54,103.2,102.4,55.82,0.878,1801,3922
10.32,85.49,96.4,98.1,55.45,0.891,1795,3928
10.33,85.55,101.8,101.9,55.78,0.89,1804,3915
10.34,85.49,99.2,101.5,55.34,0.891,1808,3925
10.35,85.45,100.8,100.1,55.59,0.895,1796,3921
10.36,85.48,100,102.9,55.58,0.899,1794,3919
10.37,85.52,101,98.9,55.48,0.901,1798,3922
10.38,85.53,98.7,98.2,55.26,0.903,1786,3923
10.39,85.55,98.6,101,55.49,0.906,1804,3919
10.4,85.48,99.2,100.2,55.95,0.912,1806,3924
10.41,85.53,100.9,100.6,55.68,0.909,1802,3921
10.42,85.47,100.2,101.4,55.47,0.914,1801,3922
10.43,85.45,101.5,100.3,55.66,0.91,1812,3924
10.44,85.51,100.3,101.8,55.81,0.91,1798,3916
10.45,85.54,100.1,102,55.39,0.907,1799,3913
10.46,85.49,99.2,100,55.81,0.905,1802,3921
10.47,85.52,99.4,101.6,55.6,0.916,1796,3918
10.48,85.51,101.6,100.8,55.54,0.915,1806,3920
10.49,85.51,97.5,103,55.8,0.913,1805,3917
10.5,85.48,101.1,99.9,55.85,0.917,1795,3922
10.51,85.48,100,100.3,55.5,0.9,1796,3920
10.52,85.52,100.9,99.2,55.71,0.914,1795,3917
10.53,85.48,101,99.3,55.7,0.907,1804,3922
10.54,85.49,102.1,98.9,55.62,0.904,1803,3915
10.55,85.53,100.1,100,56.3,0.898,1793,3925
10.56,85.57,102.7,99.5,55.35,0.903,1803,3922
10.57,85.54,102.2,100.7,55.54,0.903,1792,3923
10.58,85.51,101.6,100.2,55.65,0.904,1796,3922
10.59,85.52,97.5,100.7,55.46,0.898,1797,3917
10.6,85.47,99.8,100,55.93,0.899,1805,3920
10.61,85.53,99,100,55.46,0.895,1808,3928
10.62,85.5,99.3,97.1,55.81,0.895,1795,3918
10.63,85.53,97.4,100.3,55.9,0.889,1801,3916
10.64,85.54,102.3,98.5,55.19,0.893,1800,3922
10.65,85.48,100.8,97.1,55.36,0.884,1812,3920
10.66,85.54,100.9,99.4,55.44,0.888,1795,3918
10.67,85.48,100.9,100.3,55.98,0.882,1795,3923
10.68,85.45,102.8,102.2,56.04,0.886,1797,3920
10.69,85.46,100.8,100.8,55.8,0.88,1797,3916
10.7,85.53,100.4,96.5,55.65,0.881,1805,3920
10.71,85.49,100.8,101.2,55.91,0.875,1809,3917
10.72,85.5,100,99.2,55.84,0.867,1797,3925
10.73,85.48,98.7,100.7,55.81,0.876,1807,3919
10.74,85.53,99.5,100.8,56.13,0.871,1800,3923
10.75,85.54,97.4,98.9,55.34,0.871,1794,3916
10.76,85.46,98.6,99.9,55.11,0.868,1795,3915
10.77,85.48,98.2,101.8,55.6,0.871,1802,3915
10.78,85.46,99.2,104.4,55.35,0.869,1804,3918
10.79,85.51,99.8,101.7,55.52,0.869,1785,3924
10.8,85.53,100.2,98.7,55.56,0.867,1798,3919
10.81,85.52,99.8,98.2,56.1,0.867,1801,3923
10.82,85.55,100,99.6,55.87,0.868,1801,3919
10.83,85.51,98.9,101,55.8,0.866,1800,3917
10.84,85.46,98.8,99.5,55.74,0.868,1797,3921
10.85,85.42,99.3,99.7,55.77,0.864,1791,3921
10.86,85.55,98.1,98.3,55.44,0.867,1796,3916
10.87,85.52,98.5,99.9,55.59,0.868,1799,3916
10.88,85.52,99.4,100.9,56.02,0.871,1802,3927
10.89,85.49,99,103.7,55.68,0.867,1793,3929
10.9,85.51,99,112.3,55.5,0.873,1798,3922
10.91,85.51,98.5,115.6,55.36,0.876,1804,3922
10.92,85.53,100.1,121.7,55.69,0.875,1791,3921
10.93,85.52,103.8,127.3,55.86,0.871,1808,3927
10.94,85.49,95.8,132.8,55.61,0.871,1798,3917
10.95,85.53,97.6,139.3,55.57,0.87,1796,3922
10.96,85.5,97.5,144.6,55.91,0.873,1800,3922
10.97,85.53,98.2,148.8,55.76,0.87,1795,3920
10.98,85.52,98.7,155.5,55.85,0.874,1807,3920
10.99,85.47,99.8,162.7,55.67,0.876,1801,3916
11,85.52,98.6,165.3,55.87,0.88,1795,3923
11.01,85.51,100.2,172.1,55.71,0.883,1805,3922
11.02,85.52,103,178.4,55.28,0.883,1794,3921
11.03,85.52,101.5,182,56,0.881,1791,3919
11.04,85.5,100.6,187.4,54.66,0.88,1807,3919
11.05,85.54,99.2,193.6,52.49,0.878,1797,3917
11.06,85.43,100,197.6,50.94,0.881,1806,3917
11.07,85.47,99.3,206.8,48.77,0.877,1798,3920
11.08,85.48,100.2,211.9,47.56,0.873,1795,3920
11.09,85.5,100,214.6,46.03,0.87,1796,3915
11.1,85.47,101.5,222.3,45.5,0.859,1798,3921
11.11,85.46,103.2,226.5,44.5,0.86,1801,3921
11.12,85.39,99.2,229.8,44.38,0.854,1805,3915
11.13,85.39,98.5,240.1,43.75,0.843,1801,3915
11.14,85.41,99.6,243.1,43.23,0.837,1807,3911
11.15,85.37,101.7,247.5,42.92,0.826,1808,3910
11.16,85.25,99.5,254.8,42.11,0.819,1799,3906
11.17,85.18,100,260,42.28,0.804,1793,3915
11.18,85.19,99.6,266.3,42.21,0.795,1795,3907
11.19,85.11,100.7,267.9,42.06,0.786,1801,3903
11.2,85.05,100.8,278.1,41.93,0.772,1792,3902
11.21,85.01,98.9,281.1,41.75,0.767,1793,3906
11.22,84.98,100.4,287.8,41.67,0.755,1796,3900
11.23,84.92,101.3,292.8,41.69,0.737,1804,3899
11.24,84.79,99.5,299.3,41.87,0.73,1796,3893
11.25,84.73,98.9,302.5,41.17,0.715,1815,3891
11.26,84.65,97.7,309.8,41.24,0.706,1796,3884
11.27,84.58,100.1,314.5,41.18,0.693,1804,3882
11.28,84.48,99.9,317.8,40.67,0.691,1806,3886
11.29,84.43,100.1,328.8,41.22,0.67,1796,3880
11.3,84.32,100.7,329.7,40.88,0.671,1792,3875
11.31,84.29,96.6,338.6,40.79,0.66,1809,3867
11.32,84.16,102.5,341.9,40.15,0.655,1805,3867
11.33,84.06,101.5,346.5,40.43,0.643,1805,3864
11.34,83.97,101.1,353.5,40.32,0.637,1798,3858
11.35,83.87,100.5,359.4,40.36,0.634,1797,3849
11.36,83.74,100.9,364.5,39.98,0.634,1803,3851
11.37,83.66,96.1,371.3,39.92,0.625,1797,3849
11.38,83.53,99.4,375.2,39.8,0.616,1802,3838
11.39,83.37,100.7,383.3,39.77,0.62,1804,3841
11.4,83.26,101.7,387.9,39.61,0.615,1808,3828
11.41,83.17,100.7,388.7,39.44,0.609,1800,3825
11.42,82.93,100.4,396.5,39.45,0.609,1799,3821
11.43,82.9,97,404.1,39.58,0.608,1813,3816
11.44,82.73,99.1,407.9,39.36,0.607,1797,3812
11.45,82.57,100.5,412.5,39.34,0.609,1801,3806
11.46,82.42,100.4,417.7,38.44,0.612,1799,3795
11.47,82.31,102.9,423.3,38.61,0.613,1792,3785
11.48,82.16,100,427.1,38.47,0.603,1802,3785
11.49,81.99,100.9,437.9,38.44,0.615,1794,3777
11.5,81.83,100.1,440.8,38.35,0.624,1807,3770
11.51,81.68,97.3,444.5,38.45,0.617,1807,3768
11.52,81.49,99.5,450.6,38.48,0.616,1797,3757
11.53,81.33,104.2,457,37.64,0.623,1808,3764
11.54,81.23,100.1,463.6,37.99,0.624,1794,3744
11.55,80.97,99.1,471.2,37.55,0.623,1790,3739
11.56,80.76,98.5,473,37.37,0.632,1795,3732
11.57,80.66,99.9,480.2,37.12,0.638,1794,3726
11.58,80.38,99.5,485.4,37.01,0.635,1802,3715
11.59,80.28,99.6,489.3,37.02,0.639,1794,3710
11.6,80.1,101,499.3,36.8,0.642,1807,3697
11.61,79.81,98,503.1,36.87,0.644,1804,3694
11.62,79.62,100.7,506.1,36.65,0.641,1803,3683
11.63,79.46,99.2,512.8,36.49,0.656,1801,3676
11.64,79.24,101.2,518.1,36.24,0.651,1803,3673
11.65,79.04,101.6,525.4,36.2,0.657,1804,3667
11.66,78.87,99.7,526.8,36.08,0.651,1804,3647
11.67,78.63,99.7,532.9,35.73,0.652,1801,3645
11.68,78.35,100.9,542.5,35.75,0.659,1802,3635
11.69,78.13,100.3,548.3,35.41,0.657,1793,3626
11.7,77.93,100.1,553,35.2,0.656,1811,3619
11.71,77.73,98.8,557.4,35.19,0.65,1803,3603
11.72,77.45,101.6,562.6,35.02,0.653,1805,3602
11.73,77.2,99.1,567.8,34.37,0.653,1797,3584
11.74,76.93,97.8,574.5,34.5,0.646,1796,3573
11.75,76.68,99,578.3,34.15,0.648,1793,3577
11.76,76.5,98.5,583.4,34.31,0.645,1788,3557
11.77,76.28,99.6,588.9,34.38,0.638,1804,3551
11.78,76.02,98.6,593.7,33.57,0.638,1797,3541
11.79,75.67,100.4,601.4,33.99,0.632,1801,3527
11.8,75.45,100.8,604,33.59,0.627,1795,3520
11.81,75.16,99.8,612.7,33.45,0.626,1798,3508
11.82,74.88,97.9,617.7,33.29,0.617,1791,3498
11.83,74.57,96.4,622.4,33.07,0.614,1793,3485
11.84,74.39,101,628.3,33.03,0.609,1794,3476
11.85,74.1,99.1,622.6,35.72,0.606,1804,3461
11.86,73.75,97.4,613.3,39.36,0.607,1797,3448
11.87,73.51,99,606.1,43.89,0.597,1796,3436
11.88,73.16,101.9,602.5,46.95,0.605,1794,3435
11.89,72.94,99.4,594.5,49.84,0.608,1806,3420
11.9,72.65,100.1,588.6,52.3,0.604,1811,3405
11.91,72.44,101.5,580.8,54.54,0.607,1794,3403
11.92,72.15,96.9,575.5,55.76,0.615,1801,3390
11.93,71.99,100.4,566.8,56.59,0.629,1800,3379
11.94,71.7,100.6,560.8,57.5,0.639,1802,3366
11.95,71.39,102.7,555.8,57.78,0.647,1796,3358
11.96,71.14,98.7,548.3,58.24,0.663,1802,3352
11.97,70.89,100.7,542.4,59.07,0.676,1807,3339
11.98,70.72,102.6,537.3,58.91,0.686,1799,3330
11.99,70.47,101.7,529,59.31,0.713,1801,3317
12,70.25,101.1,523.9,59.35,0.722,1796,3309
12.01,70.02,99.4,516.1,59.64,0.731,1805,3300
12.02,69.79,98.2,507.6,59.92,0.753,1795,3291
12.03,69.57,99.6,501.9,60.36,0.759,1788,3284
12.04,69.33,101.9,490.7,61.25,0.779,1799,3278
12.05,69.14,99.7,482.9,61.64,0.795,1789,3261
12.06,68.93,99,477.8,62.02,0.816,1807,3261
12.07,68.81,100.8,468.7,62.69,0.824,1807,3254
12.08,68.59,100.2,460.5,63.25,0.841,1805,3239
12.09,68.43,100.2,449.5,63.41,0.857,1796,3238
12.1,68.23,100.3,441.8,63.48,0.872,1802,3233
12.11,68.06,99.4,434.5,63.82,0.889,1792,3225
12.12,67.87,98.5,424.8,64.2,0.891,1805,3218
12.13,67.73,100.1,420.6,64.17,0.915,1812,3211
12.14,67.59,97.6,410.1,64.09,0.916,1805,3199
12.15,67.41,100.1,401.9,63.9,0.924,1798,3196
12.16,67.3,103,394,64.03,0.93,1786,3184
12.17,67.14,100.2,386.9,64.24,0.951,1799,3186
12.18,66.97,99.3,379.8,64.79,0.943,1800,3183
12.19,66.91,99.6,369.3,64.63,0.954,1779,3176
12.2,66.75,99.6,358.8,65.08,0.956,1797,3169
12.21,66.65,97.5,352.5,65.18,0.957,1799,3166
12.22,66.51,100.5,343.2,65.5,0.961,1808,3155
12.23,66.46,100.9,336.1,65.09,0.962,1804,3150
12.24,66.3,101.2,330.5,65.02,0.957,1797,3150
12.25,66.17,100.7,320.2,65.58,0.955,1795,3151
12.26,66.09,103.1,310,65.81,0.952,1794,3143
12.27,66.03,99.6,303.7,66.04,0.953,1801,3142
12.28,65.92,99.7,295.4,66.03,0.943,1807,3136
12.29,65.86,100,284.1,65.98,0.942,1804,3132
12.3,65.79,99.6,277.3,66.2,0.933,1807,3132
12.31,65.69,98.7,271.3,66.52,0.921,1803,3130
12.32,65.67,99.5,259.7,66.78,0.917,1811,3125
12.33,65.6,97.8,252.8,66.81,0.904,1803,3115
12.34,65.55,98.2,246.7,66.48,0.904,1805,3122
12.35,65.54,100.2,237,66.85,0.889,1783,3121
12.36,65.47,98.2,227.2,66.82,0.881,1800,3121
12.37,65.46,98.7,221.1,66.8,0.874,1808,3120
12.38,65.39,103.4,212.8,67.25,0.869,1799,3113
12.39,65.42,99.9,205.5,67.37,0.847,1797,3115
12.4,65.38,98.3,194.4,67.61,0.845,1797,3114
12.41,65.36,99.4,187.3,67.17,0.832,1792,3113
12.42,65.34,98.7,181,66.66,0.822,1798,3111
12.43,65.38,99.7,174.1,64.9,0.809,1804,3111
12.44,65.29,99.6,162.4,61.91,0.798,1803,3113
12.45,65.3,99.2,154.1,60.09,0.788,1800,3117
12.46,65.29,98.7,145.7,57.62,0.768,1789,3115
12.47,65.37,101,138.8,54.9,0.761,1798,3115
12.48,65.31,100.7,127.9,54.05,0.745,1795,3111
12.49,65.29,100.2,122.6,52.84,0.734,1801,3117
12.5,65.31,102,114.8,52.13,0.711,1807,3116
12.51,65.34,100.1,104.9,51.69,0.694,1808,3106
12.52,65.34,102.7,101.2,50.66,0.683,1798,3113
12.53,65.33,99.5,97.7,50.68,0.667,1801,3111
12.54,65.34,100.5,99.5,50.76,0.651,1792,3112
12.55,65.3,100.7,100.9,49.84,0.632,1801,3107
12.56,65.31,101.4,100.3,50.19,0.617,1801,3114
12.57,65.3,103,101,49.79,0.601,1802,3113
12.58,65.3,99.8,99.6,50.15,0.586,1805,3113
12.59,65.33,100.4,97.2,49.89,0.571,1798,3114
12.6,65.29,97.8,102.4,49.48,0.557,1807,3112
12.61,65.27,99.2,97.6,49.97,0.54,1795,3113
12.62,65.3,101,99.1,49.6,0.533,1795,3113
12.63,65.32,100.2,96.9,49.35,0.521,1799,3116
12.64,65.31,101.1,98.8,49.34,0.503,1793,3114
12.65,65.31,97.8,100.7,49.47,0.497,1809,3114
12.66,65.28,100.8,100,49.42,0.494,1789,3107
12.67,65.32,99.6,101.8,49.83,0.485,1798,3110
12.68,65.31,99.5,101,49.82,0.473,1804,3115
12.69,65.28,101.4,94,49.09,0.47,1800,3109
12.7,65.3,100.9,100.2,49.42,0.463,1792,3115
12.71,65.33,101.8,100.4,49.34,0.463,1810,3111
12.72,65.31,99.5,96.6,49.68,0.457,1803,3108
12.73,65.32,99.6,100.5,49.03,0.455,1794,3113
12.74,65.32,96.9,102.6,49.72,0.46,1804,3113
12.75,65.31,102.9,101.1,49.29,0.457,1796,3114
12.76,65.33,98.3,99.5,49.52,0.459,1790,3118
12.77,65.31,99.6,102,49.66,0.461,1795,3111
12.78,65.31,99.8,103.9,49.66,0.46,1791,3107
12.79,65.35,101.1,100.5,49.14,0.471,1804,3114
12.8,65.32,100.3,98.5,49.58,0.479,1807,3110
12.81,65.34,100.4,100.7,49.82,0.48,1799,3115
12.82,65.32,101.5,98,49.47,0.484,1796,3108
12.83,65.28,99.9,99.2,49.75,0.494,1806,3109
12.84,65.32,100.2,99.4,49.26,0.498,1801,3110
12.85,65.32,101,98.8,49.19,0.507,1796,3109
12.86,65.35,98.9,97.1,49.73,0.508,1800,3112
12.87,65.34,99.2,98.4,49.54,0.512,1794,3113
12.88,65.28,99.7,101.2,49.41,0.529,1809,3110
12.89,65.34,99.7,100.4,49.4,0.531,1805,3115
12.9,65.34,102.2,100.7,49.7,0.543,1814,3115
12.91,65.28,98.3,101.4,49.67,0.562,1802,3113
12.92,65.28,98.3,100.5,49.63,0.56,1801,3113
12.93,65.28,98.6,100.5,49.36,0.569,1802,3111
12.94,65.31,99.8,100.3,49.79,0.577,1806,3109
12.95,65.31,102.2,99.2,49.85,0.587,1809,3113
12.96,65.38,99.6,99.7,49.6,0.589,1797,3111
12.97,65.23,100.8,99.7,49.34,0.593,1799,3115
12.98,65.37,99,99.4,49.65,0.603,1797,3116
12.99,65.33,99.3,98.2,49.45,0.603,1809,3112
13,65.34,98.7,100.4,49.61,0.611,1807,3111
13.01,65.3,98.3,100.7,49.93,0.618,1807,3116
13.02,65.3,97.2,99.1,49.95,0.624,1784,3118
13.03,65.32,99.3,98.4,49.45,0.624,1801,3109
13.04,65.31,101.4,99,49.74,0.629,1792,3112
13.05,65.29,98.9,98.5,49.81,0.636,1810,3109
13.06,65.33,98.8,99.4,49.1,0.641,1802,3114
13.07,65.31,100.2,102.2,49.47,0.636,1787,3116
13.08,65.3,99.1,99.7,49.44,0.641,1803,3108
13.09,65.32,101.6,98.9,49.74,0.636,1802,3110
13.1,65.29,102.3,100,49.38,0.638,1800,3113
13.11,65.29,97.5,96.7,49.76,0.644,1788,3111
13.12,65.35,101.3,99,49.79,0.642,1815,3113
13.13,65.34,103,101.3,49.55,0.635,1803,3112
13.14,65.37,99,101.2,49.62,0.63,1804,3107
13.15,65.29,102.5,100.5,49.48,0.635,1797,3110
13.16,65.35,98.4,100.8,50.04,0.634,1801,3111
13.17,65.28,98.7,99.6,49.53,0.629,1812,3110
13.18,65.3,101.7,100.3,49.77,0.629,1802,3111
13.19,65.28,98.8,99.8,49.47,0.618,1791,3112
13.2,65.33,98.9,97.4,49.7,0.621,1811,3113
13.21,65.29,96.6,100.7,49.73,0.617,1804,3114
13.22,65.31,99.5,101.5,49.7,0.612,1809,3111
13.23,65.34,101.3,99.3,49.48,0.607,1800,3110
13.24,65.36,102.2,100.4,49.81,0.604,1799,3114
13.25,65.31,100.7,100.2,49.42,0.603,1801,3110
13.26,65.28,99.6,102.5,49.45,0.601,1803,3114
13.27,65.26,101.5,101.9,49.58,0.597,1805,3110
13.28,65.33,99.6,99.3,49.39,0.59,1804,3110
13.29,65.33,99.7,97.7,49.76,0.587,1805,3110
13.3,65.28,100.5,100,49.43,0.579,1790,3110
13.31,65.31,102.9,102.5,49.83,0.58,1800,3115
13.32,65.26,98.2,100.6,49.32,0.572,1799,3116
13.33,65.35,97.7,100.2,49.77,0.577,1803,3116
13.34,65.31,101.6,101.6,49.73,0.566,1806,3111
13.35,65.27,101.7,107.6,49.45,0.568,1803,3110
13.36,65.33,98.5,110.2,49.89,0.556,1799,3110
13.37,65.29,97.4,121.4,49.83,0.559,1798,3107
13.38,65.33,98.1,128.3,49.39,0.559,1800,3113
13.39,65.31,100.5,132.9,49.46,0.557,1795,3112
13.4,65.32,99.5,139.1,49.47,0.552,1800,3107
13.41,65.32,97.5,148.1,49.52,0.556,1801,3115
13.42,65.34,100.2,152.8,49.26,0.55,1805,3113
13.43,65.32,101.7,159.1,49.51,0.553,1805,3114
13.44,65.36,99.7,167.1,49.35,0.547,1801,3113
13.45,65.34,99.2,171.4,49.63,0.549,1800,3115
13.46,65.29,99.6,179.3,49.78,0.548,1799,3109
13.47,65.31,99.9,184.3,48.8,0.551,1796,3109
13.48,65.24,101.3,193.8,47,0.545,1794,3109
13.49,65.3,101.7,200.5,44.59,0.546,1799,3108
13.5,65.3,99.7,204.6,42.44,0.546,1792,3112
13.51,65.31,99.2,213.3,40.57,0.543,1795,3115
13.52,65.29,99.2,220.5,38.86,0.541,1801,3108
13.53,65.28,99.5,228.1,38.1,0.534,1802,3106
13.54,65.26,96.9,234.5,37.07,0.531,1802,3107
13.55,65.19,100.1,237.5,36.48,0.521,1809,3109
13.56,65.2,99.5,243.4,35.3,0.516,1799,3103
13.57,65.16,102.5,251.3,35.27,0.514,1801,3103
13.58,65.07,100.5,255.1,34.48,0.501,1799,3111
13.59,65.07,98.8,263.4,34.5,0.492,1803,3102
13.6,65.02,101.3,271.5,34.29,0.487,1800,3096
13.61,64.96,100.8,278.8,33.73,0.478,1793,3099
13.62,64.88,98.2,284,33.54,0.465,1805,3095
13.63,64.77,100.6,294.7,33.51,0.453,1786,3092
13.64,64.71,100,296.4,33.37,0.446,1787,3094
13.65,64.72,100.4,305.8,33.2,0.441,1812,3082
13.66,64.64,98.9,312.4,32.89,0.428,1807,3090
13.67,64.49,100.8,315.6,32.7,0.42,1792,3088
13.68,64.5,99.4,323.9,32.72,0.413,1802,3074
13.69,64.38,100.6,333,32.6,0.392,1794,3072
13.7,64.28,97.3,334.3,32.02,0.395,1790,3071
13.71,64.21,101.8,341.9,32.33,0.383,1807,3070
13.72,64.11,99.9,351.2,31.55,0.378,1795,3062
13.73,63.94,98.7,355.6,31.42,0.367,1795,3056
13.74,63.88,100.7,363.8,31.59,0.361,1790,3057
13.75,63.76,99,369,31.43,0.355,1804,3047
13.76,63.68,99.4,377.4,31.36,0.343,1801,3045
13.77,63.52,102.1,385.7,31.14,0.338,1800,3042
13.78,63.35,99.8,391.3,30.95,0.335,1794,3032
13.79,63.27,98.6,400,31.01,0.333,1798,3027
13.8,63.19,99,407.7,30.67,0.327,1801,3028
13.81,63.04,100.2,408.9,30.74,0.318,1799,3019
13.82,62.87,97.3,416.5,30.14,0.316,1791,3014
13.83,62.71,102.8,423.2,30.69,0.316,1800,3011
13.84,62.54,99.1,428.8,30.26,0.311,1804,3002
13.85,62.45,98,435.8,30.12,0.313,1803,2999
13.86,62.32,100,445,29.79,0.311,1803,2992
13.87,62.14,101.3,449.2,29.84,0.308,1797,2979
13.88,61.87,98.2,456.4,29.55,0.308,1805,2983
13.89,61.75,100.6,464.4,29.31,0.308,1803,2969
13.9,61.58,102.2,471.7,29.54,0.309,1797,2964
13.91,61.38,98.3,477.9,29.24,0.304,1801,2957
13.92,61.17,99.8,486,29.55,0.309,1801,2952
13.93,61.07,99.7,486.3,28.58,0.315,1796,2939
13.94,60.83,96.8,497.1,28.57,0.317,1804,2937
13.95,60.59,100.5,506.5,28.68,0.31,1799,2933
13.96,60.43,102.4,507.7,28.43,0.312,1806,2915
13.97,60.28,98.8,514.5,28.25,0.316,1794,2908
13.98,59.97,99.2,522.4,27.85,0.318,1816,2902
13.99,59.77,98.1,530,27.68,0.322,1811,2893
14,59.55,103.3,537.7,27.43,0.321,1795,2884
14.01,59.41,101.2,541.2,27.14,0.322,1803,2877
14.02,59.11,98.8,551,26.77,0.324,1802,2866
14.03,58.93,102,557,26.63,0.328,1798,2850
14.04,58.75,98.2,562.3,26.86,0.328,1805,2842
14.05,58.44,100.6,566.5,26.77,0.324,1796,2837
14.06,58.16,100.5,575.4,26.57,0.326,1804,2827
14.07,57.91,102.6,582.6,26.96,0.332,1805,2816
14.08,57.73,97.7,588.6,26.01,0.328,1795,2807
14.09,57.39,100.5,593.7,25.84,0.333,1807,2798
14.1,57.13,101.2,602.5,26.09,0.33,1804,2788
14.11,56.85,98.7,610.3,25.81,0.331,1804,2774
14.12,56.68,101.7,614.3,25.4,0.324,1795,2765
14.13,56.38,100,621.8,25.35,0.329,1792,2756
14.14,56.11,101.3,629,24.97,0.323,1799,2743
14.15,55.84,98.7,633.8,24.73,0.33,1795,2735
14.16,55.55,96.6,642.2,24.71,0.322,1794,2724
14.17,55.21,101.1,647.3,24.5,0.317,1799,2711
14.18,54.93,100.9,650.6,25.38,0.322,1788,2703
14.19,54.66,99.3,650.1,27.16,0.318,1796,2688
14.2,54.36,100.1,651.4,29.2,0.305,1798,2677
14.21,54.05,100.9,649.6,31.02,0.308,1800,2661
14.22,53.74,101.4,648.6,32.76,0.301,1815,2651
14.23,53.43,99,648.7,33.89,0.305,1803,2638
14.24,53.14,94.4,650.2,35.06,0.311,1799,2627
14.25,52.81,97.6,641.3,37.44,0.313,1801,2613
14.26,52.6,99.4,634,40.74,0.315,1800,2613
14.27,52.24,100.2,625.5,44.19,0.319,1789,2591
14.28,51.94,100.6,615.1,46.71,0.323,1802,2582
14.29,51.67,100.6,609.8,49.5,0.336,1808,2565
14.3,51.4,99.2,601.3,50.97,0.341,1798,2560
14.31,51.13,99.3,592.2,52.38,0.352,1799,2545
14.32,50.86,101.1,583.7,53.56,0.362,1795,2535
14.33,50.57,101.5,576.7,54.75,0.379,1796,2523
14.34,50.37,101.2,567.6,55.27,0.389,1789,2513
14.35,50.12,100.6,556.6,55.66,0.399,1793,2507
14.36,49.77,97.3,550.8,55.7,0.417,1803,2495
14.37,49.56,101,541.3,57.22,0.426,1791,2487
14.38,49.36,100.8,529.2,58.03,0.444,1785,2478
14.39,49.16,100.5,518,59.23,0.461,1797,2466
14.4,48.89,99.7,507.7,60.21,0.482,1794,2456
14.41,48.67,99,496,60.91,0.491,1795,2447
14.42,48.49,101.5,485.4,61.48,0.508,1807,2442
14.43,48.29,99.8,474.6,62.45,0.526,1810,2432
14.44,48.19,102.9,460.9,62.88,0.54,1804,2429
14.45,47.89,99.5,449.8,63,0.557,1797,2418
14.46,47.75,99.3,440.2,63.57,0.573,1801,2413
14.47,47.53,98.9,431.3,63.56,0.587,1800,2396
14.48,47.42,98.7,420.9,63.93,0.601,1794,2400
14.49,47.22,99.5,409.6,64.65,0.613,1800,2395
14.5,47.07,100.3,397.5,64.57,0.62,1797,2380
14.51,47.02,99.6,383.7,64.42,0.634,1801,2376
14.52,46.83,101.7,376.5,64.49,0.649,1804,2376
14.53,46.71,101.3,362.3,65.09,0.652,1800,2369
14.54,46.56,100.1,352.9,64.77,0.657,1798,2359
14.55,46.43,99.8,342.2,65.09,0.667,1786,2354
14.56,46.32,102.5,327.8,65.52,0.672,1797,2348
14.57,46.2,101.6,318.2,65.11,0.679,1806,2348
14.58,46.12,102.1,308,65.4,0.682,1804,2347
14.59,46.02,99.9,299.4,65.65,0.68,1804,2341
14.6,45.94,97.7,287.1,66.15,0.68,1803,2335
14.61,45.88,102.6,277.4,66.15,0.684,1787,2334
14.62,45.82,100.1,265,66.52,0.685,1801,2334
14.63,45.72,98.8,257.1,66.48,0.677,1808,2333
14.64,45.7,102.5,241.3,66.77,0.671,1794,2330
14.65,45.65,101.4,230.5,66.69,0.665,1792,2328
14.66,45.64,101.8,220.6,66.88,0.663,1789,2325
14.67,45.57,99,210.3,67.53,0.658,1791,2321
14.68,45.57,100.4,200.5,67.44,0.647,1794,2319
14.69,45.55,100,187.8,67.69,0.642,1795,2321
14.7,45.6,101.1,178.9,66.59,0.631,1790,2315
14.71,45.52,103.1,166.1,62.93,0.627,1797,2317
14.72,45.56,99.6,155.6,59.72,0.606,1796,2318
14.73,45.54,101.1,145.1,56.33,0.598,1801,2320
14.74,45.54,99.7,133.5,53.05,0.582,1791,2317
14.75,45.48,100.3,123.9,51.13,0.567,1793,2320
14.76,45.51,98,112.9,48.88,0.552,1798,2319
14.77,45.51,99.3,101.6,47.92,0.533,1802,2324
14.78,45.54,101,101.8,46.71,0.507,1806,2315
14.79,45.49,98.7,99.7,45.59,0.495,1805,2321
14.8,45.57,99.8,100.8,45.21,0.47,1798,2325
14.81,45.5,98.7,99.8,44.89,0.451,1808,2314
14.82,45.55,97.5,98.2,44.36,0.414,1797,2321
14.83,45.52,102.1,98.9,44.08,0.404,1793,2315
14.84,45.51,98.5,102.2,43.99,0.374,1805,2320
14.85,45.5,99.3,97.4,43.77,0.352,1796,2320
14.86,45.45,100.1,98.7,44.11,0.337,1795,2321
14.87,45.5,100.1,100.7,44.24,0.311,1809,2325
14.88,45.53,102.7,98.2,43.98,0.291,1795,2322
14.89,45.5,98.3,100.1,43.59,0.265,1802,2318
14.9,45.51,98.7,98.5,43.91,0.243,1815,2320
14.91,45.52,100.4,99.4,43.87,0.228,1805,2326
14.92,45.48,100.2,99.4,43.52,0.211,1799,2317
14.93,45.5,103.3,99.4,43.21,0.195,1804,2322
14.94,45.49,99.8,100.3,44.13,0.183,1788,2326
14.95,45.54,102,101.7,43.62,0.169,1808,2325
14.96,45.53,101.6,98.8,43.34,0.157,1803,2314
14.97,45.54,100.2,98.2,43.78,0.138,1799,2318
14.98,45.46,99.7,98.2,43.75,0.136,1796,2316
14.99,45.54,100.8,103.3,43.65,0.128,1802,2323
15,45.47,100.1,101.5,43.98,0.121,1793,2324
15.01,45.52,102,100,43.29,0.116,1807,2320
15.02,45.46,102.3,99.8,43.17,0.114,1804,2318
15.03,45.55,99.5,99.5,43.72,0.11,1791,2328
15.04,45.55,101.2,101.5,43.75,0.109,1812,2320
15.05,45.53,98.2,97.9,43.74,0.117,1802,2322
15.06,45.51,100.8,102.4,43.78,0.116,1800,2324
15.07,45.52,99.6,99.4,43.74,0.117,1797,2326
15.08,45.51,100.2,101.5,43.54,0.124,1797,2323
15.09,45.44,99.3,100.7,43.83,0.13,1805,2322
15.1,45.51,100.4,98.7,43.83,0.138,1809,2318
15.11,45.51,99.6,95.9,43.52,0.145,1798,2321
15.12,45.5,101.2,98.5,43.67,0.148,1805,2324
15.13,45.48,100.2,99.7,44,0.164,1799,2327
15.14,45.53,100.7,98.3,43.87,0.171,1802,2321
15.15,45.54,99.5,97.9,43.87,0.179,1790,2316
15.16,45.49,102,99,43.23,0.194,1806,2322
15.17,45.44,100.2,99.2,44.13,0.197,1800,2320
15.18,45.52,101.3,101.2,43.67,0.215,1801,2325
15.19,45.52,100.4,99.2,43.82,0.22,1804,2320
15.2,45.53,99.2,100.7,43.83,0.236,1804,2321
15.21,45.48,100,99.4,43.93,0.246,1802,2320
15.22,45.51,97.9,99.3,43.97,0.251,1804,2318
15.23,45.54,100.8,99.9,43.4,0.267,1802,2328
15.24,45.49,98.6,100.1,43.87,0.276,1789,2319
15.25,45.48,101.8,100.3,44.03,0.283,1787,2315
15.26,45.55,97.9,99.4,43.79,0.299,1791,2318
15.27,45.57,100.9,101.1,43.73,0.309,1798,2323
15.28,45.54,99.4,100.6,44.19,0.321,1807,2322
15.29,45.5,99.4,96.9,43.88,0.321,1797,2324
15.3,45.52,99.9,99.5,43.4,0.328,1800,2318
15.31,45.5,97.5,99.9,43.65,0.336,1788,2317
15.32,45.52,97.7,100.6,43.29,0.344,1799,2316
15.33,45.52,102.3,100.6,44.21,0.351,1801,2319
15.34,45.53,103.2,99.3,44.04,0.35,1802,2319
15.35,45.51,100.6,100.4,43.85,0.356,1806,2319
15.36,45.52,101.8,101,43.67,0.363,1801,2322
15.37,45.51,99.5,102.1,43.91,0.36,1806,2323
15.38,45.5,100.2,101.3,43.67,0.368,1799,2325
15.39,45.49,96.3,100.2,43.74,0.371,1800,2324
15.4,45.48,100.5,100.8,44.07,0.362,1799,2320
15.41,45.51,96.9,100.7,43.87,0.367,1805,2317
15.42,45.56,98.9,101.1,43.51,0.363,1799,2318
15.43,45.5,101,99.3,43.46,0.364,1803,2325
15.44,45.51,99.8,101.1,43.86,0.364,1798,2318
15.45,45.49,99.7,99.1,43.59,0.361,1798,2315
15.46,45.54,99.6,99.1,43.6,0.357,1796,2327
15.47,45.53,100.6,100.3,43.59,0.353,1797,2317
15.48,45.55,100.1,100.2,43.99,0.346,1799,2317
15.49,45.54,100,100.5,43.6,0.345,1795,2324
15.5,45.51,102.7,99.6,44.09,0.341,1806,2319
15.51,45.5,98.8,100.5,44.15,0.335,1798,2317
15.52,45.54,98.6,100.2,43.65,0.329,1811,2322
15.53,45.52,97,103.4,43.68,0.325,1798,2320
15.54,45.54,100.7,99.9,43.62,0.317,1792,2322
15.55,45.48,99.9,100.3,43.33,0.308,1803,2319
15.56,45.52,101.1,98.4,43.88,0.312,1799,2318
15.57,45.59,101.8,98.9,43.5,0.308,1798,2318
15.58,45.55,100.1,100,43.7,0.298,1794,2323
15.59,45.51,99.4,100.5,43.66,0.293,1807,2325
15.6,45.45,100.6,101,43.77,0.287,1800,2318
15.61,45.52,102.6,101.1,43.16,0.286,1800,2322
15.62,45.51,99.7,101.2,43.58,0.279,1802,2318
15.63,45.47,97.2,97.7,43.66,0.27,1803,2322
15.64,45.5,100.8,101.3,43.96,0.265,1786,2320
15.65,45.49,99.7,96.8,43.6,0.267,1801,2324
15.66,45.5,98.7,100.9,43.95,0.255,1802,2320
15.67,45.5,100.3,98.9,43.7,0.252,1794,2320
15.68,45.47,101.4,101.8,43.96,0.256,1798,2322
15.69,45.53,99.5,98.3,43.62,0.251,1803,2324
15.7,45.49,101.9,104.7,43.91,0.248,1803,2318
15.71,45.49,97.9,99.9,43.72,0.246,1795,2324
15.72,45.5,102.4,102.8,44,0.246,1798,2321
15.73,45.48,99.2,97.5,43.67,0.247,1797,2325
15.74,45.51,101.1,101.2,43.76,0.246,1806,2322
15.75,45.5,99.8,110.5,43.71,0.243,1795,2322
15.76,45.49,99,114.7,43.83,0.249,1795,2323
15.77,45.51,98.8,124.1,43.6,0.241,1798,2316
15.78,45.5,99.4,136.2,43.52,0.24,1793,2323
15.79,45.49,99.2,141.6,43.49,0.237,1814,2324
15.8,45.51,100.2,154.1,43.82,0.241,1800,2318
15.81,45.5,98.7,162.7,44.37,0.247,1795,2320
15.82,45.47,100.1,169.2,43.14,0.246,1803,2323
15.83,45.5,101.6,179.3,43.71,0.25,1802,2317
15.84,45.52,98.8,188.1,42.36,0.251,1801,2317
15.85,45.45,100.3,199.9,39.49,0.257,1790,2319
15.86,45.51,97.4,204.1,36.62,0.257,1794,2319
15.87,45.5,99.7,212.5,33.75,0.247,1800,2319
15.88,45.44,99.2,223.1,31.55,0.245,1803,2315
15.89,45.48,99.7,231.9,29.33,0.241,1799,2318
15.9,45.42,101.1,241.8,28.18,0.242,1791,2312
15.91,45.38,99.9,246.9,26.24,0.237,1806,2318
15.92,45.32,99.8,259.4,25.74,0.232,1793,2315
15.93,45.37,99.6,267.6,24.7,0.222,1801,2309
15.94,45.29,98.2,278.2,24.22,0.215,1800,2312
15.95,45.2,100.7,284,23.5,0.209,1799,2307
15.96,45.13,100.3,292,22.93,0.198,1800,2307
15.97,45.04,100,304.4,22.66,0.188,1800,2302
15.98,45.01,97.2,312.1,22.23,0.185,1785,2300
15.99,44.91,98.5,321,22.41,0.171,1789,2296
16,44.82,101.1,331,21.91,0.157,1810,2295
16.01,44.75,99,335.8,21.62,0.151,1798,2287
16.02,44.63,102,345.8,21.88,0.137,1804,2291
16.03,44.57,97.1,351.6,21.39,0.126,1796,2280
16.04,44.5,99.5,364.8,20.79,0.114,1801,2280
16.05,44.35,99.9,374.6,20.78,0.101,1794,2273
16.06,44.25,99.3,382.2,20.91,0.095,1791,2269
16.07,44.12,100.4,390,20.48,0.083,1798,2263
16.08,43.99,103.1,401.8,20.57,0.07,1801,2259
16.09,43.83,102,407.4,20.88,0.06,1799,2252
16.1,43.7,100.2,418.2,20.22,0.047,1793,2247
16.11,43.56,101.2,422.4,19.57,0.036,1798,2243
16.12,43.44,100.1,436.9,19.41,0.033,1794,2236
16.13,43.34,100.8,444.9,19.83,0.022,1804,2232
16.14,43.08,98.5,451,19.38,0.017,1808,2226
16.15,42.97,102.7,462.1,19.35,0.017,1803,2217
16.16,42.78,101.2,469.5,18.67,-0.001,1798,2206
16.17,42.6,103.7,475.5,18.89,-0.002,1798,2210
16.18,42.37,99.9,486.4,18.26,-0.004,1805,2191
16.19,42.22,102.2,497.7,18.35,-0.008,1791,2196
16.2,42.06,99,503.9,17.59,-0.023,1791,2175
16.21,41.83,98.9,511.4,17.6,-0.026,1795,2180
16.22,41.58,100.7,522.8,17.24,-0.025,1806,2166
16.23,41.43,98.9,529.5,17.17,-0.029,1791,2153
16.24,41.2,100.9,540.8,17.11,-0.03,1795,2149
16.25,40.99,99,546.8,16.87,-0.03,1786,2135
16.26,40.71,99.9,556.3,16.68,-0.034,1792,2123
16.27,40.45,98.8,563.2,16.61,-0.025,1809,2122
16.28,40.22,97.8,575.8,16.29,-0.031,1794,2113
16.29,39.97,100.4,584.7,16.56,-0.029,1801,2104
16.3,39.75,101.1,594.7,15.96,-0.029,1797,2089
16.31,39.54,99.5,603.2,15.69,-0.032,1795,2082
16.32,39.23,101.2,610.9,15.58,-0.032,1810,2073
16.33,38.92,99.9,619,15.58,-0.029,1794,2061
16.34,38.69,99,629.5,14.79,-0.025,1798,2050
16.35,38.43,102.6,635.6,14.91,-0.027,1806,2036
16.36,38.13,101.5,643.8,14.62,-0.033,1804,2026
16.37,37.84,98.1,650.5,15.47,-0.023,1806,2014
16.38,37.52,100.8,650.8,18.07,-0.023,1803,2000
16.39,37.21,102.9,652.1,20.27,-0.014,1803,1994
16.4,36.96,101.2,647.7,23.42,-0.018,1802,1974
16.41,36.65,101.8,650.2,25.24,-0.006,1805,1967
16.42,36.29,100.1,648.5,27.24,-0.005,1807,1955
16.43,36.01,99.8,650.4,28.95,0.008,1799,1941
16.44,35.74,99.9,650.9,29.59,0.005,1796,1933
16.45,35.47,97.2,650.8,30.19,0.017,1799,1917
16.46,35.16,102,650.8,30.74,0.024,1808,1906
16.47,34.79,98.8,652.4,31.15,0.034,1794,1895
16.48,34.56,100.8,648.7,31.7,0.04,1794,1886
16.49,34.24,100,650.6,31.75,0.049,1802,1869
16.5,33.95,103.8,646.8,32.22,0.065,1809,1857
16.51,33.65,99.4,651.8,31.59,0.068,1802,1846
16.52,33.35,98.9,650.5,31.8,0.083,1806,1832
16.53,33.05,100.9,651.1,31.89,0.091,1796,1820
16.54,32.78,99.9,648.5,31.64,0.098,1794,1811
16.55,32.44,99.2,647.6,31.6,0.105,1803,1796
16.56,32.16,98.5,649.4,31.5,0.112,1809,1786
16.57,31.84,102.7,649.9,31.84,0.12,1794,1775
16.58,31.56,100,650.4,31.38,0.124,1814,1758
16.59,31.25,100.9,650.7,31.66,0.128,1810,1752
16.6,30.98,100.5,651.6,31.72,0.135,1809,1735
16.61,30.69,99.5,650,31.26,0.141,1802,1729
16.62,30.29,98.2,651.5,31.2,0.144,1794,1715
16.63,30.05,100.4,638.5,33.7,0.148,1803,1701
16.64,29.75,96.9,626,37.76,0.157,1785,1691
16.65,29.45,102.9,612.6,42.24,0.153,1798,1679
16.66,29.17,99.8,600.4,46.3,0.155,1805,1668
16.67,28.91,102.3,586.3,49.45,0.163,1793,1655
16.68,28.64,99,573.6,52.68,0.169,1788,1644
16.69,28.38,98.6,560.8,55.57,0.178,1795,1639
16.7,28.12,99.9,545,57.61,0.178,1801,1632
16.71,27.9,98.2,530,59.11,0.191,1800,1617
16.72,27.7,101.7,519.2,59.83,0.188,1808,1606
16.73,27.45,100,504.5,60.36,0.199,1804,1603
16.74,27.19,100.7,491.6,61.29,0.205,1800,1587
16.75,27.06,98.5,476.2,61.82,0.216,1797,1579
16.76,26.79,100.6,462.3,62.59,0.222,1806,1564
16.77,26.62,99.3,448.7,62.98,0.229,1789,1562
16.78,26.47,102.4,438.9,63.32,0.24,1800,1559
16.79,26.26,96.6,422.5,63.7,0.245,1797,1553
16.8,26.15,99.4,408,64.28,0.255,1800,1545
16.81,25.96,101.5,393.1,63.76,0.256,1803,1531
16.82,25.83,101.4,381.1,64.7,0.265,1797,1531
16.83,25.66,100.3,365.5,64.84,0.275,1798,1530
16.84,25.56,100,352,64.9,0.275,1795,1522
16.85,25.4,100.1,339.8,64.58,0.279,1806,1517
16.86,25.32,102.4,325.2,65.1,0.283,1793,1514
16.87,25.22,99,311.9,65.16,0.288,1797,1513
16.88,25.17,99.2,295.8,65.31,0.291,1798,1511
16.89,25.04,101.3,285.6,66.07,0.297,1802,1504
16.9,24.92,99.9,268.7,66.04,0.293,1802,1495
16.91,24.94,100.4,254.8,66.3,0.293,1810,1492
16.92,24.82,99.4,241.3,66.65,0.298,1802,1492
16.93,24.81,102,229,66.67,0.295,1798,1497
16.94,24.76,98.6,217.4,66.66,0.29,1793,1486
16.95,24.78,99.5,201.8,67.28,0.297,1797,1487
16.96,24.75,99.2,186.5,66.63,0.293,1810,1486
16.97,24.71,101,172.6,65.65,0.292,1806,1487
16.98,24.69,100,160.2,61.54,0.281,1817,1490
16.99,24.71,100.2,144.1,56.96,0.277,1802,1487
17,24.67,98.5,133.2,52.87,0.274,1807,1489
17.01,24.67,100.1,119.9,49.15,0.265,1805,1487
17.02,24.64,101.4,106.6,46.68,0.255,1797,1488
17.03,24.72,97.6,100.7,44.06,0.244,1806,1491
17.04,24.63,98.2,102.4,42.68,0.23,1801,1490
17.05,24.71,97.2,101.3,40.99,0.21,1795,1489
17.06,24.71,99,97,40.06,0.196,1803,1486
17.07,24.68,100.7,98,39.04,0.175,1809,1487
17.08,24.69,102.7,99.4,38.75,0.16,1798,1485
17.09,24.67,99.6,97.5,38.58,0.137,1805,1487
17.1,24.69,101.3,100,38.25,0.123,1808,1484
17.11,24.67,101,98.8,37.33,0.097,1790,1487
17.12,24.69,99.6,99.8,37.33,0.078,1802,1481
17.13,24.66,99.2,101.2,37.91,0.059,1806,1486
17.14,24.68,100.5,99.8,37.64,0.036,1795,1488
17.15,24.65,97.9,100.6,37.44,0.022,1793,1484
17.16,24.7,98.7,98,37.95,-0.003,1795,1488
17.17,24.72,100.5,99.1,37.09,-0.02,1799,1488
17.18,24.68,100.4,101.1,37.16,-0.037,1799,1491
17.19,24.71,99.7,97.4,37.26,-0.053,1793,1481
17.2,24.66,101.3,98.7,37.19,-0.076,1804,1487
17.21,24.66,100.3,100,37.54,-0.086,1794,1487
17.22,24.68,99.1,100,37.6,-0.106,1799,1490
17.23,24.66,96.5,99.8,37.41,-0.111,1813,1490
17.24,24.66,100,98.2,37.51,-0.132,1812,1485
17.25,24.66,99,101.8,37.46,-0.146,1803,1486
17.26,24.66,100,101,37.47,-0.152,1803,1485
17.27,24.64,99.4,103.6,37.58,-0.163,1799,1485
17.28,24.66,101.6,98.4,37.55,-0.171,1795,1485
17.29,24.67,101.7,103.3,37.19,-0.175,1807,1489
17.3,24.67,102.5,100.7,38.17,-0.177,1791,1490
17.31,24.68,100.8,97.6,37.06,-0.179,1789,1488
17.32,24.64,99.4,102.4,37.6,-0.182,1805,1490
17.33,24.73,100.2,100.2,37.2,-0.178,1801,1484
17.34,24.7,100.7,96.1,37.74,-0.182,1797,1489
17.35,24.62,100.5,96.8,37.05,-0.178,1797,1488
17.36,24.66,98.8,98.2,37.76,-0.182,1806,1492
17.37,24.69,99.6,99.2,37.01,-0.177,1808,1491
17.38,24.64,97.7,98,37.47,-0.172,1810,1487
17.39,24.64,100,100.3,37.23,-0.164,1792,1480
17.4,24.7,100.7,100.3,37.36,-0.16,1799,1490
17.41,24.71,101.2,100.5,37.45,-0.152,1803,1488
17.42,24.65,98.7,97.9,37.55,-0.144,1802,1489
17.43,24.69,98.4,100.6,37.58,-0.136,1800,1486
17.44,24.7,100,102.1,37.53,-0.124,1797,1485
17.45,24.67,100.4,100.1,37.43,-0.113,1800,1488
17.46,24.73,102.3,101.8,37.4,-0.106,1809,1490
17.47,24.63,99.2,100.4,37.13,-0.092,1801,1486
17.48,24.69,96.9,101.3,37.39,-0.087,1797,1483
17.49,24.71,100.1,100.5,37.48,-0.079,1816,1488
17.5,24.64,100.8,99.6,37.18,-0.064,1796,1486
17.51,24.65,99.4,102.4,37.53,-0.052,1791,1483
17.52,24.68,101.4,100.3,37.59,-0.046,1799,1483
17.53,24.69,101.2,100.2,37.02,-0.038,1795,1484
17.54,24.69,100.2,100.8,37.2,-0.025,1787,1482
17.55,24.63,97.8,99.2,37.2,-0.02,1797,1485
17.56,24.68,98.6,102.8,37.34,-0.018,1800,1493
17.57,24.63,98.4,99.9,37.36,-0.003,1799,1494
17.58,24.66,98.7,100.8,36.94,0.007,1789,1493
17.59,24.67,101.9,98.3,37.53,0.01,1802,1490
17.6,24.65,97.9,100.5,37.21,0.022,1800,1486
17.61,24.68,99.6,101.5,37.38,0.023,1798,1488
17.62,24.71,100.4,101.4,37.93,0.033,1809,1489
17.63,24.69,98.5,100.7,37.38,0.031,1797,1488
17.64,24.67,100.7,97.2,37.48,0.038,1793,1491
17.65,24.65,100.6,97.7,37.71,0.037,1789,1484
17.66,24.65,99.2,101.1,37.53,0.042,1809,1488
17.67,24.7,102.4,99.5,37.11,0.038,1801,1489
17.68,24.62,99.5,99.8,37.07,0.042,1796,1486
17.69,24.66,101.5,100.7,37.15,0.043,1803,1485
17.7,24.68,98.3,100,37.46,0.042,1796,1484
17.71,24.71,102.6,99.7,36.96,0.044,1806,1488
17.72,24.64,102.6,100,37.44,0.043,1803,1490
17.73,24.68,99.9,97.9,37.49,0.039,1797,1483
17.74,24.69,99.9,97,37.38,0.037,1793,1489
17.75,24.72,100.3,101.7,37.57,0.029,1798,1487
17.76,24.69,98.7,97.2,37.55,0.037,1797,1482
17.77,24.68,99.3,97.9,36.85,0.029,1790,1485
17.78,24.65,99.9,101.4,37.57,0.031,1796,1486
17.79,24.7,100.8,100.3,37.91,0.019,1795,1484
17.8,24.66,100.3,99.2,37.2,0.016,1811,1490
17.81,24.64,102.7,98.9,37.17,0.013,1814,1491
17.82,24.68,100.2,98.6,37.38,0.005,1791,1489
17.83,24.67,98.6,101.8,37.48,0.006,1798,1486
17.84,24.69,101.2,102,37.21,0.002,1800,1483
17.85,24.67,99.2,99.3,37.49,-0.013,1780,1489
17.86,24.68,100.6,100.9,37.46,-0.012,1808,1488
17.87,24.66,102.5,100.7,37.35,-0.019,1792,1490
17.88,24.65,99.8,102,37.19,-0.026,1810,1482
17.89,24.69,99.3,98.8,37.19,-0.026,1814,1487
17.9,24.71,97,98.9,37.34,-0.037,1803,1485
17.91,24.68,98.7,101,37.22,-0.034,1805,1484
17.92,24.66,102.2,100.3,37.51,-0.038,1801,1486
17.93,24.69,101.8,100.8,37.19,-0.044,1805,1488
17.94,24.69,100.5,100.1,37.49,-0.045,1783,1485
17.95,24.75,98.8,99.5,37.35,-0.048,1798,1485
17.96,24.7,99.6,101.1,37.75,-0.057,1806,1484
17.97,24.67,99.5,100.4,37.3,-0.056,1797,1487
17.98,24.64,99.8,101.1,37.27,-0.052,1798,1489
17.99,24.7,98.7,100.5,37.1,-0.061,1806,1487
18,24.68,101.2,98.2,37.15,-0.065,1805,1484
18.01,24.64,102.6,103,37.24,-0.066,1804,1486
18.02,24.69,99.1,97.8,37.15,-0.065,1797,1486
18.03,24.64,101,100.8,37.39,-0.07,1796,1486
18.04,24.66,99.1,98.6,37.55,-0.065,1802,1485
18.05,24.65,100.6,101.2,37.41,-0.069,1801,1483
18.06,24.73,101.7,99.2,37.41,-0.066,1793,1486
18.07,24.65,102.6,97.3,37.36,-0.063,1792,1484
18.08,24.64,100.5,100.1,37.75,-0.071,1797,1484
18.09,24.72,100.3,98.6,37.02,-0.062,1798,1489
18.1,24.68,100,99.9,37.18,-0.06,1797,1486
18.11,24.63,102.4,100.2,36.91,-0.061,1799,1486
18.12,24.68,100.5,100.2,37.62,-0.064,1801,1487
18.13,24.65,99,108,36.85,-0.057,1803,1488
18.14,24.71,96.7,114.3,37.58,-0.057,1796,1483
18.15,24.7,100.9,122.2,37.52,-0.053,1808,1487
18.16,24.65,100.7,131.3,37.81,-0.054,1802,1491
18.17,24.7,97.3,137.9,37.57,-0.044,1801,1485
18.18,24.68,101.3,143.3,37.51,-0.047,1798,1488
18.19,24.63,99.3,157,37.34,-0.046,1797,1487
18.2,24.68,98.9,159.7,37.78,-0.041,1819,1494
18.21,24.71,97.4,169.3,37.42,-0.043,1794,1487
18.22,24.65,99.4,177.5,37.4,-0.038,1805,1487
18.23,24.63,100.7,183.5,36.84,-0.043,1805,1487
18.24,24.71,99.1,193.4,34.66,-0.041,1794,1489
18.25,24.66,99.3,198.3,32.49,-0.034,1800,1489
18.26,24.71,100.4,209.3,29.8,-0.034,1799,1485
18.27,24.6,101.5,213.5,27.29,-0.034,1808,1488
18.28,24.58,102.6,221.2,25.27,-0.038,1803,1483
18.29,24.61,100.9,230.1,24.18,-0.039,1801,1477
18.3,24.58,99.4,239.6,22.77,-0.04,1800,1481
18.31,24.55,97.9,246.8,21.66,-0.043,1804,1480
18.32,24.56,98.1,255.9,21.07,-0.05,1801,1481
18.33,24.54,98.8,262.3,20.35,-0.058,1807,1481
18.34,24.41,97.8,267.5,19.71,-0.065,1805,1471
18.35,24.38,101.7,275.6,19.61,-0.068,1797,1478
18.36,24.32,100.1,285.6,19.22,-0.077,1815,1470
18.37,24.24,99.5,290.5,18.99,-0.086,1796,1469
18.38,24.14,99.9,301.4,18.68,-0.087,1800,1467
18.39,24.09,100,307,18.55,-0.095,1800,1466
18.4,24.08,101.7,314.4,18.66,-0.109,1795,1460
18.41,23.96,98.4,324.2,17.53,-0.121,1801,1458
18.42,23.89,100.6,332.1,18.06,-0.131,1795,1455
18.43,23.85,100,341.3,17.98,-0.137,1795,1453
18.44,23.65,98.1,345.1,17.54,-0.147,1794,1447
18.45,23.55,99.8,353.9,17.08,-0.155,1811,1439
18.46,23.53,102.4,362.6,17.69,-0.168,1798,1444
18.47,23.36,98.2,372.8,17.37,-0.169,1796,1431
18.48,23.27,98.1,378.5,16.99,-0.178,1794,1432
18.49,23.13,100.7,386.3,17.13,-0.198,1792,1424
18.5,23,99.7,391.9,16.48,-0.201,1806,1425
18.51,22.89,100.9,400.9,16.69,-0.209,1817,1417
18.52,22.74,99.2,409.1,16.56,-0.212,1805,1407
18.53,22.65,98.4,415.3,15.97,-0.218,1800,1400
18.54,22.47,99.8,423.8,16.08,-0.226,1794,1398
18.55,22.35,98.2,430.6,15.72,-0.234,1801,1392
18.56,22.18,99.1,439,15.55,-0.241,1802,1381
18.57,21.99,100.3,445.5,15.46,-0.249,1796,1387
18.58,21.87,101.2,456.7,14.96,-0.252,1811,1370
18.59,21.7,97,460.4,15.16,-0.252,1798,1369
18.6,21.55,101.6,469.1,14.99,-0.259,1791,1357
18.61,21.39,101,476.5,14.92,-0.258,1798,1354
18.62,21.13,100.6,485.6,14.68,-0.256,1806,1344
18.63,20.9,99.5,492.7,14.43,-0.269,1797,1331
18.64,20.77,100,501.1,14.07,-0.266,1804,1333
18.65,20.5,101.6,507.7,13.99,-0.27,1794,1319
18.66,20.31,97.3,517,13.71,-0.269,1799,1323
18.67,20.17,102.3,522.9,13.88,-0.269,1787,1309
18.68,19.92,99.5,531.9,13.33,-0.273,1795,1303
18.69,19.69,99.3,535.3,13.2,-0.273,1795,1285
18.7,19.47,100.7,546.3,12.82,-0.269,1795,1281
18.71,19.3,102.4,554.5,12.63,-0.268,1807,1270
18.72,19,99.3,563.2,12.6,-0.27,1801,1263
18.73,18.77,99.6,571.6,12.69,-0.267,1802,1248
18.74,18.51,99.5,578.3,12.58,-0.267,1811,1244
18.75,18.3,100.6,585.1,11.85,-0.267,1818,1229
18.76,18.06,100.7,592.8,11.97,-0.268,1804,1224
18.77,17.76,99.2,600.7,11.2,-0.264,1800,1208
18.78,17.48,99.2,608.5,11.34,-0.258,1794,1202
18.79,17.24,103.6,615.7,11.25,-0.261,1791,1184
18.8,17,98.1,624.5,10.99,-0.263,1805,1180
18.81,16.68,100.3,630,10.72,-0.261,1799,1161
18.82,16.4,102.5,637.5,10.16,-0.263,1801,1157
18.83,16.12,98.9,646.7,10.08,-0.26,1790,1148
18.84,15.87,100.4,652.3,11.16,-0.257,1798,1132
18.85,15.49,102.1,647.8,13.56,-0.262,1811,1117
18.86,15.21,99.7,649.3,15.65,-0.258,1810,1109
18.87,14.96,100.7,651.6,17.95,-0.26,1802,1095
18.88,14.64,101,649.5,20.36,-0.262,1798,1082
18.89,14.35,98.7,636.6,24.43,-0.253,1796,1076
18.9,14.04,99.2,624.8,30.8,-0.25,1784,1064
18.91,13.74,101.2,610.1,36.75,-0.243,1793,1052
18.92,13.48,100,594.2,41.4,-0.239,1802,1037
18.93,13.26,100.9,579.1,45.43,-0.231,1802,1027
18.94,12.94,99.2,569,48.62,-0.221,1808,1015
18.95,12.71,99.7,554.2,50.77,-0.21,1795,1009
18.96,12.43,100,541.5,52.82,-0.198,1792,1002
18.97,12.23,98.9,529,54.28,-0.187,1799,989
18.98,12.03,99.2,512.6,55.83,-0.176,1804,977
18.99,11.78,97.9,500.5,56.07,-0.157,1801,980
19,11.49,101.3,483.4,57.26,-0.141,1806,963
19.01,11.37,100.4,468.6,58.28,-0.125,1803,952
19.02,11.1,100.7,457.2,58.22,-0.107,1796,944
19.03,11.02,100.6,446.6,58.31,-0.098,1803,937
19.04,10.82,102.1,428,58.88,-0.081,1810,930
19.05,10.58,98.5,419.4,59.05,-0.064,1803,928
19.06,10.47,99.4,401.7,59.19,-0.046,1811,921
19.07,10.38,100.8,389,59.55,-0.035,1801,916
19.08,10.17,101.8,376.5,59.73,-0.022,1799,911
19.09,10.05,99.3,359.6,59.93,-0.007,1799,905
19.1,9.96,97.7,349,60.27,0.003,1795,891
19.11,9.85,100.9,332.9,60.25,0.014,1805,891
19.12,9.74,100.8,321.1,60.86,0.02,1807,885
19.13,9.62,100.9,307.2,60.88,0.032,1799,881
19.14,9.5,101.4,291.3,61.3,0.037,1807,887
19.15,9.45,101.7,280.7,61.41,0.051,1798,879
19.16,9.36,101.6,267.2,61.5,0.059,1805,872
19.17,9.31,98.6,250.9,61.41,0.067,1794,870
19.18,9.28,100.9,239.5,61.94,0.067,1808,871
19.19,9.25,100.3,223.1,61.8,0.071,1810,866
19.2,9.18,100,209.5,62.39,0.076,1802,870
19.21,9.14,101,197.2,62.52,0.076,1799,864
19.22,9.15,102.4,184.4,62.85,0.072,1812,868
19.23,9.17,98,169.9,59.34,0.071,1805,865
19.24,9.12,98.6,152,54.87,0.063,1804,862
19.25,9.06,100.6,139.9,50.98,0.062,1817,855
19.26,9.15,99,129.6,47.02,0.053,1813,861
19.27,9.12,99.6,112.3,43.27,0.041,1804,867
19.28,9.11,99.6,100.1,40.74,0.033,1797,865
19.29,9.16,100.9,101.6,38.98,0.019,1808,867
19.3,9.04,101.6,98.3,36.83,0.005,1795,868
19.31,9.12,100.9,104.6,35.7,-0.011,1802,858
19.32,9.03,100.1,99.2,34.81,-0.032,1795,868
19.33,9.08,100.6,99.2,34.17,-0.047,1796,863
19.34,9.09,101,98.5,33.5,-0.067,1784,866
19.35,9.1,102.4,98.7,33.6,-0.085,1804,861
19.36,9.09,100.6,101.9,33.55,-0.113,1810,862
19.37,9.09,101.4,98.1,32.66,-0.127,1802,862
19.38,9.05,100.8,101,33.12,-0.149,1800,864
19.39,9.08,99.4,100.6,32.93,-0.175,1794,861
19.4,9.09,99.6,101.8,33,-0.196,1804,861
19.41,9.11,97.6,98.3,33.13,-0.215,1800,869
19.42,9.12,101,101,32.8,-0.237,1800,865
19.43,9.15,100.1,101,32.64,-0.25,1801,863
19.44,9.12,96.3,101.7,32.76,-0.269,1798,862
19.45,9.08,100.8,100.2,33.26,-0.294,1804,865
19.46,9.08,99.2,100.3,32.82,-0.316,1799,869
19.47,9.1,98.6,100.8,33.17,-0.33,1808,868
19.48,9.07,98.3,98.4,32.51,-0.337,1801,862
19.49,9.04,98.8,97.7,32.77,-0.355,1799,863
19.5,9.1,97.7,103.8,32.56,-0.368,1801,861
19.51,9.13,100.1,100,32.56,-0.384,1798,867
19.52,9.1,101.5,102.7,32.66,-0.389,1796,859
19.53,9.1,100.3,98.2,32.81,-0.401,1805,858
19.54,9.08,102.2,99.6,33.02,-0.413,1802,867
19.55,9.1,99.1,98,32.94,-0.417,1801,871
19.56,9.11,98.4,100.1,32.99,-0.42,1798,862
19.57,9.12,98.8,100.5,32.94,-0.426,1803,862
19.58,9.1,101.2,97.3,32.44,-0.426,1807,867
19.59,9.15,98.3,97,32.82,-0.43,1789,865
19.6,9.17,101.5,103.3,32.87,-0.426,1796,865
19.61,9.13,98.9,102.8,33.26,-0.423,1795,862
19.62,9.11,100.3,100.8,32.94,-0.423,1796,859
19.63,9.08,99.8,101.9,33.15,-0.414,1802,862
19.64,9.1,100.8,100.4,32.88,-0.414,1795,865
19.65,9.08,99.4,100.6,32.63,-0.408,1793,868
19.66,9.13,100.6,100.2,33.08,-0.395,1797,860
19.67,9.14,101.4,101.9,31.9,-0.387,1789,862
19.68,9.07,99.3,100.4,32.53,-0.38,1795,861
19.69,9.1,100.9,101,32.66,-0.373,1799,860
19.7,9.1,100.9,100.2,32.95,-0.363,1794,864
19.71,9.09,99.4,98,32.43,-0.351,1794,865
19.72,9.08,98.3,99.5,32.76,-0.339,1803,862
19.73,9.1,101.2,98.1,32.36,-0.329,1807,865
19.74,9.1,101,98.4,32.72,-0.324,1799,858
19.75,9.09,100.1,101.3,33.21,-0.311,1796,866
19.76,9.17,98.5,101,33.25,-0.297,1807,861
19.77,9.12,101,99.9,32.86,-0.291,1801,864
19.78,9.05,99.8,99,32.52,-0.277,1795,858
19.79,9.08,102.4,100.1,32.7,-0.265,1802,860
19.8,9.08,101.7,100.4,32.69,-0.261,1796,862
19.81,9.1,101.8,100.6,32.6,-0.251,1789,864
19.82,9.12,102.4,98.3,32.3,-0.24,1791,861
19.83,9.06,100,99.4,32.63,-0.234,1792,861
19.84,9.05,100.2,102.1,32.91,-0.225,1809,861
19.85,9.09,101.8,99.4,32.63,-0.215,1791,865
19.86,9.1,100,99.2,32.57,-0.213,1798,862
19.87,9.12,100.8,101.2,33.13,-0.204,1797,861
19.88,9.12,99.4,98.7,32.96,-0.203,1800,861
19.89,9.06,100.2,98.2,33.02,-0.199,1789,858
19.9,9.05,101.8,100.9,33.11,-0.196,1799,864
19.91,9.12,99.6,99.2,32.51,-0.191,1800,867
19.92,9.07,99.4,98.7,32.76,-0.184,1803,863
19.93,9.09,99.8,99.6,32.59,-0.19,1791,865
19.94,9.06,102.9,99.9,32.73,-0.186,1806,868
19.95,9.1,99.9,101.9,32.53,-0.187,1802,866
19.96,9.09,98.4,98.6,32.78,-0.178,1798,865
19.97,9.13,99.8,100.1,32.99,-0.191,1798,877
19.98,9.05,100,97.9,32.83,-0.187,1800,863
19.99,9.09,101,97.7,33.01,-0.191,1803,864
20,9.13,99.9,103.1,33.08,-0.192,1799,861
20.01,9.13,98.7,99.4,32.81,-0.195,1810,863
20.02,9.03,98.9,101.2,32.38,-0.196,1802,863
20.03,9.07,101.4,98.6,32.65,-0.199,1803,861
20.04,9.07,101.3,101.1,32.52,-0.202,1799,869
20.05,9.05,96.9,101.1,32.88,-0.21,1795,863
20.06,9.16,99,102.4,32.8,-0.212,1799,864
20.07,9.13,101.7,100.2,32.78,-0.22,1809,863
20.08,9.1,98.5,99.7,32.93,-0.222,1798,864
20.09,9.1,100.2,101.6,32.68,-0.227,1796,866
20.1,9.09,99.9,104.1,32.48,-0.235,1793,866
20.11,9.1,100,98.1,32.81,-0.242,1806,864
20.12,9.1,100.7,100.9,32.86,-0.242,1800,860
20.13,9.08,99.3,100.4,32.54,-0.247,1803,866
20.14,9.02,99.9,99.3,32.68,-0.25,1802,861
20.15,9.09,99.3,100.7,32.57,-0.265,1805,862
20.16,9.07,99.2,99.9,32.47,-0.266,1801,858
20.17,9.07,100.6,98.2,32.77,-0.269,1806,867
20.18,9.08,99.9,101.7,33.05,-0.273,1794,859
20.19,9.11,98.8,100.1,32.88,-0.272,1794,861
20.2,9.14,100.2,102.4,33.01,-0.27,1795,868
20.21,9.03,101.8,100.9,32.81,-0.286,1796,866
20.22,9.1,100.2,99.1,32.78,-0.287,1800,864
20.23,9.07,99.4,99.9,32.38,-0.292,1796,866
20.24,9.1,99,102.3,32.34,-0.288,1802,867
20.25,9.09,99.4,99.7,32.95,-0.296,1805,867
20.26,9.15,99.1,102,32.97,-0.296,1796,869
20.27,9.11,99.4,98.2,32.43,-0.295,1799,864
20.28,9.16,99.1,99.3,32.88,-0.301,1795,862
20.29,9.07,96.5,99.9,32.87,-0.304,1801,864
20.3,9.06,99.6,102.4,32.66,-0.297,1803,864
20.31,9.12,97.5,99.4,32.59,-0.303,1793,864
20.32,9.08,97.7,101.2,32.75,-0.301,1796,868
20.33,9.07,99.4,100.9,32.92,-0.306,1801,864
20.34,9.1,100.2,100.9,32.45,-0.3,1796,869
20.35,9.15,102.2,103,32.46,-0.296,1805,861
20.36,9.09,97.3,101.8,32.72,-0.291,1796,865
20.37,9.09,99.3,99.5,33.14,-0.3,1797,866
20.38,9.1,100.4,100.8,32.36,-0.293,1802,864
20.39,9.11,116,102.4,32.97,-0.295,1804,861
20.4,9.07,134.9,101.4,32.61,-0.289,1805,863
20.41,9.05,149.2,102.4,32.36,-0.293,1800,863
20.42,9.06,167.3,100.6,32.48,-0.29,1800,858
20.43,9.09,184.4,101.5,32.74,-0.28,1803,867
20.44,9.11,199.1,98.3,36.36,-0.28,1804,862
20.45,9.09,212.9,101.5,41.27,-0.283,1810,865
20.46,9.08,231,98.9,45.8,-0.279,1812,863
20.47,9.13,245.5,100.3,50.28,-0.27,1795,869
20.48,9.15,265.4,98.3,54.24,-0.259,1797,869
20.49,9.17,283.9,102.6,58.24,-0.252,1810,870
20.5,9.22,295.6,98.4,61.32,-0.241,1795,870
20.51,9.3,312.3,100.4,63.3,-0.235,1800,873
20.52,9.34,330,99.1,64.71,-0.22,1800,875
20.53,9.38,344.7,97.5,66.53,-0.208,1804,883
20.54,9.53,362.6,99.7,68.33,-0.195,1806,880
20.55,9.63,380.1,97.3,69.79,-0.185,1796,881
20.56,9.71,396.8,100.1,70.74,-0.165,1805,893
20.57,9.82,413.4,98.7,72.17,-0.159,1794,889
20.58,9.88,428.8,101.3,72.76,-0.142,1796,895
20.59,10.03,445.1,97.4,73.9,-0.12,1787,904
20.6,10.23,464.1,102.5,75.26,-0.109,1795,908
20.61,10.3,483.8,101.1,75.82,-0.095,1798,912
20.62,10.45,497,100.2,76.94,-0.076,1795,918
20.63,10.65,510.1,99.5,77.74,-0.059,1797,927
20.64,10.8,527.6,99,79.15,-0.056,1818,928
20.65,10.96,543.6,102.7,79.92,-0.04,1811,940
20.66,11.13,560.7,101.3,81.12,-0.029,1790,946
20.67,11.4,575.6,99.4,81.9,-0.017,1793,951
20.68,11.52,595,100.2,82.46,0.003,1800,959
20.69,11.78,613.6,102,83.47,0.011,1807,969
20.7,11.97,626.7,98.6,84.3,0.019,1805,977
20.71,12.28,646,99,85.46,0.033,1790,984
20.72,12.46,648.5,101.5,83.94,0.048,1797,1001
20.73,12.71,648.5,97.6,80.68,0.054,1797,1006
20.74,12.92,650.3,98.8,76.82,0.063,1800,1016
20.75,13.19,652,100.2,72.63,0.066,1793,1030
20.76,13.41,647.9,100.1,69.42,0.068,1803,1031
20.77,13.7,653.4,100.9,67.18,0.066,1793,1054
20.78,13.96,649.4,98.3,65.14,0.068,1799,1054
20.79,14.22,650.7,99.1,63.92,0.062,1802,1067
20.8,14.45,650.7,100.8,62.33,0.06,1792,1078
20.81,14.64,649.6,102.4,62.03,0.052,1809,1086
20.82,14.93,652,99.3,61.01,0.037,1799,1100
20.83,15.2,648.5,98.5,60.26,0.033,1795,1099
20.84,15.45,648.5,100.5,60.02,0.03,1796,1122
20.85,15.68,644.2,100.2,60.31,0.012,1784,1131
20.86,15.97,651.9,98.9,59.56,-0.001,1800,1132
20.87,16.16,650.5,101.6,60.01,-0.014,1805,1151
20.88,16.44,649.4,98.2,60.41,-0.024,1797,1154
20.89,16.64,648.6,98.7,60.12,-0.041,1793,1163
20.9,16.94,649.7,98.5,59.96,-0.056,1800,1176
20.91,17.12,651.7,99.8,60.07,-0.071,1808,1189
20.92,17.41,649,100.8,59.79,-0.085,1799,1194
20.93,17.71,650.4,99.2,59.87,-0.099,1802,1208
20.94,17.94,647.6,99.8,60.49,-0.113,1809,1221
20.95,18.15,652.5,98.4,60.9,-0.124,1805,1223
20.96,18.49,649.5,99.4,60.4,-0.141,1798,1239
20.97,18.67,651.4,98.9,60.59,-0.151,1795,1244
20.98,18.91,648.6,102.6,60.38,-0.162,1805,1263
20.99,19.18,652.7,98.8,60.63,-0.18,1808,1263
21,19.43,648.6,101.5,60.86,-0.183,1800,1276
21.01,19.7,651.4,100.4,60.36,-0.19,1799,1286
21.02,19.96,649.6,102.4,61.26,-0.2,1796,1300
21.03,20.21,650.8,98,61.18,-0.212,1798,1307
21.04,20.44,650.5,99,61.1,-0.215,1798,1316
21.05,20.72,649.4,99.1,60.92,-0.22,1804,1325
21.06,20.88,649.4,101.4,60.45,-0.22,1806,1336
21.07,21.18,651.1,101,61.13,-0.22,1806,1351
21.08,21.44,649,99.3,61.38,-0.226,1793,1360
21.09,21.69,648.6,98.2,61.49,-0.22,1798,1367
21.1,21.93,646.8,102.7,61.71,-0.221,1801,1375
21.11,22.14,648.5,99.5,61.09,-0.217,1800,1389
21.12,22.46,649.7,98.7,61.64,-0.215,1804,1397
21.13,22.67,649.9,99.3,61.93,-0.212,1799,1405
21.14,22.88,647.5,98.5,61.54,-0.204,1809,1416
21.15,23.14,650,99.2,61.92,-0.194,1804,1426
21.16,23.41,648.4,102.3,61.9,-0.19,1798,1435
21.17,23.69,649.2,99.3,62.2,-0.186,1803,1452
21.18,23.89,651.3,100.5,62.02,-0.171,1802,1459
21.19,24.2,654.7,99.3,61.42,-0.161,1814,1463
21.2,24.44,647.5,100.2,61.61,-0.153,1792,1474
21.21,24.73,651,100.1,62.3,-0.141,1793,1484
21.22,24.94,650.8,99,62.34,-0.127,1802,1495
21.23,25.12,651.9,98.8,61.9,-0.114,1807,1510
21.24,25.45,648.3,97.1,62.73,-0.101,1798,1518
21.25,25.66,650,101.2,62.64,-0.094,1790,1529
21.26,25.94,649.3,98.5,62.68,-0.078,1794,1537
21.27,26.22,650.3,100.6,62.69,-0.069,1799,1547
21.28,26.44,649.9,99.2,62.72,-0.056,1806,1552
21.29,26.7,650.4,99.8,63.2,-0.039,1797,1564
21.3,26.97,649.5,103,62.84,-0.033,1798,1577
21.31,27.22,648.6,99.4,63.2,-0.012,1795,1590
21.32,27.48,649.1,99.7,63.19,-0.008,1786,1592
21.33,27.66,650,98.7,63.04,0.009,1794,1609
21.34,27.94,647.7,100,63.16,0.02,1797,1618
21.35,28.15,645.3,101.1,63.14,0.031,1805,1630
21.36,28.46,649,99.8,63.26,0.037,1805,1632
21.37,28.64,649.1,99.2,63.43,0.047,1796,1644
21.38,28.93,650.6,97.9,63.41,0.064,1791,1658
21.39,29.16,652.5,101.9,63.76,0.064,1804,1662
21.4,29.41,649.8,97.7,63.96,0.076,1788,1681
21.41,29.67,647.1,98.7,63.61,0.085,1789,1686
21.42,29.88,651.5,101.9,63.63,0.09,1797,1697
21.43,30.17,649.5,100.8,64.37,0.102,1803,1706
21.44,30.45,650.1,101.3,64.08,0.107,1808,1718
21.45,30.67,649.5,100.2,64.07,0.106,1795,1729
21.46,30.9,649.8,97.4,64.07,0.115,1792,1733
21.47,31.16,650.1,103,63.54,0.119,1806,1748
21.48,31.43,650.1,99.7,64.38,0.127,1808,1759
21.49,31.65,650.3,101.3,64.42,0.128,1807,1770
21.5,31.96,650.1,98.6,64.27,0.128,1802,1780
21.51,32.17,650.8,99.9,64.23,0.129,1797,1786
21.52,32.41,648.5,98.6,64.4,0.128,1803,1796
21.53,32.68,648.4,101.3,64.8,0.135,1803,1803
21.54,32.94,650.6,99.8,64.84,0.132,1798,1814
21.55,33.21,651.9,101.2,64.54,0.14,1791,1824
21.56,33.38,648,102,65.22,0.135,1805,1835
21.57,33.68,648.6,98.8,64.73,0.137,1808,1845
21.58,33.91,647.7,100,65.11,0.137,1796,1859
21.59,34.19,648.4,97.8,65.03,0.14,1799,1873
21.6,34.41,649.9,100.9,65.2,0.139,1801,1879
21.61,34.68,649,103,65.43,0.135,1806,1883
21.62,34.95,651,100.3,65.42,0.137,1808,1898
21.63,35.16,649.1,96.4,65.1,0.138,1815,1909
21.64,35.44,650.5,98.6,65.44,0.133,1800,1919
21.65,35.64,649.4,100.1,65.79,0.134,1792,1930
21.66,35.95,648.7,98.1,65.87,0.131,1804,1934
21.67,36.17,649.4,100.3,65.32,0.136,1799,1946
21.68,36.42,651.4,104.6,66,0.133,1810,1960
21.69,36.69,650.8,101.5,65.82,0.131,1803,1966
21.7,36.91,649.2,100.4,66.79,0.125,1796,1974
21.71,37.19,652.2,101.2,65.82,0.135,1801,1989
21.72,37.44,651.3,99.9,66.14,0.132,1806,1998
21.73,37.67,646.8,103.3,66.1,0.133,1798,2011
21.74,37.9,651.8,100.4,66.21,0.134,1796,2016
21.75,38.17,652.3,98,66.64,0.136,1799,2026
21.76,38.38,648.3,98.8,66.18,0.132,1807,2041
21.77,38.72,650.3,99.7,67.03,0.136,1790,2044
21.78,38.93,650,100.6,66.27,0.142,1807,2058
21.79,39.15,649.9,104.3,66.37,0.144,1805,2066
21.8,39.45,650.2,102.3,66.77,0.148,1810,2078
21.81,39.65,652.6,101.6,66.49,0.148,1796,2085
21.82,39.9,649.4,100.6,67.02,0.152,1788,2100
21.83,40.22,651.1,98.7,67.09,0.156,1799,2105
21.84,40.38,650.3,100,67.21,0.158,1789,2114
21.85,40.71,651.2,98.3,67.09,0.164,1793,2128
21.86,40.96,654,100,66.92,0.168,1792,2137
21.87,41.16,651.9,97.4,66.88,0.169,1791,2149
21.88,41.5,650.3,98.6,67.26,0.18,1795,2155
21.89,41.67,651.5,98.6,67.58,0.183,1802,2170
21.9,41.95,649.5,99.6,67.09,0.189,1806,2179
21.91,42.18,648.8,98.3,67.4,0.188,1800,2179
21.92,42.42,651.1,98.6,67.32,0.195,1797,2195
21.93,42.71,651,97.4,68.29,0.198,1799,2209
21.94,42.93,649.9,99.2,67.63,0.206,1808,2213
21.95,43.14,652.4,102.3,67.55,0.212,1800,2231
21.96,43.41,648,99.8,68.14,0.221,1788,2239
21.97,43.68,651.9,98.1,67.81,0.225,1795,2249
21.98,44,648.8,98.8,68.15,0.231,1800,2258
21.99,44.19,651.1,99.5,68.13,0.238,1797,2268
22,44.43,651.4,100.5,68.1,0.243,1806,2278
22.01,44.71,649,100.1,67.81,0.248,1812,2282
22.02,44.91,649.6,99.6,68.25,0.251,1818,2296
22.03,45.19,651,101.3,68.33,0.263,1804,2306
22.04,45.48,650.9,101,68.78,0.267,1804,2312
22.05,45.65,651.7,100.2,68.31,0.27,1801,2325
22.06,45.92,648.8,96.7,68.34,0.276,1804,2338
22.07,46.22,648.7,99.8,68.46,0.279,1802,2342
22.08,46.45,652.1,99.2,68.91,0.287,1796,2365
22.09,46.66,650.2,104.1,69.16,0.296,1796,2365
22.1,46.94,649.9,99.9,69.09,0.302,1816,2381
22.11,47.18,651.7,100.2,69.65,0.309,1812,2390
22.12,47.45,649.6,97.9,68.66,0.306,1807,2398
22.13,47.62,651.1,102,68.73,0.313,1800,2404
22.14,47.92,648.7,101.6,68.92,0.32,1790,2416
22.15,48.15,650.2,100.1,69.1,0.323,1807,2428
22.16,48.45,650.4,100.8,69.45,0.321,1800,2436
22.17,48.72,653.4,98.9,69.14,0.326,1805,2440
22.18,48.98,652.2,99.4,69.58,0.335,1790,2460
22.19,49.17,651.5,101.2,69.64,0.339,1807,2465
22.2,49.44,651.1,100.3,69.56,0.344,1803,2481
22.21,49.67,652.1,98.4,69.69,0.342,1796,2486
22.22,49.91,648.7,100.8,69.77,0.352,1792,2501
22.23,50.18,650.1,100.1,70.12,0.353,1801,2508
22.24,50.42,649.9,103.7,70.16,0.357,1799,2517
22.25,50.64,648.6,98.6,69.62,0.363,1803,2524
22.26,50.91,650.7,102.5,70.15,0.369,1803,2531
22.27,51.24,651.3,102.9,70.77,0.363,1802,2547
22.28,51.43,651.2,96.9,69.98,0.368,1798,2554
22.29,51.67,648.2,102,70.77,0.376,1800,2572
22.3,51.95,648.8,97.2,70.18,0.377,1804,2575
22.31,52.18,650.4,99,70.43,0.376,1805,2589
22.32,52.42,647.5,99.2,70.64,0.381,1804,2600
22.33,52.68,649,99.5,70.39,0.38,1806,2609
22.34,52.95,648.8,97.7,70.44,0.386,1803,2616
22.35,53.13,649.6,101.7,70.92,0.392,1799,2630
22.36,53.37,648.3,100,71.05,0.386,1804,2633
22.37,53.68,650.7,101.2,70.87,0.393,1799,2647
22.38,53.94,651.9,101.4,70.94,0.395,1802,2659
22.39,54.16,649.4,99.7,71.33,0.399,1794,2666
22.4,54.51,649.3,99.2,71.12,0.403,1796,2680
22.41,54.7,651.3,100.1,71.63,0.4,1797,2695
22.42,54.9,648.8,100.1,71.26,0.406,1802,2697
22.43,55.15,648.4,100,71.43,0.406,1800,2706
22.44,55.45,650.2,100.3,70.67,0.409,1789,2715
22.45,55.66,648.2,100.9,71.59,0.418,1797,2727
22.46,55.92,649.7,100.4,71.6,0.421,1799,2742
22.47,56.17,649.2,100.9,71.79,0.423,1797,2750
22.48,56.35,648.6,102.8,71.24,0.425,1797,2760
22.49,56.72,651.4,99.2,71.32,0.424,1800,2766
22.5,56.9,650.3,101,71.92,0.431,1800,2778
22.51,57.25,653,99.9,71.99,0.438,1790,2793
22.52,57.4,651,101.4,71.82,0.438,1812,2792
22.53,57.67,650.4,100.3,72.81,0.441,1797,2811
22.54,57.98,649.5,98.9,71.98,0.446,1806,2818
22.55,58.13,649.9,99.6,73.03,0.456,1803,2824
22.56,58.43,652.4,100.2,72.41,0.454,1801,2837
22.57,58.62,651.5,98.7,72.7,0.456,1806,2844
22.58,58.97,648.6,100.5,72.54,0.463,1792,2858
22.59,59.22,654.6,99.8,72.61,0.469,1791,2863
22.6,59.49,652.4,101.9,72.44,0.466,1796,2879
22.61,59.72,649.1,99.6,72.79,0.471,1808,2886
22.62,59.94,649.3,98.1,72.52,0.478,1802,2897
22.63,60.2,647.4,100,73.2,0.479,1796,2904
22.64,60.37,648.2,99.9,73.17,0.483,1796,2922
22.65,60.66,649.9,98.8,73.24,0.487,1801,2927
22.66,60.94,653.3,100.2,73.01,0.495,1800,2935
22.67,61.24,645.7,100.7,73.31,0.497,1798,2946
22.68,61.44,651.4,101.6,73.54,0.504,1787,2961
22.69,61.7,650.4,98.3,73.25,0.516,1801,2967
22.7,61.96,651.2,100,73.25,0.511,1793,2979
22.71,62.15,648.9,99.7,73.28,0.51,1796,2981
22.72,62.42,648.3,101.7,73.76,0.522,1797,3002
22.73,62.68,648.6,99.9,73.89,0.533,1796,3005
22.74,62.89,650.2,100.8,73.58,0.529,1791,3018
22.75,63.19,651.7,101.2,73.7,0.532,1786,3030
22.76,63.38,654.4,100.7,73.89,0.54,1795,3039
22.77,63.67,650.1,101,73.67,0.54,1801,3046
22.78,63.9,649.7,99.5,74.04,0.544,1805,3061
22.79,64.16,647.5,100.2,74.06,0.552,1789,3067
22.8,64.43,650.2,100.5,74.19,0.553,1810,3075
22.81,64.64,648.5,98.5,74.3,0.55,1808,3090
22.82,64.91,650.9,98.8,74.34,0.563,1808,3092
22.83,65.16,650.2,101,74.82,0.57,1802,3107
22.84,65.43,649.6,98.6,74.96,0.567,1798,3117
22.85,65.67,650.2,99.1,74.3,0.572,1795,3125
22.86,65.95,646.4,100.8,74.57,0.579,1797,3135
22.87,66.15,649.3,100.5,75.02,0.576,1807,3148
22.88,66.41,648.7,100.1,74.74,0.584,1807,3158
22.89,66.7,649.6,99,74.79,0.589,1803,3172
22.9,66.92,650.1,100,74.83,0.591,1798,3178
22.91,67.19,648.4,98,74.86,0.593,1794,3190
22.92,67.51,650.7,98.7,74.77,0.6,1803,3199
22.93,67.67,647.9,100.2,75.07,0.604,1798,3207
22.94,67.93,651.6,102.6,75.54,0.608,1803,3219
22.95,68.15,649.5,99.6,75.38,0.61,1801,3227
22.96,68.46,649.8,99.4,75.29,0.616,1798,3232
22.97,68.61,651,102,75.43,0.618,1803,3244
22.98,68.9,648.2,98.7,75.35,0.615,1805,3256
22.99,69.2,652.8,100.7,75.66,0.628,1805,3272
23,69.43,651.7,98.4,75.64,0.627,1796,3282
23.01,69.68,651.2,100.7,75.5,0.634,1796,3290
23.02,69.95,650.1,97.6,75.86,0.636,1808,3299
23.03,70.21,649.6,101.8,75.78,0.644,1799,3306
23.04,70.42,647.9,100.1,75.65,0.642,1788,3319
23.05,70.64,652.6,104.4,76.67,0.644,1794,3323
23.06,70.92,651,97.7,76.15,0.65,1799,3336
23.07,71.18,650,99.7,76.32,0.656,1803,3350
23.08,71.41,649,100.4,75.99,0.655,1798,3357
23.09,71.65,647.9,97,76.33,0.663,1805,3364
23.1,71.9,648.2,102.2,76.36,0.67,1795,3378
23.11,72.21,653.2,101.8,76.59,0.668,1798,3388
23.12,72.38,652.4,99.5,77.35,0.668,1797,3401
23.13,72.71,647.7,100.7,76.62,0.678,1802,3402
23.14,72.9,650,100.5,76.6,0.675,1793,3417
23.15,73.19,648.8,101.4,76.36,0.685,1796,3433
23.16,73.41,651.9,101.3,76.68,0.686,1796,3439
23.17,73.61,644.4,98.8,75.76,0.695,1800,3448
23.18,73.92,638.5,102.6,73.62,0.689,1794,3460
23.19,74.13,630.4,100.2,72.42,0.692,1798,3465
23.2,74.45,625.1,101.1,69.81,0.696,1791,3476
23.21,74.64,617.7,98.7,68.17,0.704,1807,3488
23.22,74.82,608.5,100.6,67.39,0.698,1797,3493
23.23,75.1,601.9,101.2,66.8,0.704,1801,3502
23.24,75.33,599.4,99.5,65.48,0.704,1802,3512
23.25,75.61,591.4,102.1,65.06,0.705,1814,3522
23.26,75.75,585.2,100.8,63.67,0.705,1797,3527
23.27,76.02,577.6,99.6,63.62,0.702,1801,3536
23.28,76.25,572,97.9,62.91,0.704,1797,3551
23.29,76.46,564.3,101.4,62.38,0.703,1809,3559
23.3,76.66,557.1,99.4,62.24,0.696,1804,3566
23.31,76.79,553.8,102.4,61.74,0.704,1801,3570
23.32,77.03,545.3,100.6,61.78,0.7,1798,3587
23.33,77.25,536.4,99.7,61.04,0.701,1796,3595
23.34,77.5,531.5,100,61.13,0.698,1795,3598
23.35,77.66,523.8,102.2,60.72,0.697,1808,3604
23.36,77.83,517.9,100.7,60.09,0.702,1799,3613
23.37,77.96,511.6,100.6,60.02,0.696,1798,3615
23.38,78.19,504.6,101,59.66,0.698,1801,3631
23.39,78.32,498.7,99.6,59.4,0.694,1797,3630
23.4,78.52,494.4,100,59.04,0.692,1801,3641
23.41,78.73,484.4,99,58.25,0.696,1802,3644
23.42,78.9,481.1,100.6,58.47,0.692,1800,3655
23.43,78.98,471,98.9,58.6,0.691,1808,3661
23.44,79.16,462.1,99.5,58.01,0.695,1786,3670
23.45,79.34,458.6,100.3,57.86,0.691,1796,3674
23.46,79.47,453.5,99.2,57.14,0.697,1800,3682
23.47,79.61,444.2,103.1,57.22,0.701,1803,3687
23.48,79.79,440.1,99.8,56.62,0.697,1799,3691
23.49,79.9,431.5,100.3,56.23,0.697,1790,3698
23.5,80.07,426.4,99.7,55.68,0.697,1803,3698
23.51,80.24,419.4,100.8,55.45,0.698,1797,3703
23.52,80.34,411.9,99.4,54.98,0.705,1794,3714
23.53,80.46,405.9,99.8,55.23,0.712,1801,3717
23.54,80.56,397.6,97.7,54.42,0.708,1809,3724
23.55,80.61,391.3,98.4,54.59,0.708,1795,3732
23.56,80.82,386.7,102.5,54,0.711,1793,3731
23.57,80.86,379.6,99.3,53.92,0.711,1798,3741
23.58,81.03,374.3,101.6,53.1,0.711,1806,3741
23.59,81.12,366.2,99.6,52.96,0.717,1788,3745
23.6,81.2,356.4,99.3,52.89,0.72,1804,3756
23.61,81.36,350.4,98.8,53.04,0.722,1800,3752
23.62,81.36,348.8,103.5,52.33,0.731,1798,3755
23.63,81.51,341.3,101.3,52.02,0.734,1812,3765
23.64,81.57,333.5,101.5,51.74,0.733,1801,3763
23.65,81.68,325.8,99.3,51.16,0.736,1811,3768
23.66,81.79,319.2,100.3,50.41,0.741,1795,3774
23.67,81.85,312.9,98.5,50.75,0.745,1808,3771
23.68,81.94,306.9,102,50.04,0.749,1798,3776
23.69,81.99,301.1,103.3,49.9,0.755,1791,3782
23.7,82.01,292.7,99.2,49.63,0.753,1806,3785
23.71,82.14,287.5,100.7,49.02,0.762,1798,3785
23.72,82.21,279.6,103,49.4,0.759,1800,3790
23.73,82.24,273.2,99,48.5,0.767,1804,3789
23.74,82.27,266.8,99.2,48.55,0.761,1797,3792
23.75,82.37,261.2,101.9,48.18,0.769,1800,3792
23.76,82.36,255.4,98.8,47.75,0.775,1801,3795
23.77,82.4,246.4,102.2,47.1,0.773,1802,3791
23.78,82.43,240.8,104.1,46.85,0.777,1798,3798
23.79,82.49,233.8,100.5,46.58,0.771,1799,3801
23.8,82.52,225.9,97.5,46.81,0.783,1806,3801
23.81,82.6,220.5,98.3,45.88,0.78,1801,3799
23.82,82.56,211.6,100.9,45.37,0.787,1799,3802
23.83,82.65,208.8,99.4,45.01,0.788,1811,3807
23.84,82.61,203.5,101,44.41,0.784,1800,3805
23.85,82.69,194.2,99.7,44.77,0.786,1794,3807
23.86,82.62,188,99.8,44.06,0.782,1795,3809
23.87,82.6,181.5,100.3,43.86,0.782,1809,3805
23.88,82.67,171.6,98.4,45.13,0.786,1795,3805
23.89,82.64,167.6,100.2,46.73,0.802,1802,3804
23.9,82.64,161.9,101.5,48.69,0.794,1789,3806
23.91,82.64,154.1,97.4,49.79,0.794,1795,3807
23.92,82.68,147.4,100.3,50.52,0.795,1797,3803
23.93,82.66,141.7,102.2,51.76,0.794,1802,3804
23.94,82.62,135.6,98.2,52.34,0.802,1802,3810
23.95,82.67,130.6,99,53.07,0.799,1804,3807
23.96,82.66,119.7,101.3,54.01,0.801,1814,3811
23.97,82.67,115.3,101.2,54.27,0.805,1806,3808
23.98,82.67,108.5,98.6,54.25,0.81,1801,3810
23.99,82.63,103.5,98.5,54.8,0.809,1809,3810
24,82.67,99.5,100.9,54.53,0.815,1801,3807
24.01,82.72,100.2,100.6,54.64,0.815,1796,3811
24.02,82.66,98.2,100.9,54.87,0.823,1799,3806
24.03,82.6,102,102.1,54.76,0.82,1805,3802
24.04,82.64,102.3,101.6,54.66,0.827,1795,3804
24.05,82.67,99.5,98.8,54.77,0.828,1795,3807
24.06,82.62,100.8,100.3,54.67,0.836,1802,3806
24.07,82.65,101.3,101.8,55.1,0.843,1806,3808
24.08,82.65,98.6,101.4,54.81,0.838,1790,3805
24.09,82.62,98.1,101,54.66,0.843,1801,3801
24.1,82.64,101.2,99.8,55.07,0.844,1802,3804
24.11,82.66,98.6,99.8,54.51,0.842,1802,3810
24.12,82.71,101.3,101.6,54.86,0.849,1799,3806
24.13,82.74,98.7,99.4,54.66,0.853,1800,3809
24.14,82.66,99.4,99.3,54.93,0.855,1796,3810
24.15,82.61,99.3,100.6,54.75,0.856,1797,3811
24.16,82.67,100.3,100.5,54.29,0.856,1801,3804
24.17,82.7,101,98.2,55.05,0.86,1803,3813
24.18,82.62,98.6,99.1,55.03,0.86,1801,3810
24.19,82.66,100.3,100.5,54.94,0.867,1800,3804
24.2,82.66,101.3,99.3,54.58,0.861,1800,3806
24.21,82.64,99.4,100.5,55.02,0.864,1797,3807
24.22,82.66,99.7,101.9,54.47,0.861,1800,3805
24.23,82.64,99.5,100.1,54.8,0.861,1801,3806
24.24,82.65,100.3,99.5,55.02,0.865,1799,3805
24.25,82.66,99.8,100.1,54.9,0.863,1805,3809
24.26,82.66,98.9,98.9,54.69,0.863,1808,3806
24.27,82.64,100.1,98.2,54.47,0.864,1818,3805
24.28,82.62,98,102.3,54.77,0.86,1803,3809
24.29,82.57,100,100.2,54.77,0.858,1793,3807
24.3,82.64,99.5,101.2,54.58,0.864,1803,3809
24.31,82.62,98.7,100.7,54.84,0.86,1801,3803
24.32,82.61,99.8,101,54.84,0.856,1799,3806
24.33,82.68,99.3,100.5,55.22,0.855,1794,3810
24.34,82.67,99.4,100,54.84,0.851,1802,3806
24.35,82.64,102.8,101.8,55.02,0.855,1797,3805
24.36,82.66,102.6,98.1,54.79,0.859,1801,3812
24.37,82.65,102.4,98.5,54.72,0.849,1800,3806
24.38,82.63,101.2,100.8,54.95,0.852,1821,3808
24.39,82.65,98.6,98.9,54.86,0.845,1800,3805
24.4,82.66,100.9,100.4,55.13,0.843,1800,3809
24.41,82.65,100.3,101.9,54.7,0.844,1793,3810
24.42,82.7,99,99.4,55.06,0.85,1804,3806
24.43,82.61,99.4,101.1,54.83,0.838,1804,3807
24.44,82.65,99.1,100.9,54.8,0.842,1804,3805
24.45,82.71,99,100.6,54.64,0.843,1796,3811
24.46,82.68,96,101.9,54.91,0.84,1797,3805
24.47,82.69,96.7,99,54.76,0.836,1803,3807
24.48,82.67,98.9,99.7,54.82,0.836,1803,3807
24.49,82.68,99.3,102.5,54.61,0.834,1805,3806
24.5,82.69,101.1,101.7,54.91,0.836,1790,3806
24.51,82.67,99,101.1,54.37,0.833,1797,3806
24.52,82.62,98.7,100.1,55,0.83,1792,3810
24.53,82.66,100,99.4,54.99,0.83,1800,3807
24.54,82.71,99.4,100.1,55.04,0.83,1810,3815
24.55,82.64,99.1,99,54.8,0.829,1799,3809
24.56,82.65,104.1,101.6,54.77,0.83,1814,3814
24.57,82.64,99.7,96.3,54.75,0.827,1801,3805
24.58,82.68,100.6,99.6,55.24,0.827,1796,3806
24.59,82.64,98.7,100.6,55.11,0.829,1807,3806
24.6,82.67,101.9,100.5,55.09,0.827,1804,3803
24.61,82.65,100.6,100,55.02,0.822,1797,3802
24.62,82.71,100.6,100.4,54.62,0.833,1802,3807
24.63,82.68,103.6,99.5,55.38,0.829,1801,3808
24.64,82.64,99.7,100,54.8,0.826,1795,3804
24.65,82.63,98.8,100.3,54.75,0.831,1789,3808
24.66,82.65,101.2,99.9,54.65,0.829,1806,3807
24.67,82.68,101,106.6,54.62,0.829,1799,3810
24.68,82.66,101.1,112.8,54.49,0.829,1813,3809
24.69,82.71,100.5,116.2,54.87,0.83,1784,3805
24.7,82.67,100,121.1,54.78,0.836,1805,3805
24.71,82.66,98.1,127,54.92,0.827,1804,3806
24.72,82.66,100.1,134.9,54.72,0.837,1807,3805
24.73,82.71,99.4,138.5,54.7,0.838,1796,3807
24.74,82.68,98.4,143.7,55.38,0.835,1795,3811
24.75,82.68,98.5,148.5,54.71,0.832,1801,3803
24.76,82.68,100,159,54.76,0.838,1805,3806
24.77,82.68,99.5,160.3,54.84,0.836,1797,3807
24.78,82.65,100.2,167.5,54.98,0.836,1808,3802
24.79,82.66,99.4,169.8,54.89,0.839,1806,3803
24.8,82.66,100.8,178.4,55.01,0.838,1794,3809
24.81,82.65,98.4,182.3,54.39,0.834,1799,3802
24.82,82.67,99.1,190,53.23,0.845,1813,3804
24.83,82.67,100.3,195.8,50.99,0.838,1799,3806
24.84,82.67,102.2,198.9,49.57,0.839,1802,3811
24.85,82.64,97.7,204.6,48.62,0.835,1803,3805
24.86,82.59,100.3,205.8,46.72,0.835,1800,3803
24.87,82.6,98.3,217.7,45.49,0.832,1802,3807
24.88,82.6,100.6,224.7,44.26,0.822,1794,3798
24.89,82.58,99.1,224.7,43.47,0.809,1809,3808
24.9,82.54,98.5,232.6,43.23,0.812,1805,3796
24.91,82.55,101.9,237.4,42.75,0.802,1810,3799
24.92,82.51,97.7,241.9,42.67,0.789,1797,3801
24.93,82.44,98.6,247.7,41.85,0.781,1808,3797
24.94,82.45,99.7,254.1,41.62,0.774,1805,3798
24.95,82.39,101.8,258.2,41.04,0.768,1798,3792
24.96,82.33,101,265.6,41.67,0.754,1795,3791
24.97,82.32,102.3,268.7,40.94,0.743,1796,3792
24.98,82.16,100.5,275.1,41.21,0.726,1796,3791
24.99,82.14,99.8,280.4,41.37,0.718,1805,3786
25,82.09,102.1,285.6,40.35,0.71,1798,3785
25.01,82.03,98.2,293,41.02,0.699,1795,3786
25.02,81.94,99.4,296.5,40.45,0.688,1805,3781
25.03,81.88,102.9,303.3,40.52,0.675,1798,3777
25.04,81.81,100.1,309.2,40.36,0.667,1804,3770
25.05,81.73,98.7,313.4,40.29,0.66,1801,3771
25.06,81.68,99.1,316,40.27,0.652,1804,3773
25.07,81.57,98.7,325.9,40.04,0.631,1796,3764
25.08,81.49,101,328,40.48,0.629,1793,3762
25.09,81.42,97.5,338.8,40.04,0.626,1797,3753
25.1,81.25,99.7,341.3,39.49,0.616,1795,3751
25.11,81.19,99.2,345.8,39.35,0.606,1807,3745
25.12,81.15,98.4,353.8,39.6,0.595,1809,3751
25.13,81.01,100.6,356.8,39.29,0.593,1804,3745
25.14,80.89,97.7,364.9,39.51,0.593,1802,3735
25.15,80.85,98.6,368.4,38.81,0.586,1792,3734
25.16,80.69,98.8,372.7,39.12,0.582,1799,3726
25.17,80.61,97.8,381.6,38.66,0.578,1805,3722
25.18,80.43,98.7,385.7,38.77,0.571,1802,3715
25.19,80.27,100.4,392.5,38.94,0.572,1804,3717
25.2,80.16,99.2,396.7,38.41,0.572,1799,3709
25.21,80.05,101.7,400,38.18,0.568,1804,3703
25.22,79.98,101.2,409.6,38.54,0.574,1803,3696
25.23,79.81,97.8,412.5,38.59,0.571,1802,3688
25.24,79.64,100.2,407.4,41,0.571,1807,3688
25.25,79.46,99,403,44.94,0.578,1806,3684
25.26,79.33,99.6,393.9,48.79,0.581,1799,3676
25.27,79.19,98.7,389.5,52.38,0.589,1801,3675
25.28,79.03,99.5,381.5,55.89,0.602,1808,3667
25.29,78.93,101,372,58.01,0.608,1802,3652
25.3,78.83,100.5,366.4,59.89,0.629,1801,3649
25.31,78.7,101,359.1,60.81,0.648,1791,3651
25.32,78.54,101.5,353,62.36,0.67,1796,3639
25.33,78.44,98.8,349,63.43,0.676,1801,3637
25.34,78.32,98.8,340.9,63.79,0.709,1795,3635
25.35,78.21,99,333.8,64.37,0.722,1798,3636
25.36,78.16,98.9,325.1,64.42,0.754,1793,3628
25.37,78,99.4,320.5,65.42,0.776,1791,3624
25.38,77.95,103.3,314.6,65.57,0.798,1801,3620
25.39,77.86,98.7,306.6,65.17,0.822,1806,3609
25.4,77.84,97.2,304.9,65.79,0.853,1800,3609
25.41,77.71,101,295,65.53,0.879,1792,3608
25.42,77.62,99.8,286.2,66.08,0.902,1803,3607
25.43,77.54,102.3,281,65.37,0.927,1799,3603
25.44,77.46,99,274.9,65.94,0.947,1804,3605
25.45,77.42,101.1,269,65.94,0.97,1787,3600
25.46,77.31,98.3,260.8,66.27,0.996,1801,3590
25.47,77.29,100.7,252.4,66.08,1.014,1799,3590
25.48,77.28,99.7,249.4,66.66,1.032,1793,3589
25.49,77.2,101.5,242.6,66.36,1.048,1800,3589
25.5,77.16,99,236,66.15,1.068,1804,3589
25.51,77.13,101.2,229.8,66.98,1.09,1804,3582
25.52,77.09,100.7,221.1,67.1,1.096,1813,3581
25.53,77.05,100.3,213.9,67.39,1.107,1792,3581
25.54,77.07,103.5,210.7,66.85,1.125,1805,3588
25.55,76.94,97.6,201,67.02,1.127,1797,3580
25.56,77.01,103.1,194.6,67.1,1.13,1798,3580
25.57,76.96,100.1,188,67.24,1.144,1790,3576
25.58,76.95,99.2,184.2,67.71,1.135,1803,3576
25.59,76.96,97,176.2,66.15,1.145,1790,3579
25.6,76.96,100.7,170.4,63.7,1.143,1814,3583
25.61,76.92,101.4,163.1,61.92,1.135,1808,3578
25.62,76.96,97.8,154.3,59.4,1.132,1803,3579
25.63,76.96,100.1,150.5,57.6,1.122,1792,3584
25.64,76.95,100,141.5,56.61,1.109,1787,3576
25.65,76.9,101.1,135.5,55.83,1.102,1793,3578
25.66,76.94,100.5,130.3,55.35,1.079,1805,3576
25.67,76.9,100.7,123.2,54.6,1.067,1797,3573
25.68,76.95,99.6,120.4,54.43,1.046,1803,3576
25.69,76.93,100.1,108.3,53.58,1.027,1804,3583
25.7,76.94,100.6,102.2,53.42,1.002,1798,3578
25.71,76.94,98.2,101.7,53.3,0.983,1811,3582
25.72,76.92,100.6,98.6,53.54,0.956,1801,3574
25.73,76.95,101.1,98.5,53.66,0.928,1806,3580
25.74,76.93,99.1,98.7,53.69,0.9,1798,3577
25.75,76.94,99.8,96.6,53.21,0.877,1803,3575
25.76,76.99,103,100.9,53.1,0.855,1796,3581
25.77,76.92,99.4,101.4,53.11,0.836,1810,3582
25.78,76.95,98.2,99.9,53.31,0.809,1798,3571
25.79,76.91,99.2,101.4,52.71,0.783,1805,3577
25.8,76.99,100.4,101.1,52.9,0.763,1792,3581
25.81,76.92,99.6,100.9,53.13,0.742,1799,3579
25.82,76.9,99.1,99.4,53.26,0.716,1795,3580
25.83,77,99.3,101,53.2,0.694,1799,3579
25.84,76.94,96.4,99,52.93,0.674,1809,3578
25.85,76.92,98.8,102.6,53.03,0.659,1812,3577
25.86,76.98,100.1,102.6,52.77,0.644,1811,3577
25.87,76.89,100.9,99.8,53.18,0.63,1815,3578
25.88,76.97,102.5,99.5,52.78,0.616,1801,3580
25.89,76.97,99.6,98.3,52.67,0.601,1797,3583
25.9,76.88,99.7,102.1,52.69,0.59,1803,3576
25.91,76.97,102.3,100.3,53.22,0.583,1800,3573
25.92,76.97,101.1,100.6,53.29,0.579,1809,3569
25.93,76.99,100.8,103.1,52.77,0.571,1804,3578
25.94,76.9,100,98.5,53.21,0.57,1801,3583
25.95,76.89,99.4,98.8,52.78,0.568,1796,3578
25.96,76.97,99.9,99.1,53.1,0.565,1801,3581
25.97,76.95,96.8,101.8,52.97,0.567,1801,3583
25.98,76.94,98.4,100.2,53.41,0.568,1818,3578
25.99,76.98,100,98.3,52.94,0.575,1802,3581
26,76.94,100.3,99.8,53.18,0.579,1803,3578
26.01,76.9,103.1,100.1,53.29,0.585,1798,3578
26.02,76.95,96,99.7,53.4,0.593,1794,3576
26.03,76.96,100,99.1,53.11,0.6,1798,3576
26.04,76.93,99.8,102,53.21,0.612,1800,3580
26.05,76.93,99.5,102.5,53.19,0.618,1804,3580
26.06,76.93,98.1,97.4,53.43,0.635,1796,3581
26.07,76.94,98.3,99.7,52.78,0.642,1794,3574
26.08,76.97,100.2,101.9,53.25,0.653,1806,3581
26.09,76.96,99.7,97.8,53.46,0.662,1798,3582
26.1,76.92,101,100.6,53.02,0.678,1796,3579
26.11,76.93,99.1,102.7,52.84,0.685,1816,3577
26.12,76.93,99.2,98.8,53.16,0.698,1795,3585
26.13,77.01,101.1,97,52.7,0.715,1795,3584
26.14,76.95,97.9,102,53.64,0.728,1806,3579
26.15,76.99,100.3,99,52.97,0.734,1795,3572
26.16,76.96,98.6,99.6,53.04,0.749,1808,3578
26.17,76.95,100.8,100.6,52.98,0.764,1802,3577
26.18,76.98,100.1,100,53.16,0.769,1798,3576
26.19,76.94,99.2,99.7,53.16,0.778,1786,3575
26.2,76.94,99.6,99.9,53.03,0.788,1790,3577
26.21,76.95,100.5,100.9,53.08,0.794,1788,3581
26.22,76.92,99,102,53.39,0.81,1793,3573
26.23,76.96,99.4,100.7,53.34,0.813,1798,3576
26.24,76.92,99.5,99.2,53.45,0.821,1795,3576
26.25,76.96,102,99.3,53.06,0.827,1792,3582
26.26,76.97,102.2,100.6,52.54,0.831,1807,3578
26.27,76.94,99.3,99.2,53.05,0.838,1801,3580
26.28,77.02,98.8,98.6,53.27,0.837,1802,3579
26.29,76.92,97,99.7,53.42,0.844,1804,3580
26.3,76.96,101.5,99.8,53.19,0.848,1797,3575
26.31,76.97,99,101.8,53.29,0.844,1803,3577
26.32,76.95,99.6,99.2,53.63,0.843,1806,3575
26.33,76.99,100.8,99.3,52.99,0.842,1796,3578
26.34,76.99,96.7,98.9,53.05,0.842,1801,3580
26.35,76.94,100.4,98.9,53.23,0.845,1804,3577
26.36,76.96,98.8,100.2,53.1,0.835,1806,3579
26.37,76.91,98.1,101.4,53.21,0.833,1800,3580
26.38,76.95,101.9,100.1,53.12,0.844,1795,3582
26.39,76.96,101.1,101.3,53.49,0.83,1800,3576
26.4,76.94,99.3,102.2,53.15,0.826,1800,3578
26.41,76.94,100,98.1,52.72,0.823,1806,3581
26.42,76.98,98.2,98.9,53.46,0.814,1801,3573
26.43,76.96,97.8,98.6,53.16,0.81,1795,3578
26.44,76.97,99.3,100.7,53.42,0.806,1799,3577
26.45,76.96,98.3,97,53.48,0.802,1780,3574
26.46,76.96,96.9,101.5,53,0.794,1796,3576
26.47,76.95,99.3,102,53.21,0.787,1796,3579
26.48,76.94,101.6,102.5,53.35,0.783,1798,3582
26.49,76.95,101.5,101.6,53.41,0.775,1794,3577
26.5,76.95,101.2,100.2,52.96,0.769,1798,3581
26.51,76.93,97.2,100.8,52.62,0.769,1801,3573
26.52,76.87,101.3,100.8,53.03,0.76,1799,3578
26.53,76.95,100.4,100,52.72,0.755,1799,3581
26.54,76.89,101,100.3,53.18,0.752,1802,3578
26.55,76.9,98.9,100.8,52.85,0.746,1794,3578
26.56,76.95,99.4,99.7,52.82,0.734,1797,3580
26.57,77.02,98.3,96.2,53.05,0.733,1806,3581
26.58,76.93,101.3,100,52.85,0.731,1797,3571
26.59,76.96,101.5,101.7,52.77,0.728,1802,3573
26.6,76.96,99.7,100.7,52.94,0.722,1804,3579
26.61,76.95,98.4,98.4,52.74,0.719,1804,3579
26.62,76.96,98.2,97,52.68,0.721,1795,3583
26.63,76.96,101,100,53.24,0.708,1807,3578
26.64,76.98,96.7,100.3,53.5,0.713,1805,3575
26.65,76.93,100.6,100.4,53.05,0.714,1806,3581
26.66,76.92,98.3,100.4,52.93,0.708,1791,3583
26.67,76.98,98,101.1,53.23,0.707,1802,3577
26.68,76.95,101,97.4,53.64,0.707,1811,3584
26.69,76.93,99.5,100,52.6,0.707,1804,3578
26.7,76.95,101.9,99.8,52.9,0.709,1810,3573
26.71,76.96,98,103.8,52.99,0.711,1806,3577
26.72,77,101.8,101.5,53.1,0.707,1796,3576
26.73,76.93,100.6,101.1,52.98,0.715,1790,3581
26.74,76.94,99.4,105.9,53.06,0.712,1801,3580
26.75,76.91,97.1,111.1,52.91,0.718,1802,3580
26.76,76.99,97.8,116.1,53.11,0.715,1804,3579
26.77,76.95,97.5,120.4,53.56,0.721,1793,3580
26.78,76.93,98.9,129,53.29,0.721,1795,3575
26.79,76.96,99.7,135.1,53.43,0.721,1799,3575
26.8,76.99,101,137.6,53.52,0.724,1792,3585
26.81,76.89,100.1,144.7,53.16,0.728,1809,3578
26.82,76.93,103.7,148.6,53.29,0.731,1803,3579
26.83,76.96,98.7,154.7,52.91,0.737,1797,3579
26.84,76.98,100.9,164.2,52.99,0.741,1801,3578
26.85,76.92,98.6,166.4,53.11,0.743,1796,3577
26.86,76.96,98.7,171.6,53.04,0.748,1807,3573
26.87,77.01,101.1,175,53.05,0.744,1799,3579
26.88,77.01,100.3,181.5,53.16,0.752,1798,3575
26.89,76.95,100.8,189.3,51.93,0.751,1795,3584
26.9,76.98,102.1,194.3,49.32,0.755,1807,3579
26.91,76.95,99,198,48.36,0.754,1796,3577
26.92,76.95,100.5,204.2,46.1,0.758,1794,3574
26.93,76.91,100.7,209.8,44.72,0.755,1805,3577
26.94,76.94,99,214.8,43.46,0.748,1792,3580
26.95,76.84,100.4,221.9,42.78,0.745,1787,3576
26.96,76.88,102,230.4,42.15,0.743,1803,3573
26.97,76.9,98.1,233,41.47,0.739,1801,3576
26.98,76.82,96.6,235.4,41.1,0.734,1791,3571
26.99,76.79,99.9,241.5,40.8,0.717,1795,3579
27,76.76,98,247.7,40.69,0.715,1790,3566
27.01,76.72,101,253.6,40.21,0.71,1790,3570
27.02,76.68,100.5,259.9,40.34,0.703,1799,3564
27.03,76.66,99.3,265.6,39.81,0.689,1812,3566
27.04,76.51,101.1,271.3,39.34,0.676,1803,3563
27.05,76.55,97,275.1,39.47,0.665,1797,3557
27.06,76.46,102,280.3,39.55,0.655,1806,3557
27.07,76.38,99.2,285.8,38.87,0.648,1810,3553
27.08,76.34,101.7,292.5,38.66,0.635,1807,3551
27.09,76.31,101.7,299,38.78,0.623,1810,3555
27.1,76.17,98.3,306.2,38.38,0.61,1802,3545
27.11,76.13,98.1,309,38.68,0.606,1801,3541
27.12,76.02,101.2,312.9,38.4,0.591,1803,3543
27.13,75.95,103.2,319.2,38.66,0.578,1802,3537
27.14,75.89,100.8,326.1,38.34,0.576,1801,3539
27.15,75.79,98.7,331.7,38.07,0.563,1800,3535
27.16,75.72,101.8,339.4,38.04,0.547,1787,3527
27.17,75.61,97.9,342.1,38.18,0.547,1800,3519
27.18,75.43,101.3,346.7,37.57,0.537,1797,3519
27.19,75.39,100.6,350,37.81,0.537,1797,3515
27.2,75.36,99.4,359.3,37.23,0.524,1802,3511
27.21,75.15,100.8,363.3,37.57,0.523,1799,3502
27.22,75.08,101.9,366.8,37.23,0.513,1796,3507
27.23,74.97,100.4,375.7,37.21,0.511,1812,3498
27.24,74.88,100.6,381.9,36.9,0.502,1799,3496
27.25,74.74,102.6,387.5,36.82,0.5,1802,3490
27.26,74.56,99.6,392.7,36.88,0.496,1803,3488
27.27,74.45,100,396.3,36.88,0.499,1798,3482
27.28,74.37,97.7,403.6,36.4,0.496,1788,3483
27.29,74.17,100.7,406.3,36.21,0.487,1800,3465
27.3,74.05,100.6,414.1,36.62,0.489,1787,3461
27.31,73.94,99,418.7,36.33,0.493,1802,3453
27.32,73.68,100.2,425.3,36.01,0.494,1798,3447
27.33,73.61,102.5,429.9,36,0.496,1799,3447
27.34,73.41,99.4,438.5,35.79,0.495,1800,3434
27.35,73.3,99.9,440.8,35.62,0.492,1797,3432
27.36,73.1,100.6,447,35.11,0.494,1804,3425
27.37,72.98,99.3,450.7,35.21,0.498,1808,3413
27.38,72.82,100.6,454.5,35.17,0.498,1811,3408
27.39,72.61,99,463,35.1,0.499,1803,3406
27.4,72.43,99.9,467,35.05,0.505,1802,3397
27.41,72.33,97.7,474.7,34.78,0.509,1808,3402
27.42,72.1,101.3,481.1,34.64,0.512,1795,3384
27.43,71.9,100.8,485,34.99,0.51,1804,3366
27.44,71.71,100.7,492.2,34.52,0.518,1807,3364
27.45,71.48,102.7,494.9,34.44,0.521,1802,3359
27.46,71.34,101.2,502.9,34.17,0.517,1798,3356
27.47,71.12,101.3,506.6,33.89,0.52,1800,3345
27.48,70.91,102.8,511.9,33.8,0.527,1791,3334
27.49,70.62,99.9,518.6,33.8,0.524,1800,3324
27.5,70.46,99.6,523.9,33.38,0.527,1802,3318
27.51,70.16,100.9,530.1,33.1,0.528,1806,3309
27.52,70.04,98.8,535.5,33.28,0.526,1798,3303
27.53,69.85,100.7,543.6,33,0.529,1792,3291
27.54,69.61,99.4,544.9,32.47,0.529,1798,3290
27.55,69.43,98.7,552.5,32.06,0.53,1800,3272
27.56,69.13,98.9,559,31.51,0.534,1807,3263
27.57,68.86,99.2,567,31.35,0.528,1805,3260
27.58,68.63,98.4,573.2,31.01,0.53,1808,3247
27.59,68.37,96,578.9,30.14,0.524,1802,3233
27.6,68.15,99.9,586,29.98,0.526,1804,3224
27.61,67.92,98.5,593.4,29.22,0.515,1791,3216
27.62,67.64,99.9,600,29.07,0.517,1800,3206
27.63,67.4,100.6,606.2,28.98,0.508,1789,3196
27.64,67.12,99.8,610.8,29.03,0.509,1805,3181
27.65,66.85,99.3,618.4,28.52,0.495,1802,3178
27.66,66.57,99.1,628.5,28.27,0.489,1802,3162
27.67,66.24,99.8,632.2,27.54,0.489,1797,3155
27.68,65.97,102.5,638.8,27.62,0.482,1803,3139
27.69,65.73,99.9,642.5,28.08,0.471,1792,3125
27.7,65.37,102.3,647.6,27.92,0.464,1804,3118
27.71,65.13,101.4,650,29.86,0.461,1792,3100
27.72,64.83,97.4,649.8,31.5,0.461,1799,3099
27.73,64.54,100.3,650.6,33.81,0.446,1800,3079
27.74,64.21,99.8,652.2,35.29,0.444,1798,3066
27.75,63.95,99,651.4,36.96,0.437,1797,3057
27.76,63.65,98.2,650.5,38.07,0.442,1802,3039
27.77,63.36,102.9,651.2,38.61,0.439,1803,3035
27.78,63.01,100.6,650.3,38.78,0.438,1801,3024
27.79,62.77,100.3,648.6,39.1,0.438,1800,3011
27.8,62.35,100.5,651.4,39.83,0.443,1800,3002
27.81,62.09,103.4,650.5,39.75,0.438,1800,2987
27.82,61.83,100.2,649.5,40.21,0.443,1802,2975
27.83,61.55,99.8,648.5,40.73,0.438,1801,2960
27.84,61.23,99.2,646.8,40.3,0.45,1803,2945
27.85,60.99,98.7,652,40.32,0.45,1800,2937
27.86,60.6,101.3,647.7,40.3,0.455,1794,2922
27.87,60.33,99.4,648.5,40.24,0.456,1802,2913
27.88,60.04,100,646.9,39.94,0.464,1792,2903
27.89,59.79,98.9,649.5,39.99,0.461,1801,2885
27.9,59.46,100,650.3,40.29,0.473,1792,2880
27.91,59.14,100,648.1,39.74,0.477,1803,2865
27.92,58.84,98.2,649.4,40.02,0.479,1799,2856
27.93,58.53,100,648.8,40.26,0.484,1802,2836
27.94,58.17,96.1,648.3,39.43,0.485,1796,2826
27.95,57.95,100.9,651.7,39.66,0.49,1791,2813
27.96,57.64,97.8,649.9,39.43,0.491,1809,2803
27.97,57.29,100,649.8,39,0.494,1808,2793
27.98,57.04,98.2,651.2,39.62,0.502,1797,2777
27.99,56.73,100.2,651.6,39,0.499,1802,2767
28,56.45,100.4,649.9,39.19,0.501,1806,2755
28.01,56.13,98.9,648.6,39.5,0.497,1804,2745
28.02,55.83,99.9,649.8,38.91,0.508,1797,2732
28.03,55.5,97.6,650.4,39.17,0.502,1802,2718
28.04,55.22,100.3,651.4,38.78,0.5,1788,2712
28.05,54.97,97.9,650.8,38.09,0.501,1801,2698
28.06,54.67,100.2,654.1,38.37,0.491,1810,2685
28.07,54.37,100.1,652.8,38.39,0.495,1795,2672
28.08,54.07,100.8,650.8,38.47,0.494,1810,2664
28.09,53.74,101.5,649.8,38.58,0.492,1804,2653
28.1,53.44,98,651.3,37.88,0.484,1796,2637
28.11,53.17,101.1,652.2,38.31,0.481,1788,2623
28.12,52.84,97.3,648.6,37.58,0.474,1795,2617
28.13,52.49,100.2,649.3,38.24,0.467,1800,2599
28.14,52.19,98.4,648.7,38.04,0.463,1805,2584
28.15,51.97,101.6,650.8,37.49,0.454,1793,2577
28.16,51.62,98.8,650,37.12,0.454,1803,2568
28.17,51.34,99.5,652.5,37.29,0.448,1802,2557
28.18,51.04,101.3,650.2,37.61,0.434,1805,2540
28.19,50.76,100.6,647.2,37.08,0.426,1803,2530
28.2,50.37,102.1,648.1,37.1,0.419,1790,2513
28.21,50.15,98.7,647.4,37.31,0.417,1792,2503
28.22,49.81,101.4,650.7,37.21,0.398,1803,2491
28.23,49.54,100.8,649,36.87,0.387,1802,2485
28.24,49.24,98,649.3,37.06,0.384,1801,2474
28.25,48.85,101.8,652.2,36.66,0.377,1810,2453
28.26,48.65,99.2,650.2,36.71,0.366,1801,2442
28.27,48.31,99.5,651.9,36.56,0.357,1796,2432
28.28,48.09,100.2,650.4,36.8,0.348,1805,2425
28.29,47.71,100.7,650.3,36.44,0.342,1800,2412
28.3,47.45,100.6,649.5,36.25,0.33,1790,2397
28.31,47.17,98.3,652.6,36.46,0.326,1798,2391
28.32,46.88,100.9,651.4,36.75,0.312,1807,2375
28.33,46.49,99.9,649.3,35.87,0.309,1805,2363
28.34,46.32,99.4,652.1,35.81,0.294,1804,2348
28.35,45.91,101,649.2,36.21,0.287,1795,2338
28.36,45.67,99.7,649,35.95,0.288,1794,2324
28.37,45.3,100.3,652.1,36.17,0.276,1796,2313
28.38,45,101.4,650.6,35.47,0.273,1805,2303
28.39,44.76,98.7,650.2,35.9,0.271,1802,2288
28.4,44.44,99.3,651.6,35.97,0.255,1797,2278
28.41,44.12,99.7,648.4,35.39,0.249,1795,2262
28.42,43.83,101.1,647.5,35.24,0.246,1804,2254
28.43,43.5,101.3,650.9,35.06,0.24,1793,2243
28.44,43.27,98.5,649.6,35.16,0.232,1803,2230
28.45,42.89,101,650.5,34.83,0.227,1806,2219
28.46,42.61,100.7,651.1,34.7,0.228,1797,2207
28.47,42.33,101.1,650.3,34.78,0.222,1805,2192
28.48,41.98,100.8,652.2,35.09,0.221,1808,2178
28.49,41.74,100.4,651.2,35.07,0.212,1799,2171
28.5,41.45,101.4,649.3,35.12,0.208,1797,2155
28.51,41.13,99.7,649.6,34.32,0.201,1805,2142
28.52,40.85,100.2,653,34.41,0.198,1806,2133
28.53,40.54,100.3,652.4,34.62,0.202,1806,2119
28.54,40.23,101.1,649.8,34.57,0.194,1797,2110
28.55,39.91,95.8,650.3,33.95,0.192,1806,2098
28.56,39.67,97.2,649.5,33.88,0.187,1803,2087
28.57,39.36,99.5,650.5,34.14,0.188,1794,2076
28.58,39.02,98.1,649.3,33.75,0.181,1806,2059
28.59,38.74,100.3,649.1,33.97,0.187,1801,2049
28.6,38.51,102,649.8,33.54,0.18,1807,2035
28.61,38.12,98.2,647.1,33.52,0.179,1794,2027
28.62,37.86,99.1,650.6,33.8,0.175,1810,2012
28.63,37.58,99.8,648.3,33.25,0.172,1799,2002
28.64,37.22,101.2,650.3,33.06,0.165,1804,1986
28.65,36.92,101.7,650.4,33.44,0.167,1807,1976
28.66,36.61,101,649.4,33,0.164,1802,1963
28.67,36.36,98.6,652.1,33.32,0.157,1790,1956
28.68,35.98,99.9,650.9,33,0.162,1791,1944
28.69,35.75,99.9,652.2,32.72,0.159,1794,1927
28.7,35.38,98,651.1,33,0.149,1784,1919
28.71,35.12,101.2,653,32.82,0.153,1802,1907
28.72,34.75,98.7,648.7,32.1,0.152,1804,1894
28.73,34.54,101.1,651,32.77,0.149,1809,1882
28.74,34.2,99.4,650.9,32.67,0.142,1795,1865
28.75,33.92,98.3,651.4,32.56,0.145,1801,1858
28.76,33.65,99.7,650.5,32.12,0.135,1803,1842
28.77,33.37,100.1,651.1,31.83,0.132,1801,1835
28.78,33.02,99,651.6,32.32,0.131,1809,1820
28.79,32.76,101.8,649,31.96,0.127,1794,1808
28.8,32.49,102,651.2,32.35,0.115,1813,1794
28.81,32.14,98.2,650.7,32.12,0.116,1805,1782
28.82,31.8,99.8,648.6,32.11,0.112,1794,1773
28.83,31.51,98.9,648.7,31.49,0.108,1804,1759
28.84,31.18,98.8,650.9,31.47,0.107,1807,1748
28.85,30.96,98.1,651.2,31.28,0.098,1791,1737
28.86,30.59,100,649.6,31.35,0.093,1802,1727
28.87,30.3,101.3,651.2,31.42,0.087,1803,1712
28.88,30.01,100.8,649.4,31.16,0.079,1809,1700
28.89,29.77,98.3,647.6,31.19,0.082,1802,1690
28.9,29.44,101.6,649.1,30.73,0.068,1794,1676
28.91,29.12,101.1,650.2,31.04,0.067,1786,1670
28.92,28.87,96.9,648.7,30.86,0.06,1807,1653
28.93,28.55,99.9,648.1,31.06,0.062,1802,1647
28.94,28.18,101.2,646.4,30.81,0.056,1806,1628
28.95,27.92,99.6,650.7,30.58,0.047,1804,1618
28.96,27.62,102.9,647.7,30.73,0.044,1811,1606
28.97,27.31,98.7,650.7,30.21,0.033,1808,1595
28.98,26.99,102.2,649.9,30.53,0.03,1805,1580
28.99,26.77,102.5,650.3,29.96,0.024,1801,1571
29,26.42,97.8,651.2,30,0.018,1798,1555
29.01,26.15,101.3,651.7,29.99,0.01,1813,1547
29.02,25.81,99.8,648.7,30.27,0.011,1793,1528
29.03,25.57,101.1,650.6,30.04,0.002,1795,1522
29.04,25.2,102.1,649.1,30.08,-0.003,1800,1514
29.05,24.94,100.5,650.8,29.46,-0.008,1798,1496
29.06,24.63,99,651,29.52,-0.019,1800,1484
29.07,24.32,97.8,649.3,29.54,-0.021,1805,1471
29.08,24.05,98.1,649,29.25,-0.032,1790,1467
29.09,23.72,97.8,649.1,29.37,-0.029,1796,1450
29.1,23.4,101.6,649.7,28.99,-0.042,1798,1437
29.11,23.09,99.6,649.1,28.95,-0.039,1798,1424
29.12,22.84,100.5,650.7,28.64,-0.047,1803,1414
29.13,22.49,102.3,649.9,28.65,-0.049,1802,1406
29.14,22.23,100.6,647.5,28.81,-0.061,1807,1382
29.15,21.94,98.7,649.8,28.61,-0.059,1807,1376
29.16,21.67,97.1,650.2,28.09,-0.063,1817,1368
29.17,21.3,99.1,652.4,28.65,-0.066,1807,1350
29.18,21.09,98.8,651.1,28.39,-0.074,1792,1346
29.19,20.71,98.5,649.6,28.5,-0.081,1796,1330
29.2,20.36,100.5,652.5,28.21,-0.084,1800,1322
29.21,20.15,100.8,649.9,27.98,-0.085,1796,1308
29.22,19.85,100.2,650.6,28.22,-0.089,1803,1291
29.23,19.56,99.3,651.2,27.85,-0.095,1793,1279
29.24,19.21,102.3,649.3,28.21,-0.104,1791,1271
29.25,18.92,101.8,650.4,28.48,-0.107,1813,1261
29.26,18.69,99,652.8,27.9,-0.105,1797,1245
29.27,18.32,100.3,636.2,31.26,-0.113,1799,1235
29.28,17.98,101,624.3,36.27,-0.114,1801,1222
29.29,17.75,100.2,609.7,40.39,-0.114,1802,1209
29.3,17.43,101.4,595,44.49,-0.114,1796,1196
29.31,17.21,96.5,581.9,47.82,-0.113,1805,1187
29.32,16.92,100.3,567.9,50.57,-0.111,1797,1180
29.33,16.6,101,552.6,52.95,-0.108,1788,1166
29.34,16.47,100.8,541.2,54.51,-0.097,1801,1160
29.35,16.22,100.2,526.2,55.6,-0.096,1804,1147
29.36,15.98,100.2,511,56.99,-0.087,1798,1135
29.37,15.75,99.5,496.3,57.67,-0.088,1798,1130
29.38,15.51,99,486.2,58.18,-0.072,1806,1126
29.39,15.36,99.9,471.3,58.65,-0.066,1792,1115
29.4,15.12,100.8,456.5,59.44,-0.051,1797,1102
29.41,15.02,98.9,444,59.74,-0.046,1807,1099
29.42,14.77,100,432.9,60.04,-0.034,1793,1093
29.43,14.6,96.3,416.3,60.53,-0.023,1799,1089
29.44,14.46,99.1,399.3,60.27,-0.008,1790,1077
29.45,14.29,100.9,387.7,60.97,-0.005,1793,1069
29.46,14.15,97.5,375.5,61.1,0.004,1802,1065
29.47,14.03,97.8,360.7,61.13,0.015,1793,1063
29.48,13.93,96.6,348.7,61.54,0.026,1798,1059
29.49,13.81,99.6,334.2,61.8,0.033,1801,1050
29.5,13.74,99.1,320.1,61.75,0.049,1805,1041
29.51,13.6,98.1,306.7,61.81,0.052,1802,1042
29.52,13.54,101,290.6,62.65,0.062,1798,1041
29.53,13.43,100,278.7,62.52,0.071,1800,1039
29.54,13.37,100.1,266.3,62.64,0.074,1794,1038
29.55,13.32,100.5,250.8,62.89,0.078,1788,1031
29.56,13.25,97.8,235.7,62.94,0.089,1788,1026
29.57,13.2,101.9,224.2,63.51,0.087,1799,1025
29.58,13.16,99,209.1,63.49,0.094,1796,1023
29.59,13.16,100.8,196.1,63.48,0.102,1786,1027
29.6,13.11,100.1,181.1,64.06,0.1,1799,1022
29.61,13.14,99.2,168.6,60.71,0.1,1801,1030
29.62,13.05,99,154.8,56.3,0.099,1794,1025
29.63,13.07,101.5,143.8,51.85,0.099,1802,1023
29.64,13.05,98.4,128.1,48.25,0.09,1795,1024
29.65,13.09,100.3,114.3,44.1,0.086,1808,1022
29.66,13.09,101.1,100.2,41.82,0.074,1799,1017
29.67,13.07,100.6,102.2,39.62,0.07,1819,1024
29.68,13.04,103.7,98,38.34,0.058,1795,1026
29.69,13.12,98.8,100.4,36.78,0.046,1806,1021
29.7,13.07,100.3,98.8,36.48,0.022,1800,1025
29.71,13.08,101,99.4,34.85,0.009,1802,1022
29.72,13.08,97.7,98.1,35.15,-0.008,1807,1028
29.73,13.1,97.8,99,34.93,-0.021,1805,1023
29.74,13.09,99.8,101.4,34.21,-0.041,1786,1022
29.75,13.03,97.7,102.7,34.45,-0.063,1809,1025
29.76,13.03,96.2,99.5,34.15,-0.075,1792,1024
29.77,13.08,101.3,101.1,33.95,-0.097,1795,1024
29.78,13.11,96.9,101.5,33.88,-0.118,1795,1029
29.79,13.1,99.5,102.5,33.8,-0.139,1789,1025
29.8,13.1,100.2,98.9,33.91,-0.161,1798,1022
29.81,13.12,101.6,103.8,33.71,-0.175,1798,1020
29.82,13.11,99.9,99,34.34,-0.193,1801,1015
29.83,13.14,102.2,100.9,33.82,-0.212,1805,1029
29.84,13.13,100,97.7,34.03,-0.234,1800,1020
29.85,13.14,100.9,103,34.35,-0.248,1791,1020
29.86,13.05,100.8,100.4,33.71,-0.264,1805,1022
29.87,13.05,98.3,100,33.88,-0.273,1801,1028
29.88,13.05,100.2,100.4,34.02,-0.286,1802,1025
29.89,13.1,98.9,101.7,33.87,-0.298,1804,1017
29.9,13.09,99.1,99.9,34.25,-0.31,1800,1019
29.91,13.09,103.6,101.4,34.08,-0.316,1799,1020
29.92,13.14,98.6,100.9,34.49,-0.328,1800,1030
29.93,13.08,101.9,100.9,34.07,-0.337,1809,1029
29.94,13.06,101.3,100.5,33.57,-0.343,1797,1023
29.95,13.07,102,100.8,34.28,-0.346,1806,1022
29.96,13.07,100.4,101.6,33.88,-0.347,1800,1023
29.97,13.08,100.8,100.9,33.77,-0.351,1809,1024
29.98,13.13,98,97.8,33.72,-0.351,1798,1026
29.99,13.02,102.1,99,33.71,-0.343,1804,1028
30,13.13,99.8,101.3,34.03,-0.348,1801,1022
30.01,13.07,99,99.8,34.02,-0.348,1803,1025
30.02,13.07,101.5,100.9,34.29,-0.341,1803,1019
30.03,13.09,100.6,96,33.54,-0.336,1800,1021
30.04,13.1,98.3,98.9,34.11,-0.329,1799,1028
30.05,13.05,101.4,101.2,33.88,-0.32,1792,1025
30.06,13.12,99.7,101.7,33.94,-0.317,1805,1018
30.07,13.12,99.5,101.1,33.4,-0.308,1794,1022
30.08,13.15,97.5,102.4,33.94,-0.305,1797,1026
30.09,13.12,102.5,102.3,33.49,-0.291,1795,1026
30.1,13.07,100.1,99.7,34.06,-0.289,1809,1024
30.11,13.1,100.8,100.1,33.89,-0.278,1797,1028
30.12,13.07,101.1,99.2,34.08,-0.273,1801,1023
30.13,13.07,98.5,98.5,33.6,-0.255,1802,1024
30.14,13.08,99.8,101.1,33.63,-0.246,1810,1017
30.15,13.07,99.6,98,33.69,-0.237,1788,1019
30.16,13.12,101.9,101.9,33.63,-0.235,1802,1026
30.17,13.1,101.5,99.9,33.95,-0.216,1810,1028
30.18,13.08,101.7,98.8,33.7,-0.214,1808,1027
30.19,13.04,98.2,101,33.74,-0.201,1801,1021
30.2,13.09,96.1,99.2,34.11,-0.188,1804,1023
30.21,13.11,98.7,101.2,34.17,-0.186,1796,1021
30.22,13.11,100.8,101.2,33.74,-0.174,1803,1021
30.23,13.08,99.1,102.4,34.11,-0.166,1806,1026
30.24,13.03,98.5,102.7,33.61,-0.163,1811,1024
30.25,13.11,100.6,101.9,34.08,-0.162,1803,1021
30.26,13.07,96.8,98.7,33.54,-0.159,1805,1024
30.27,13.12,99.1,99.2,33.94,-0.148,1807,1023
30.28,13.12,99.8,97.3,34.81,-0.147,1794,1025
30.29,13.12,99.9,99.8,34.09,-0.142,1802,1023
30.3,13.09,99.3,99.8,33.97,-0.139,1802,1022
30.31,13.09,102.7,99.2,33.95,-0.133,1794,1025
30.32,13.1,99.1,99.2,34.15,-0.138,1798,1025
30.33,13.07,98.4,97.4,34.2,-0.135,1801,1023
30.34,13.11,100.5,99.5,33.42,-0.136,1799,1023
30.35,13.1,103,100.1,33.84,-0.135,1812,1025
30.36,13.1,98.9,100.4,33.8,-0.133,1799,1019
30.37,13.15,102,99.4,33.64,-0.137,1802,1018
30.38,13.02,99.4,102.3,33.83,-0.137,1791,1029
30.39,13.07,101.7,98.1,34.06,-0.139,1807,1025
30.4,13.06,100.7,98.7,33.75,-0.137,1793,1028
30.41,13.04,100.5,100,33.85,-0.143,1802,1021
30.42,13.09,98.8,100.8,33.96,-0.149,1803,1023
30.43,13.07,101,101.1,34.11,-0.157,1797,1027
30.44,13.05,98.6,97.2,33.56,-0.155,1795,1020
30.45,13.11,100.2,99.2,33.62,-0.155,1804,1021
30.46,13.09,100.7,99.5,34.34,-0.167,1791,1026
30.47,13.06,102.7,100.2,33.96,-0.171,1794,1026
30.48,13.13,105.2,99.9,33.53,-0.168,1797,1022
30.49,13.1,98.9,100.2,33.82,-0.18,1804,1024
30.5,13.07,100,100.6,33.41,-0.183,1803,1020
30.51,13.12,96.6,102,33.82,-0.185,1803,1019
30.52,13.1,98.5,101.8,33.9,-0.189,1800,1028
30.53,13.04,99.2,97,33.66,-0.192,1792,1023
30.54,13.08,98.6,99.2,33.78,-0.204,1804,1028
30.55,13.08,99.4,99.4,34.05,-0.207,1803,1032
30.56,13.09,100,101.2,33.67,-0.206,1808,1020
30.57,13.09,100.2,101,34.15,-0.208,1799,1025
30.58,13.08,100.4,101.6,33.85,-0.22,1799,1023
30.59,13.1,100.7,101.5,33.96,-0.222,1803,1024
30.6,13.07,99.1,98.4,34.47,-0.224,1806,1024
30.61,13.09,100.6,98.7,33.86,-0.221,1797,1022
30.62,13.11,100.1,101.7,33.74,-0.227,1799,1021
30.63,13.08,100.1,101.6,34.01,-0.23,1795,1023
30.64,13.08,98.9,99.4,33.98,-0.231,1792,1024
30.65,13.1,102,100,34.04,-0.241,1801,1022
30.66,13.1,100.1,101.2,34.07,-0.233,1809,1019
30.67,13.13,98.6,98.7,33.8,-0.237,1805,1026
30.68,13.08,99.5,100.1,33.93,-0.241,1799,1026
30.69,13.14,99.9,98.5,34.12,-0.235,1801,1024
30.7,13.14,101.2,99.6,34.16,-0.239,1804,1025
30.71,13.12,101.2,98.4,33.95,-0.24,1803,1024
30.72,13.08,97.1,99.8,33.83,-0.237,1798,1016
30.73,13.08,99.8,98.8,33.95,-0.241,1803,1025
30.74,13.07,100.4,102.2,33.91,-0.24,1803,1020
30.75,13.03,99.8,99.3,33.81,-0.232,1801,1026
30.76,13.1,100.4,99.4,33.73,-0.235,1795,1025
30.77,13.1,116.2,99.9,33.72,-0.235,1795,1024
30.78,13.07,132.9,98.6,34,-0.235,1804,1028
30.79,13.08,147.5,100.7,33.83,-0.228,1797,1027
30.8,13.03,165.9,100.9,33.65,-0.228,1792,1021
30.81,13.12,183.2,95.7,33.8,-0.223,1800,1023
30.82,13.09,198.1,100.5,37.4,-0.229,1802,1023
30.83,13.12,213.3,99.2,42.37,-0.219,1801,1024
30.84,13.12,231,101.4,47.02,-0.217,1796,1021
30.85,13.14,248.1,99,51.33,-0.212,1797,1029
30.86,13.17,265.1,98.9,55.31,-0.198,1800,1024
30.87,13.16,283.8,98.8,59.13,-0.195,1804,1022
30.88,13.27,298.8,100,62.04,-0.186,1796,1028
30.89,13.34,315.3,101.6,64.13,-0.17,1801,1029
30.9,13.41,333.3,102,65.57,-0.16,1801,1031
30.91,13.4,346.4,97.2,68.06,-0.146,1803,1040
30.92,13.51,364.9,100.9,69.91,-0.134,1794,1039
30.93,13.65,379.5,100.1,70.81,-0.121,1807,1045
30.94,13.65,397.9,102.9,72.15,-0.109,1799,1051
30.95,13.79,413.5,98.4,73.2,-0.091,1801,1052
30.96,13.91,428.7,100.7,74.48,-0.075,1804,1056
30.97,14,445.4,99.5,75.07,-0.062,1801,1065
30.98,14.18,465.4,99.3,76.5,-0.044,1805,1068
30.99,14.31,479.6,98.3,77.26,-0.03,1803,1078
31,14.46,494.8,98.5,78.29,-0.016,1808,1079
31.01,14.63,514.3,98.5,79.74,0.003,1810,1082
31.02,14.78,529.4,100.2,80.02,0.016,1799,1091
31.03,14.9,544.3,100.6,81.31,0.027,1809,1099
31.04,15.15,561.1,101.3,82.06,0.043,1799,1111
31.05,15.35,578.4,101.1,83.48,0.056,1803,1114
31.06,15.54,594.1,98.6,84.13,0.077,1787,1129
31.07,15.75,611.4,99.1,84.98,0.085,1787,1128
31.08,15.96,628.2,98.6,85.56,0.098,1802,1141
31.09,16.19,641.4,100.1,86.7,0.109,1795,1150
31.1,16.42,651.2,100.5,85.54,0.119,1793,1156
31.11,16.65,649.1,99.5,81.8,0.127,1796,1170
31.12,16.94,651,99.8,78.44,0.134,1794,1177
31.13,17.17,650.9,100.9,74.34,0.137,1807,1184
31.14,17.54,649.9,103,71.36,0.141,1811,1203
31.15,17.71,650,98.9,68.24,0.147,1797,1210
31.16,17.9,649.7,102.1,66.73,0.143,1796,1214
31.17,18.16,648.9,99.3,64.46,0.13,1803,1225
31.18,18.43,651,101.2,64.03,0.13,1806,1236
31.19,18.65,648.2,102.4,62.95,0.122,1791,1247
31.2,18.91,652.9,99.9,62.29,0.113,1808,1256
31.21,19.24,650.1,102.4,61.93,0.104,1803,1269
31.22,19.37,646.7,101.2,61.61,0.099,1802,1276
31.23,19.64,651.3,98.6,61.36,0.085,1808,1288
31.24,19.93,649.2,99.4,61.36,0.068,1795,1298
31.25,20.14,650.3,99.4,60.81,0.056,1797,1303
31.26,20.39,646,99.5,60.79,0.043,1799,1313
31.27,20.67,648.8,99.8,61.57,0.025,1796,1322
31.28,20.94,651.2,102.6,61.42,0.011,1800,1337
31.29,21.17,650.8,100.4,61.5,-0.005,1806,1343
31.3,21.39,648.8,101,61.46,-0.017,1809,1354
31.31,21.7,651.1,100.6,61.95,-0.033,1792,1366
31.32,21.9,649.9,100.1,61.13,-0.045,1801,1379
31.33,22.13,647.5,99.9,61.86,-0.065,1806,1388
31.34,22.37,650.8,98.4,61.71,-0.077,1795,1399
31.35,22.65,648,98.6,61.75,-0.092,1801,1407
31.36,22.91,651,102.6,61.86,-0.105,1803,1422
31.37,23.16,651.8,99.9,61.71,-0.117,1803,1422
31.38,23.38,650.6,100.9,61.73,-0.125,1789,1438
31.39,23.67,650.1,99.7,61.93,-0.139,1803,1445
31.4,23.99,650,100.3,62.07,-0.147,1804,1455
31.41,24.13,652.5,101.7,62.22,-0.149,1804,1469
31.42,24.47,650.7,100,62.27,-0.157,1786,1481
31.43,24.68,649.1,100.7,61.99,-0.166,1793,1484
31.44,24.92,650.5,99.2,62.22,-0.17,1800,1496
31.45,25.17,652.8,101.4,62.84,-0.169,1788,1506
31.46,25.43,649.9,101.7,62.33,-0.168,1789,1519
31.47,25.7,652,99.2,62.75,-0.175,1802,1521
31.48,25.9,651.5,100.3,62.46,-0.177,1796,1541
31.49,26.17,651.5,99.4,62.92,-0.164,1795,1545
31.5,26.38,648.5,98.9,62.9,-0.171,1794,1558
31.51,26.65,650.7,103.6,62.8,-0.157,1798,1571
31.52,26.9,652,99.2,63.13,-0.151,1801,1574
31.53,27.18,650.3,100.9,62.96,-0.149,1805,1591
31.54,27.4,648.8,100.5,62.99,-0.137,1798,1597
31.55,27.65,652.9,101.4,63.03,-0.127,1806,1605
31.56,27.99,650.8,99.2,63.23,-0.116,1801,1617
31.57,28.18,651.3,101,63.41,-0.11,1794,1630
31.58,28.4,648.2,102.1,63.1,-0.1,1794,1640
31.59,28.67,649.6,97,63.81,-0.084,1810,1649
31.6,28.97,651.6,101.3,63.24,-0.078,1800,1655
31.61,29.15,652.6,99.6,63.56,-0.063,1792,1671
31.62,29.36,648.3,99.4,63.58,-0.047,1792,1673
31.63,29.67,651.3,100.8,63.76,-0.038,1791,1682
31.64,29.85,643.2,101,63.76,-0.025,1804,1695
31.65,30.19,651.6,99.1,63.76,-0.012,1796,1709
31.66,30.43,637.2,103.1,62,0.007,1794,1715
31.67,30.65,631.8,102.7,59.56,0.017,1797,1728
31.68,30.91,617.8,101.6,56.04,0.036,1801,1735
31.69,31.14,610.7,100.9,53.47,0.037,1799,1744
31.7,31.34,597.2,101.9,51.05,0.043,1814,1752
31.71,31.63,591.9,100.1,48.78,0.058,1811,1765
31.72,31.77,580.9,100.1,47.47,0.067,1803,1775
31.73,32.04,569.6,100.9,46.25,0.072,1797,1784
31.74,32.3,560.8,101.8,44.98,0.085,1799,1790
31.75,32.43,552.2,101.3,44.06,0.083,1810,1798
31.76,32.58,542.6,100.8,42.73,0.083,1810,1803
31.77,32.83,531.6,100.1,42.6,0.092,1795,1815
31.78,33.05,522.9,101.2,41.99,0.089,1804,1820
31.79,33.23,512.1,101.4,41.58,0.085,1806,1825
31.8,33.41,500.1,101.9,40.87,0.094,1806,1836
31.81,33.63,490.3,100.8,39.56,0.09,1794,1840
31.82,33.8,482,98.7,39.63,0.093,1800,1845
31.83,33.92,471.9,103,39.24,0.095,1802,1860
31.84,34.08,463.2,101.2,38.77,0.093,1803,1864
31.85,34.26,453.8,99.4,38.3,0.092,1805,1874
31.86,34.36,443,99.2,38.11,0.081,1800,1878
31.87,34.53,434.3,100.6,37.48,0.081,1798,1881
31.88,34.63,421.8,102.7,36.81,0.077,1803,1885
31.89,34.82,412.3,99.3,35.97,0.071,1799,1896
31.9,34.93,401.9,100.5,35.87,0.068,1802,1896
31.91,35.07,392.1,100.3,35.79,0.063,1801,1899
31.92,35.16,380.5,99.6,35.09,0.064,1806,1907
31.93,35.33,371.2,99.8,34.41,0.058,1798,1919
31.94,35.42,361.9,97.5,34.05,0.051,1789,1917
31.95,35.54,353.4,100,33.11,0.036,1802,1924
31.96,35.63,343.6,99.8,33.14,0.041,1798,1924
31.97,35.72,332.5,100.8,32.15,0.032,1792,1929
31.98,35.81,322.6,101.3,31.87,0.028,1807,1932
31.99,35.88,312.8,104.8,31.25,0.027,1790,1933
32,35.95,303.2,100.3,31.05,0.021,1786,1941
32.01,35.99,292.5,100.1,30.71,0.017,1806,1942
32.02,36.11,284.1,100,29.7,0.014,1810,1943
32.03,36.08,275.3,97.6,29.31,0.009,1786,1942
32.04,36.17,263.4,99.9,28.75,0.003,1797,1947
32.05,36.23,254.4,101.4,28.22,0.006,1796,1947
32.06,36.3,246.3,101.5,27.61,-0.002,1798,1953
32.07,36.35,233.1,102.6,26.96,-0.004,1802,1951
32.08,36.33,224.7,99.4,27.17,-0.003,1797,1958
32.09,36.41,217.7,100.9,25.96,-0.001,1789,1954
32.1,36.42,204.7,100.3,25.71,-0.003,1799,1957
32.11,36.37,196.3,99.4,25.17,-0.006,1807,1954
32.12,36.44,184.5,100.1,24.87,-0.008,1803,1963
32.13,36.43,173.6,97.6,26.07,0,1804,1961
32.14,36.4,163.1,100.4,28,-0.003,1808,1957
32.15,36.45,155.5,99.6,30.85,0.002,1802,1958
32.16,36.44,145.6,100.8,32.83,0.003,1789,1958
32.17,36.46,136.6,99.9,34.46,-0.001,1801,1955
32.18,36.42,125.5,100.5,36.32,0.011,1802,1963
32.19,36.43,117.7,100.8,37.54,0.016,1803,1959
32.2,36.44,106.2,99.3,38.1,0.022,1788,1955
32.21,36.43,102.6,100.9,39.21,0.033,1810,1963
32.22,36.43,100.8,98.6,39.68,0.041,1815,1958
32.23,36.44,99.1,100.6,40.22,0.042,1797,1955
32.24,36.4,101,97.8,40.09,0.052,1801,1958
32.25,36.43,98.7,98.5,40.19,0.062,1794,1956
32.26,36.46,96.9,100,40.31,0.074,1806,1959
32.27,36.45,99.9,97.5,40.92,0.081,1802,1955
32.28,36.43,99.4,98.9,40.79,0.089,1800,1957
32.29,36.41,99.4,103.1,40.66,0.106,1807,1960
32.3,36.44,100,99.7,40.68,0.113,1797,1962
32.31,36.5,97.5,99.2,40.85,0.122,1796,1962
32.32,36.41,98.9,100.2,40.88,0.124,1801,1950
32.33,36.37,99.7,99.6,40.63,0.145,1800,1956
32.34,36.42,100.7,101.4,41.31,0.144,1798,1960
32.35,36.48,100.5,99.3,40.8,0.153,1805,1963
32.36,36.45,101,101.2,40.9,0.164,1797,1960
32.37,36.44,100.4,98.7,41.2,0.169,1793,1954
32.38,36.46,97.4,102.6,41.11,0.178,1810,1955
32.39,36.45,99.8,99,40.98,0.181,1798,1963
32.4,36.39,101.6,97.3,40.46,0.19,1807,1962
32.41,36.46,101.4,100.8,40.78,0.196,1782,1959
32.42,36.44,99.2,101.8,41.19,0.199,1800,1960
32.43,36.4,95.8,98.9,41.1,0.206,1813,1963
32.44,36.47,100.7,97.1,40.64,0.208,1814,1957
32.45,36.42,98,100.6,40.41,0.213,1808,1958
32.46,36.48,100.3,99.4,41.09,0.22,1791,1961
32.47,36.45,101.2,98.2,41.23,0.216,1800,1958
32.48,36.44,100.4,98.1,40.96,0.222,1791,1955
32.49,36.38,99.1,98.7,40.44,0.217,1801,1957
32.5,36.47,101.2,99.9,41.35,0.215,1794,1964
32.51,36.41,98.7,101.3,41.02,0.216,1799,1960
32.52,36.47,100.7,100.1,41.06,0.212,1794,1960
32.53,36.43,98.3,98.8,40.5,0.219,1802,1958
32.54,36.48,102.1,99.1,40.87,0.212,1801,1956
32.55,36.39,99.2,100,40.89,0.21,1796,1964
32.56,36.47,98.3,99.3,40.78,0.211,1797,1961
32.57,36.42,99.5,100.3,41.02,0.206,1785,1960
32.58,36.49,99.5,103.5,41.17,0.201,1805,1957
32.59,36.47,103,99.5,40.85,0.196,1801,1958
32.6,36.43,100,99.9,40.78,0.191,1798,1961
32.61,36.42,99.8,101.1,40.99,0.187,1789,1957
32.62,36.44,100.7,101,41.11,0.186,1804,1958
32.63,36.49,102.1,100.4,40.97,0.179,1806,1956
32.64,36.42,101.3,99.5,41.18,0.177,1800,1956
32.65,36.43,101.5,100,40.9,0.169,1804,1957
32.66,36.46,101,97.9,41.03,0.163,1804,1958
32.67,36.42,101.9,100,40.65,0.157,1808,1958
32.68,36.47,98.8,101.3,41.18,0.157,1809,1952
32.69,36.5,98.6,100.9,41.3,0.149,1808,1954
32.7,36.4,101.6,101.8,40.79,0.147,1787,1955
32.71,36.47,100.4,101.6,40.75,0.144,1796,1952
32.72,36.45,100.4,100,41.42,0.138,1795,1957
32.73,36.47,101.8,102.6,40.65,0.137,1801,1957
32.74,36.43,99.4,101.1,40.83,0.13,1808,1960
32.75,36.51,100.6,100.2,40.99,0.132,1809,1953
32.76,36.46,97.5,102.6,40.75,0.129,1801,1957
32.77,36.49,99.9,100.3,40.63,0.124,1800,1951
32.78,36.47,98.2,98.2,40.74,0.121,1801,1954
32.79,36.41,100.8,97.6,40.89,0.115,1806,1952
32.8,36.39,102.7,98.4,40.95,0.11,1800,1958
32.81,36.44,99.7,102.7,40.8,0.112,1801,1953
32.82,36.44,97.7,100.5,40.6,0.116,1808,1961
32.83,36.46,102.1,99.9,40.74,0.117,1803,1960
32.84,36.47,98.4,102,40.97,0.111,1803,1955
32.85,36.46,102.4,102.4,41.04,0.116,1792,1957
32.86,36.48,100.1,98.3,40.48,0.11,1795,1961
32.87,36.5,101.5,98.9,41.1,0.116,1810,1952
32.88,36.43,98.5,98.7,41.61,0.112,1796,1961
32.89,36.45,103.1,99,40.72,0.114,1801,1955
32.9,36.37,100.7,100.6,40.7,0.113,1800,1956
32.91,36.48,101.7,98.5,40.82,0.115,1811,1958
32.92,36.48,100.6,102.5,41.37,0.112,1806,1963
32.93,36.41,100.4,100.3,40.85,0.12,1801,1960
32.94,36.48,98.2,101.2,40.68,0.12,1806,1960
32.95,36.45,100,97.5,40.94,0.118,1793,1955
32.96,36.38,101.6,100.5,40.84,0.123,1809,1957
32.97,36.41,99.7,98.7,41.29,0.128,1805,1964
32.98,36.47,99.4,101,40.37,0.129,1790,1955
32.99,36.47,100.5,102.7,41.24,0.13,1807,1960
33,36.41,99.4,99.6,40.83,0.132,1799,1959
33.01,36.41,99.9,97.6,40.83,0.133,1796,1960
33.02,36.46,101.6,100.1,40.93,0.136,1805,1954
33.03,36.43,98.6,102,40.91,0.14,1810,1955
33.04,36.44,101.6,98.5,40.91,0.139,1802,1956
33.05,36.46,102.7,99.2,40.97,0.142,1807,1961
33.06,36.42,97.8,98.3,40.87,0.149,1811,1959
33.07,36.41,100.9,99.6,40.41,0.148,1802,1959
33.08,36.41,97.5,102.8,40.89,0.149,1794,1962
33.09,36.43,98.8,100.4,40.79,0.15,1810,1955
33.1,36.45,101.8,99.3,41.02,0.151,1796,1961
33.11,36.48,99.7,97.7,40.72,0.152,1807,1957
33.12,36.44,98.1,100.5,40.85,0.157,1806,1957
33.13,36.41,100.4,99.6,40.88,0.157,1805,1956
33.14,36.47,99.1,99,40.72,0.163,1798,1955
33.15,36.42,100.1,102,41.15,0.162,1801,1960
33.16,36.46,108.4,100.2,41.24,0.161,1803,1959
33.17,36.43,113.2,96.8,41.01,0.164,1796,1957
33.18,36.49,126.5,99.9,41.04,0.166,1796,1952
33.19,36.38,134,99.6,41.17,0.159,1804,1956
33.2,36.47,141,99.1,40.89,0.166,1794,1959
33.21,36.46,150.4,100,40.93,0.172,1795,1951
33.22,36.46,159.1,97.3,40.73,0.168,1796,1962
33.23,36.42,165,98.9,40.95,0.166,1799,1957
33.24,36.42,173.2,98.5,41.06,0.165,1796,1961
33.25,36.41,183.9,103.2,41.85,0.161,1803,1959
33.26,36.48,189.9,98.7,42.66,0.163,1801,1956
33.27,36.44,198,98.2,45.04,0.163,1804,1957
33.28,36.38,207.2,100,47.04,0.159,1808,1955
33.29,36.5,213.9,99.9,49.69,0.162,1794,1955
33.3,36.44,223.9,99.4,52.29,0.17,1798,1956
33.31,36.46,231.9,99.3,53.43,0.176,1808,1957
33.32,36.53,239.9,99.9,55.24,0.178,1804,1959
33.33,36.57,246.2,99.8,55.91,0.182,1787,1956
33.34,36.58,256.9,98.6,57.12,0.184,1796,1965
33.35,36.6,264.2,101.8,58.1,0.188,1809,1962
33.36,36.74,271.4,99.2,58.86,0.194,1791,1966
33.37,36.71,281.8,100.6,59.77,0.203,1786,1971
33.38,36.72,288.4,99.6,59.93,0.217,1803,1967
33.39,36.76,299.6,102.1,60.69,0.224,1810,1967
33.4,36.88,305.8,98.5,60.89,0.229,1807,1980
33.41,36.91,315,98.5,61.42,0.238,1796,1979
33.42,37.02,324.6,100.2,61.82,0.244,1804,1979
33.43,36.99,334.2,101.6,62.76,0.252,1800,1982
33.44,37.15,337.2,99.5,63.33,0.259,1801,1989
33.45,37.2,349.1,98.1,63.52,0.266,1806,1991
33.46,37.25,355,97.3,64.52,0.276,1797,1992
33.47,37.41,363.4,103,64.35,0.286,1805,1993
33.48,37.47,371.9,97.7,65.23,0.292,1797,1998
33.49,37.6,380,98.7,65.6,0.301,1794,2005
33.5,37.7,390.6,99.5,65.65,0.31,1794,2004
33.51,37.79,395.9,100.5,66.65,0.321,1801,2005
33.52,37.89,409.1,101.3,66.86,0.324,1806,2018
33.53,38.01,416.6,99,67.73,0.332,1798,2020
33.54,38.18,420.1,100.5,67.57,0.338,1800,2029
33.55,38.27,430.1,100.4,68.54,0.339,1811,2030
33.56,38.4,436.4,99.6,68.84,0.345,1795,2037
33.57,38.53,447.6,99.6,68.88,0.357,1796,2037
33.58,38.62,455.2,102.3,70,0.358,1793,2044
33.59,38.82,463.9,96.7,70.18,0.358,1792,2052
33.6,38.98,471.4,100.1,71.19,0.369,1798,2061
33.61,39.08,480.5,99.9,71.4,0.374,1802,2063
33.62,39.2,487.9,98.9,71.93,0.372,1815,2076
33.63,39.42,493.3,98.3,72.2,0.375,1794,2071
33.64,39.57,501.5,98.9,72.42,0.378,1807,2083
33.65,39.72,512.3,100.3,73.13,0.376,1790,2087
33.66,39.9,519.5,98,73.63,0.384,1808,2091
33.67,40.1,529.7,101.6,74.15,0.376,1796,2101
33.68,40.28,537.7,98.6,74.47,0.372,1799,2111
33.69,40.42,546.2,100.5,75.17,0.385,1800,2112
33.7,40.65,551.8,100.8,75.45,0.385,1795,2125
33.71,40.87,560,98.8,75.81,0.383,1808,2132
33.72,40.99,569.9,99.3,76.76,0.384,1793,2139
33.73,41.21,578.6,100,77.28,0.389,1797,2149
33.74,41.45,585.7,99.3,77.51,0.383,1797,2157
33.75,41.63,595.6,96.6,78.24,0.384,1791,2170
33.76,41.77,604.2,102.5,78.73,0.384,1807,2168
33.77,42.1,611.3,99.5,78.87,0.383,1804,2182
33.78,42.29,616.8,99.4,79.46,0.382,1795,2194
33.79,42.52,629,99.5,79.87,0.378,1789,2202
33.8,42.75,636.6,99,80.43,0.387,1806,2211
33.81,43.01,644.1,101.3,81.17,0.384,1805,2220
33.82,43.25,651,99.8,81.04,0.38,1798,2226
33.83,43.56,651.3,101.5,79.55,0.383,1798,2242
33.84,43.84,649.6,101.1,77.95,0.38,1797,2252
33.85,44,649.1,99.4,75.41,0.378,1805,2258
33.86,44.26,650.2,98.8,73.7,0.378,1796,2269
33.87,44.45,649.6,98,72.39,0.377,1799,2276
33.88,44.72,653.4,100.6,71.72,0.37,1804,2287
33.89,45.01,651.4,99.3,71.55,0.371,1803,2300
33.9,45.27,651,98.2,70.94,0.367,1801,2306
33.91,45.5,651.6,99.8,70.52,0.361,1796,2320
33.92,45.75,650.4,99.9,69.61,0.355,1799,2334
33.93,45.97,650.9,99.2,69.43,0.351,1803,2337
33.94,46.26,650.7,99,69.31,0.344,1802,2352
33.95,46.56,649.6,100.1,69.09,0.338,1799,2362
33.96,46.76,651.5,102.8,69.27,0.329,1800,2373
33.97,46.99,649.7,99.7,69.09,0.319,1801,2385
33.98,47.29,650.8,98.9,69.35,0.32,1801,2389
33.99,47.55,648.5,98.7,69.52,0.313,1793,2398
34,47.73,648.2,100.9,69.03,0.307,1809,2412
34.01,48.01,651.6,98.6,69.27,0.304,1792,2416
34.02,48.24,650.6,100.9,69.3,0.297,1798,2431
34.03,48.47,639.5,98.9,67.78,0.292,1798,2438
34.04,48.74,628.6,98,64.61,0.289,1803,2449
34.05,48.96,620.2,100,61.55,0.283,1808,2456
34.06,49.25,613.8,100.2,58.78,0.278,1801,2467
34.07,49.45,603.4,101.8,56.81,0.282,1801,2478
34.08,49.64,593.7,96.9,54.59,0.266,1811,2488
34.09,49.84,578.5,99.6,53.13,0.266,1783,2498
34.1,50.08,574.4,100.1,51.89,0.26,1800,2503
34.11,50.32,565.4,101,51.23,0.257,1803,2512
34.12,50.5,557.4,100.5,51.93,0.258,1804,2523
34.13,50.75,550.7,99.5,51.62,0.248,1807,2531
34.14,50.96,546,96.7,51.79,0.24,1793,2539
34.15,51.18,537.7,99.1,52.11,0.242,1798,2542
34.16,51.33,529.8,98.7,51.56,0.241,1789,2550
34.17,51.58,526.2,99,52.02,0.236,1795,2562
34.18,51.74,517.9,101.1,52.31,0.241,1797,2573
34.19,51.91,512.5,100.4,51.81,0.236,1794,2572
34.2,52.12,502.4,98.3,51.21,0.238,1809,2590
34.21,52.21,499.3,101.2,51.44,0.239,1799,2585
34.22,52.42,491.7,99.8,50.94,0.242,1799,2595
34.23,52.57,483.6,100.8,50.73,0.239,1804,2604
34.24,52.78,479.1,98.8,50.43,0.246,1804,2604
34.25,52.91,470.2,101.6,49.83,0.25,1807,2616
34.26,53.07,464,100.5,49.69,0.243,1796,2624
34.27,53.2,457,99.9,49.76,0.251,1787,2632
34.28,53.35,453.3,101.5,49.44,0.262,1797,2639
34.29,53.57,448.3,98.4,49.15,0.259,1794,2644
34.3,53.7,441.3,100.5,49.11,0.27,1796,2643
34.31,53.83,433.6,100.9,48.49,0.272,1799,2653
34.32,53.94,425.8,99.8,48.54,0.278,1802,2663
34.33,54.02,419.3,101.1,47.67,0.28,1796,2665
34.34,54.2,410.3,101.6,47.72,0.289,1791,2669
34.35,54.33,404.8,99.1,47.33,0.298,1801,2675
34.36,54.52,400.8,100.1,47.11,0.308,1805,2678
34.37,54.59,392.2,98.9,46.33,0.309,1798,2679
34.38,54.7,385.9,99.6,46.11,0.314,1802,2691
34.39,54.86,378.5,102.3,45.49,0.327,1810,2692
34.4,54.85,375.3,101.4,45.6,0.331,1795,2704
34.41,55.01,367.3,101.5,45.01,0.342,1806,2698
34.42,55.15,359.7,99.7,44.41,0.342,1789,2708
34.43,55.26,353.1,99.5,44.95,0.342,1799,2711
34.44,55.27,342.3,101.1,44.97,0.356,1800,2712
34.45,55.37,341.5,99.7,44.03,0.366,1800,2712
34.46,55.51,332,99.8,43.17,0.37,1798,2723
34.47,55.56,326.6,97.6,43.87,0.372,1808,2722
34.48,55.68,323.1,100.1,43.16,0.377,1806,2728
34.49,55.73,312.1,98.5,42.82,0.38,1804,2722
34.5,55.77,307.6,101.1,42.63,0.384,1813,2735
34.51,55.84,299.1,100.4,41.59,0.389,1808,2738
34.52,55.98,293.5,98.1,41.63,0.4,1800,2742
34.53,56.02,286.2,99,41.48,0.4,1804,2736
34.54,56.09,278.2,99.7,41.18,0.403,1805,2742
34.55,56.15,273.8,99.7,40.78,0.406,1792,2751
34.56,56.13,267.9,101.7,40.46,0.407,1802,2745
34.57,56.16,259.9,98.4,40.01,0.409,1801,2746
34.58,56.27,254.8,101,39.29,0.41,1812,2749
34.59,56.34,247,99.1,39.43,0.413,1793,2749
34.6,56.38,242.5,99.3,39.35,0.413,1801,2758
34.61,56.36,234.1,101.2,39.18,0.412,1813,2756
34.62,56.45,226.4,99.1,38.19,0.413,1802,2755
34.63,56.43,219.7,100,37.58,0.418,1807,2758
34.64,56.52,213,97.8,37.65,0.412,1795,2756
34.65,56.49,207.9,99.1,37.21,0.411,1800,2757
34.66,56.47,200.7,100.9,37.11,0.41,1800,2760
34.67,56.56,193.7,99.5,37.06,0.41,1808,2761
34.68,56.55,188.7,99.5,36.37,0.408,1796,2760
34.69,56.49,181.6,98.9,36.1,0.41,1802,2765
34.7,56.55,174.5,100,37.15,0.404,1797,2757
34.71,56.55,169.7,99.4,39.12,0.409,1805,2765
34.72,56.52,161.9,100.6,40.69,0.405,1801,2763
34.73,56.56,156.2,101.9,42.21,0.411,1793,2761
34.74,56.58,148.7,101.1,43.2,0.4,1811,2764
34.75,56.54,140.1,101.7,44.03,0.403,1800,2760
34.76,56.51,137.5,96.9,44.78,0.404,1803,2762
34.77,56.55,128.7,98.2,45.54,0.411,1805,2759
34.78,56.5,122,101.6,45.68,0.412,1796,2761
34.79,56.53,113.3,98,45.93,0.406,1802,2757
34.8,56.58,111.7,100.2,46.37,0.404,1800,2761
34.81,56.51,101.7,98.8,46.68,0.407,1811,2765
34.82,56.56,99.1,100.5,46.44,0.409,1793,2759
34.83,56.58,100.7,99.5,46.84,0.414,1813,2760
34.84,56.56,99.9,98.4,47.05,0.418,1796,2765
34.85,56.58,101.5,99.4,47.07,0.418,1805,2761
34.86,56.55,100.6,99.2,46.76,0.419,1798,2764
34.87,56.55,101.3,100.5,47.06,0.425,1808,2758
34.88,56.58,99.4,99.5,47.16,0.428,1797,2762
34.89,56.54,100.7,100.3,46.95,0.429,1799,2759
34.9,56.48,99.2,101,46.92,0.432,1798,2764
34.91,56.54,101.1,102.3,46.71,0.431,1794,2765
34.92,56.57,98.1,99.7,47.18,0.437,1805,2764
34.93,56.5,100.8,101.3,46.85,0.442,1800,2761
34.94,56.51,100.8,99.4,47.28,0.443,1800,2768
34.95,56.54,97.9,99.6,46.78,0.444,1807,2761
34.96,56.6,98.9,102.2,46.79,0.444,1791,2758
34.97,56.51,104,100.7,47.28,0.451,1802,2759
34.98,56.57,100.9,100.3,47.01,0.452,1810,2762
34.99,56.57,99.4,100.3,47.19,0.455,1801,2762
35,56.56,101.6,101.1,46.92,0.457,1797,2758
35.01,56.53,101.2,100.3,46.77,0.459,1803,2758
35.02,56.53,101.7,102.5,46.71,0.46,1806,2759
35.03,56.59,101.5,101.3,46.96,0.462,1804,2760
35.04,56.52,102.3,99.1,46.92,0.46,1809,2765
35.05,56.52,100.6,101.1,46.53,0.464,1800,2763
35.06,56.58,103.8,97.5,46.95,0.465,1803,2762
35.07,56.53,100.1,100.1,46.7,0.471,1802,2762
35.08,56.55,100.4,99.7,46.81,0.472,1794,2760
35.09,56.51,99.3,100.7,46.45,0.47,1796,2757
35.1,56.55,97.3,100,47.12,0.466,1796,2763
35.11,56.56,100.1,100.5,46.77,0.469,1794,2764
35.12,56.57,99.9,100.8,47.25,0.472,1803,2763
35.13,56.6,101.1,96.2,47.16,0.475,1798,2762
35.14,56.49,97.3,100.7,46.6,0.469,1791,2766
35.15,56.55,97.4,98.6,46.76,0.466,1801,2758
35.16,56.58,100.5,98.3,47.04,0.47,1804,2760
35.17,56.56,101.1,98.8,46.74,0.47,1801,2761
35.18,56.56,97.8,99.8,46.77,0.473,1803,2765
35.19,56.57,101.5,103.6,47.33,0.464,1798,2759
35.2,56.56,99.1,97.4,47.2,0.461,1795,2763
35.21,56.6,102.3,102,47.18,0.464,1798,2758
35.22,56.53,96.6,101,47.01,0.465,1810,2758
35.23,56.51,101.5,99.2,46.84,0.461,1795,2761
35.24,56.6,100.1,98.7,47.23,0.456,1801,2762
35.25,56.51,101.6,100,47.23,0.457,1795,2767
35.26,56.54,101.2,98.3,47.1,0.456,1795,2764
35.27,56.54,98.7,96.8,46.95,0.454,1795,2767
35.28,56.55,100.9,97.4,47.01,0.455,1797,2765
35.29,56.55,100.4,99.5,46.96,0.457,1799,2760
35.3,56.56,99.7,100,47.13,0.453,1795,2763
35.31,56.54,99.9,100,46.7,0.452,1802,2755
35.32,56.53,98.5,99.7,47.05,0.444,1801,2766
35.33,56.6,102.1,100.9,46.82,0.448,1792,2759
35.34,56.58,98,100.3,46.85,0.447,1796,2767
35.35,56.58,99.6,102.1,47.14,0.443,1813,2763
35.36,56.59,101.5,100.2,47.09,0.442,1802,2767
35.37,56.61,99.6,98.6,47.12,0.446,1808,2765
35.38,56.56,98,98.9,47.17,0.44,1793,2761
35.39,56.55,101.6,99.4,47.16,0.442,1798,2761
35.4,56.48,98.1,101.1,46.91,0.44,1792,2763
35.41,56.55,99,98.7,46.94,0.441,1802,2762
35.42,56.57,99.5,102.2,46.79,0.445,1800,2766
35.43,56.53,98.3,97.4,46.9,0.439,1803,2767
35.44,56.56,99,101.2,46.98,0.437,1786,2760
35.45,56.57,101.5,101.5,46.7,0.439,1796,2759
35.46,56.55,100.1,101.4,47.24,0.441,1805,2759
35.47,56.52,101.8,97.4,47.16,0.445,1803,2769
35.48,56.59,100,101.1,46.42,0.436,1797,2763
35.49,56.51,100.5,102.2,46.9,0.437,1809,2762
35.5,56.57,100.2,100,46.76,0.434,1807,2764
35.51,56.59,99.9,96.9,47.06,0.435,1803,2762
35.52,56.58,98.7,100.3,46.92,0.439,1800,2761
35.53,56.52,98.7,106,47.29,0.438,1795,2763
35.54,56.6,97.3,112.2,47.19,0.439,1798,2760
35.55,56.54,100,121.4,47.12,0.436,1794,2761
35.56,56.56,101.6,127.7,46.97,0.436,1792,2764
35.57,56.5,99.4,135.3,46.55,0.445,1798,2763
35.58,56.57,103.3,140.4,46.6,0.442,1784,2762
35.59,56.52,99.7,143.6,47.26,0.44,1803,2761
35.6,56.56,100,152.7,46.5,0.438,1800,2767
35.61,56.53,102.9,159.4,47.07,0.442,1797,2762
35.62,56.54,99.8,166.2,47.08,0.451,1796,2764
35.63,56.52,98.7,173,47.16,0.443,1792,2763
35.64,56.55,96.9,178.6,46.95,0.448,1805,2762
35.65,56.6,97.2,187.8,45.59,0.442,1798,2761
35.66,56.55,99.7,194.3,44.45,0.449,1801,2763
35.67,56.52,101.5,200.2,42.16,0.444,1796,2761
35.68,56.54,99.5,207.2,39.97,0.441,1789,2763
35.69,56.49,101.3,210.5,37.95,0.446,1799,2758
35.7,56.52,98.8,218.3,36.11,0.437,1804,2762
35.71,56.46,100.4,227,34.98,0.426,1801,2762
35.72,56.42,99.2,231.3,34.07,0.426,1796,2757
35.73,56.4,98.5,236.3,33.15,0.422,1792,2756
35.74,56.39,100.2,245,32.86,0.409,1797,2754
35.75,56.33,102.9,250,32.76,0.412,1797,2753
35.76,56.32,98.8,258.1,32.02,0.392,1805,2752
35.77,56.24,99.4,266.7,31.45,0.384,1794,2754
35.78,56.24,100.3,273.1,31.39,0.379,1797,2744
35.79,56.19,98.9,277.3,31.33,0.372,1810,2750
35.8,56.1,99.5,284.7,30.66,0.352,1815,2742
35.81,56.04,97.8,291.5,30.64,0.348,1800,2741
35.82,55.98,99.6,298.3,30.56,0.334,1808,2738
35.83,55.89,101.7,305,29.91,0.325,1813,2739
35.84,55.87,98.3,314.7,30.14,0.315,1797,2736
35.85,55.79,101.7,316.1,29.59,0.304,1805,2735
35.86,55.65,102.9,326.7,30,0.298,1800,2731
35.87,55.6,100.5,330.4,29.78,0.284,1797,2722
35.88,55.5,99.5,337.5,30.1,0.273,1806,2719
35.89,55.46,101.2,343.7,29.68,0.261,1798,2720
35.9,55.35,101.3,348.9,29.3,0.256,1806,2708
35.91,55.19,101.1,357.7,28.97,0.249,1797,2706
35.92,55.08,100.2,365.7,29.34,0.241,1798,2704
35.93,54.92,99,370.4,28.78,0.233,1810,2696
35.94,54.89,101.4,377.1,28.46,0.223,1798,2693
35.95,54.74,100,385.5,29.16,0.218,1808,2691
35.96,54.63,100.7,392.1,28.36,0.21,1804,2685
35.97,54.48,102,397.9,27.92,0.198,1792,2684
35.98,54.34,99.1,400.6,28.31,0.199,1802,2678
35.99,54.18,98.4,410.1,27.88,0.196,1804,2670
36,54.03,102.1,416,27.56,0.193,1808,2667
36.01,53.93,101.3,423.9,27.71,0.188,1801,2659
36.02,53.77,99.9,429.2,27.35,0.184,1806,2647
36.03,53.58,101.5,438.2,27.19,0.189,1795,2647
36.04,53.45,97.6,443.8,27.6,0.188,1798,2643
36.05,53.32,100.5,452.3,27.29,0.18,1795,2633
36.06,53.16,102.3,454.8,26.94,0.182,1809,2623
36.07,53.03,101,463.8,26.32,0.179,1790,2613
36.08,52.79,100.2,468.9,26.7,0.185,1797,2606
36.09,52.62,100.4,475.3,26.1,0.188,1803,2607
36.1,52.4,99.4,481.6,26.47,0.19,1792,2598
36.11,52.29,101.2,491.5,25.58,0.179,1795,2589
36.12,52.08,98.3,496.8,25.62,0.187,1805,2582
36.13,51.88,98.6,503.8,25.84,0.188,1802,2574
36.14,51.63,101.9,509.1,25.42,0.185,1800,2570
36.15,51.45,102.3,514,25.77,0.195,1802,2558
36.16,51.27,98.6,522.5,25.63,0.186,1793,2548
36.17,51.04,101.9,528.9,25.22,0.19,1799,2542
36.18,50.83,102.3,537.2,25.07,0.193,1797,2536
36.19,50.62,101.5,538.7,25,0.199,1795,2520
36.2,50.38,98.2,548.3,24.64,0.2,1796,2515
36.21,50.14,97.2,554.9,24.75,0.208,1811,2510
36.22,49.85,100.2,560.1,24.24,0.207,1795,2499
36.23,49.65,103.1,571.9,23.49,0.202,1803,2490
36.24,49.37,99.8,582.2,22.71,0.216,1805,2474
36.25,49.14,101.1,589.4,21.61,0.208,1797,2468
36.26,48.9,98.5,595.5,20.91,0.202,1800,2456
36.27,48.64,99.7,606.7,20.1,0.208,1806,2443
36.28,48.35,98.2,614.7,19.08,0.208,1802,2438
36.29,48.13,99.7,622.6,18.82,0.202,1798,2419
36.3,47.89,99.2,633.5,18.12,0.199,1794,2406
36.31,47.51,99.5,641.3,17.57,0.196,1805,2406
36.32,47.23,100.1,650.8,17.71,0.194,1810,2394
36.33,46.94,99.4,645.8,19.12,0.195,1811,2377
36.34,46.65,101,650.9,22.04,0.183,1789,2367
36.35,46.34,99.8,649.3,24.51,0.183,1798,2360
36.36,46.12,101.8,650,27.11,0.181,1794,2339
36.37,45.75,96.6,650.5,28.85,0.181,1803,2331
36.38,45.48,97.3,648.4,30.91,0.182,1803,2313
36.39,45.21,100,649.6,31.73,0.184,1799,2307
36.4,44.89,98.9,651.7,33.24,0.18,1806,2294
36.41,44.57,100.2,650.7,33.72,0.183,1797,2278
36.42,44.24,97,650.2,33.69,0.188,1804,2269
36.43,43.97,101.6,651.7,34.48,0.184,1793,2262
36.44,43.68,97.7,646.8,34.67,0.19,1797,2245
36.45,43.33,98.2,650.3,34.92,0.196,1801,2237
36.46,43.1,98.7,650.3,34.74,0.191,1808,2220
36.47,42.8,99.8,650.9,34.74,0.195,1788,2212
36.48,42.52,98.2,650.3,34.64,0.2,1804,2199
36.49,42.2,100.5,637.9,37.6,0.204,1796,2183
36.5,41.87,95.7,626.3,41.2,0.214,1792,2177
36.51,41.59,98.7,616.1,44.73,0.221,1804,2168
36.52,41.29,99.4,604.4,48.42,0.223,1797,2155
36.53,41.08,101.6,594.6,50.9,0.235,1798,2143
36.54,40.8,102.8,580.5,53.01,0.243,1801,2130
36.55,40.55,101.5,573.8,54.94,0.259,1798,2118
36.56,40.25,101.6,564.1,56,0.275,1806,2108
36.57,40,102,552.1,57.18,0.283,1800,2102
36.58,39.77,101.5,540.5,57.9,0.289,1803,2087
36.59,39.5,100.5,528,58.66,0.307,1789,2081
36.6,39.28,99.7,517,59.17,0.325,1807,2070
36.61,39.04,99,505.3,59.74,0.339,1796,2058
36.62,38.83,99.5,495.2,59.77,0.353,1800,2059
36.63,38.62,100.5,485.4,60.19,0.366,1801,2044
36.64,38.46,99.1,474.2,60.52,0.376,1798,2043
36.65,38.22,100.8,463.1,60.42,0.393,1804,2033
36.66,38.04,101.8,451.6,60.53,0.41,1794,2021
36.67,37.88,101.1,442,60.69,0.415,1798,2015
36.68,37.75,100.2,429.5,60.97,0.433,1796,2010
36.69,37.53,102.7,418.5,61.45,0.447,1808,2002
36.7,37.41,98.9,410.4,61.51,0.455,1804,1992
36.71,37.23,101.9,396.3,61.65,0.458,1807,1990
36.72,37.09,101.9,385.8,61.97,0.476,1795,1977
36.73,36.95,102.5,374.8,61.1,0.478,1802,1978
36.74,36.78,100.7,364.7,62.16,0.485,1804,1972
36.75,36.73,100,354.6,61.71,0.497,1799,1969
36.76,36.53,99.9,338.9,62.52,0.497,1807,1964
36.77,36.49,98.3,332.4,62.05,0.5,1801,1956
36.78,36.39,100.5,320.4,62.59,0.502,1808,1955
36.79,36.23,99.3,310.4,62.86,0.503,1805,1958
36.8,36.19,97.4,299.2,63.27,0.503,1793,1947
36.81,36.08,102.3,287.3,63.17,0.497,1798,1942
36.82,36.03,102.8,276.6,63.58,0.502,1790,1943
36.83,35.92,101.6,266.6,63.04,0.496,1807,1936
36.84,35.89,102.1,255.3,63.53,0.491,1806,1939
36.85,35.8,99.6,242.1,63.55,0.487,1790,1929
36.86,35.79,103.5,233.2,63.89,0.48,1801,1927
36.87,35.79,99.9,222.2,64.31,0.475,1803,1932
36.88,35.71,97.3,211,64.15,0.467,1798,1930
36.89,35.72,102.4,195.7,64.62,0.46,1806,1922
36.9,35.68,100.7,190.6,64.85,0.449,1804,1923
36.91,35.66,99.5,178.3,63.88,0.438,1792,1930
36.92,35.63,99.9,164.9,60.38,0.432,1804,1928
36.93,35.62,98.1,156.2,56.37,0.426,1792,1926
36.94,35.7,100.8,145.2,53.26,0.413,1796,1928
36.95,35.65,102.1,132.4,50.87,0.402,1794,1921
36.96,35.67,98.3,124,48.31,0.383,1787,1928
36.97,35.68,99.9,111.2,46.4,0.365,1793,1933
36.98,35.65,102.3,99.4,44.63,0.345,1797,1927
36.99,35.62,103.4,99.5,43.84,0.333,1798,1934
37,35.69,101.9,97.7,42.72,0.308,1788,1923
37.01,35.65,100.3,100.5,42.08,0.29,1809,1926
37.02,35.64,101.7,101.8,42.06,0.27,1799,1926
37.03,35.62,98.9,98.5,41.54,0.247,1807,1924
37.04,35.64,96.8,100.8,41.53,0.23,1812,1927
37.05,35.63,99.2,101.7,41.36,0.21,1798,1928
37.06,35.65,99.6,98.3,40.79,0.189,1801,1925
37.07,35.63,99.4,101.2,40.77,0.168,1802,1922
37.08,35.64,101.1,98.9,40.82,0.151,1795,1925
37.09,35.7,102.2,99.7,40.87,0.129,1791,1933
37.1,35.64,100.5,99.4,40.72,0.113,1804,1924
37.11,35.66,99.6,97.5,40.59,0.1,1800,1931
37.12,35.64,100.5,101.4,40.89,0.078,1800,1924
37.13,35.66,100.4,95.8,40.42,0.061,1806,1927
37.14,35.66,101,101,40.62,0.05,1800,1927
37.15,35.69,100,98.2,41.21,0.041,1798,1927
37.16,35.63,98.4,97.9,40.92,0.031,1805,1925
37.17,35.7,100.9,99.7,40.64,0.013,1789,1924
37.18,35.66,100.6,102.4,40.46,0.012,1808,1923
37.19,35.62,97.6,98.7,40.8,0.002,1787,1926
37.2,35.63,98.3,101.8,39.83,-0.008,1789,1927
37.21,35.67,98.5,97.4,40.73,-0.009,1798,1928
37.22,35.67,98.9,101.1,40.67,-0.012,1810,1927
37.23,35.64,98.7,99.7,40.38,-0.02,1806,1932
37.24,35.67,100.2,98.2,40.82,-0.022,1792,1923
37.25,35.62,102,97.1,40.76,-0.02,1809,1928
37.26,35.65,98.2,101.6,40.52,-0.019,1802,1924
37.27,35.59,100.1,101.1,40.48,-0.016,1802,1925
37.28,35.63,98.4,99.5,40.46,-0.005,1803,1922
37.29,35.67,99.6,99,41.13,-0.005,1802,1932
37.3,35.59,100.6,100,40.66,0.005,1795,1926
37.31,35.66,98.3,99.8,40.92,0.005,1801,1929
37.32,35.65,99.6,99.2,40.49,0.014,1803,1921
37.33,35.7,101.6,98.6,40.37,0.019,1797,1926
37.34,35.62,102.1,99.8,40.71,0.029,1802,1926
37.35,35.69,101.3,98.7,40.83,0.036,1798,1925
37.36,35.69,101.3,103.1,39.98,0.045,1799,1930
37.37,35.63,99.2,101.6,40.98,0.055,1800,1928
37.38,35.64,100.7,100,40.87,0.06,1801,1933
37.39,35.65,99.8,99.2,40.5,0.08,1799,1919
37.4,35.65,100.2,100.9,40.14,0.087,1793,1923
37.41,35.66,102.2,104.6,40.89,0.1,1797,1922
37.42,35.62,100.9,98.3,41.12,0.107,1806,1925
37.43,35.66,100.3,102.4,40.64,0.113,1794,1923
37.44,35.67,99.8,98.5,40.52,0.121,1791,1923
37.45,35.61,100.7,103.9,41.03,0.136,1797,1925
37.46,35.67,99.9,102.1,41.14,0.139,1790,1921
37.47,35.7,100.4,103.7,40.72,0.157,1800,1926
37.48,35.62,100.6,98.3,40.41,0.161,1806,1929
37.49,35.63,98.6,101.8,40.71,0.164,1798,1926
37.5,35.65,100.5,104.9,40.57,0.177,1800,1927
37.51,35.67,101.1,99.9,40.7,0.177,1793,1924
37.52,35.68,99.3,100,40.8,0.183,1798,1928
37.53,35.67,97.7,97.8,40.59,0.193,1808,1926
37.54,35.67,101.5,102.3,40.84,0.198,1797,1932
37.55,35.67,101.7,98.7,40.29,0.196,1806,1922
37.56,35.69,101.4,96,40.49,0.203,1797,1925
37.57,35.67,100.1,99.7,40.69,0.202,1797,1924
37.58,35.64,99.6,97.5,40.46,0.21,1798,1925
37.59,35.61,100,101.4,40.8,0.205,1789,1922
37.6,35.68,96.8,100.8,40.7,0.209,1793,1920
37.61,35.63,99.3,100.4,40.65,0.209,1801,1924
37.62,35.69,99.8,100.1,40.78,0.206,1798,1924
37.63,35.7,98.5,98.6,41.23,0.208,1798,1920
37.64,35.65,102.5,101.4,40.51,0.204,1798,1920
37.65,35.62,100.9,100.5,40.91,0.211,1812,1928
37.66,35.64,101.8,98.3,40.51,0.199,1794,1936
37.67,35.63,99.9,101.3,40.5,0.201,1792,1925
37.68,35.64,100.9,103.5,40.94,0.195,1818,1929
37.69,35.68,100.7,99.5,40.77,0.192,1803,1923
37.7,35.62,101.4,98.9,40.8,0.187,1795,1921
37.71,35.63,101.4,102.2,40.82,0.182,1800,1927
37.72,35.69,100.4,98.5,40.43,0.177,1797,1928
37.73,35.64,100,98.1,40.37,0.175,1798,1926
37.74,35.65,98.5,100.3,40.94,0.172,1795,1924
37.75,35.69,98.5,99,40.33,0.165,1795,1924
37.76,35.63,101.8,102.7,40.39,0.156,1805,1927
37.77,35.61,100.4,102.3,40.84,0.157,1802,1921
37.78,35.69,101.8,101.1,40.77,0.146,1798,1930
37.79,35.65,99.7,97.8,40.72,0.147,1808,1927
37.8,35.61,101.5,100.3,40.8,0.141,1806,1925
37.81,35.67,102.4,101.8,40.92,0.133,1792,1926
37.82,35.6,100.5,100.1,40.84,0.127,1799,1922
37.83,35.7,101.7,101.7,40.73,0.13,1801,1921
37.84,35.67,99.6,101.8,41.01,0.124,1802,1930
37.85,35.68,98.9,100.9,40.64,0.125,1813,1925
37.86,35.6,101.2,102.5,40.62,0.118,1785,1926
37.87,35.66,101.6,100.9,40.36,0.118,1793,1921
37.88,35.63,100.4,101.5,40.58,0.112,1802,1926
37.89,35.62,100.2,99.7,40.89,0.107,1798,1923
37.9,35.63,99.5,99.7,40.52,0.107,1792,1925
37.91,35.69,98.7,99.5,40.67,0.107,1790,1924
37.92,35.65,99.4,103,40.71,0.1,1796,1928
37.93,35.65,100.7,100.3,40.57,0.103,1790,1923
37.94,35.65,100.8,99.2,40.65,0.103,1808,1928
37.95,35.6,99,99.9,40.66,0.093,1799,1925
37.96,35.69,101.3,101.5,40.76,0.096,1809,1931
37.97,35.65,98.5,99.7,40.92,0.099,1803,1926
37.98,35.68,100.7,97.2,40.62,0.099,1804,1927
37.99,35.66,106.8,101.6,40.74,0.098,1787,1928
38,35.59,118,98,40.93,0.103,1810,1925
38.01,35.62,124.3,100.2,41.07,0.103,1791,1929
38.02,35.64,133.1,100.3,40.75,0.099,1796,1927
38.03,35.64,141.5,100.3,40.72,0.108,1817,1930
38.04,35.64,153.5,101,40.66,0.104,1789,1925
38.05,35.65,157,98.2,41.26,0.1,1790,1922
38.06,35.64,165.8,100.8,40.47,0.111,1797,1926
38.07,35.63,172.6,99.1,40.36,0.11,1798,1928
38.08,35.67,184.4,101.5,41.02,0.114,1799,1930
38.09,35.69,190.7,100.7,42.31,0.117,1799,1922
38.1,35.7,199.5,99.5,44.88,0.122,1781,1926
38.11,35.67,205.2,99.8,47.19,0.121,1796,1931
38.12,35.66,213.8,99,49.73,0.126,1815,1931
38.13,35.75,226.3,100.5,51.63,0.131,1792,1928
38.14,35.72,232.8,101.4,53.76,0.138,1797,1920
38.15,35.8,239.4,100.9,55.06,0.147,1808,1928
38.16,35.75,249.4,98.5,55.79,0.154,1793,1932
38.17,35.8,255.1,97.2,57.39,0.168,1801,1929
38.18,35.82,263.3,100.8,57.79,0.176,1794,1929
38.19,35.87,273.7,100.6,58.84,0.18,1800,1933
38.2,35.93,280,99.9,59.12,0.197,1813,1936
38.21,36.01,289.8,98,59.74,0.202,1790,1937
38.22,36.01,295.7,101,60,0.212,1798,1944
38.23,36.01,306.7,101,61.25,0.226,1806,1944
38.24,36.16,315.5,101.2,61.3,0.237,1798,1942
38.25,36.18,321.2,101.4,61.83,0.244,1813,1946
38.26,36.3,332.2,99.5,62.15,0.255,1796,1946
38.27,36.35,337.5,100.5,62.89,0.267,1797,1951
38.28,36.43,346.2,100.8,63.14,0.274,1795,1958
38.29,36.5,356.8,100.2,63.72,0.284,1805,1960
38.3,36.53,362.7,103.5,64.91,0.295,1802,1967
38.31,36.73,370.5,100.4,64.49,0.302,1811,1963
38.32,36.86,382.4,100,65.49,0.307,1798,1971
38.33,36.84,387.5,103.1,65.48,0.318,1798,1975
38.34,36.95,396.3,101.4,66.38,0.326,1804,1980
38.35,37.15,404.7,101.5,66.38,0.334,1800,1982
38.36,37.23,416.8,98,67.04,0.334,1807,1991
38.37,37.31,421.6,100.4,67.84,0.351,1804,1996
38.38,37.45,431,99.3,68,0.353,1802,2002
38.39,37.56,436.5,101.2,68.61,0.357,1802,2005
38.4,37.72,443.9,101.9,69.29,0.364,1804,2012
38.41,37.84,455.5,98.4,69.47,0.363,1806,2011
38.42,38.01,465.7,97.6,70.36,0.37,1799,2012
38.43,38.15,468.5,100.5,70.69,0.369,1802,2028
38.44,38.33,478.3,100.3,70.77,0.376,1798,2030
38.45,38.46,487.9,98.6,71.7,0.373,1793,2039
38.46,38.6,496.4,100.5,71.82,0.374,1802,2041
38.47,38.77,501.8,96.4,72.41,0.383,1802,2046
38.48,38.96,511.9,100.9,72.55,0.375,1802,2064
38.49,39.12,518.4,102.7,73.49,0.38,1794,2060
38.5,39.33,530.1,101,74.06,0.381,1798,2068
38.51,39.5,537.3,100.6,74.55,0.379,1803,2084
38.52,39.61,544.7,100.4,75.05,0.379,1789,2085
38.53,39.86,552.8,102.9,75.32,0.384,1799,2097
38.54,40.04,560.1,100.7,75.67,0.376,1788,2102
38.55,40.25,567.5,100.7,76.25,0.373,1796,2109
38.56,40.42,577,99.3,76.7,0.374,1800,2123
38.57,40.62,588.4,100.4,77.13,0.372,1816,2128
38.58,40.92,592.6,100.2,78.37,0.368,1799,2135
38.59,41.07,603.4,97.4,78.13,0.373,1808,2143
38.6,41.29,611.3,98.8,79.23,0.364,1804,2151
38.61,41.52,621.5,99.7,79.19,0.366,1802,2160
38.62,41.73,628.1,99,79.64,0.363,1796,2169
38.63,42.01,635.4,101.8,80.23,0.363,1802,2182
38.64,42.25,646.9,99,81.14,0.359,1812,2190
38.65,42.49,652,100.6,81.08,0.358,1798,2198
38.66,42.7,649.7,99.6,79.29,0.359,1804,2209
38.67,42.92,653.1,98.3,77.61,0.357,1798,2221
38.68,43.17,649.5,103.1,75.33,0.357,1791,2229
38.69,43.45,648.3,101.2,74.29,0.353,1799,2240
38.7,43.73,650.2,102.2,72.55,0.351,1801,2247
38.71,43.93,648.9,101.8,71.75,0.352,1804,2256
38.72,44.19,648.4,99.5,70.12,0.342,1792,2268
38.73,44.49,651.2,97.4,69.88,0.339,1800,2284
38.74,44.72,648.7,98.2,69.37,0.337,1795,2288
38.75,44.94,648.6,99.6,69.21,0.331,1804,2297
38.76,45.2,651.8,100.3,69.18,0.326,1807,2307
38.77,45.42,650.2,100.1,68.88,0.319,1796,2315
38.78,45.68,652.2,99.3,68.96,0.315,1801,2323
38.79,45.93,648.7,101.7,68.87,0.31,1808,2333
38.8,46.18,650.4,102.2,68.85,0.301,1802,2347
38.81,46.46,649.6,100.7,68.92,0.295,1798,2352
38.82,46.69,649.4,100.6,68.64,0.292,1794,2366
38.83,46.93,654.4,98.8,69.15,0.288,1797,2380
38.84,47.21,651,97.5,68.84,0.29,1795,2388
38.85,47.39,649.9,100.8,69.41,0.284,1801,2396
38.86,47.7,650.1,100.3,68.98,0.286,1798,2411
38.87,47.94,650.9,98.7,69.33,0.276,1803,2417
38.88,48.2,648.6,100.5,69.29,0.269,1809,2423
38.89,48.47,649.8,101.1,69.59,0.266,1804,2436
38.9,48.73,649.9,101.3,68.96,0.268,1794,2449
38.91,48.95,651.7,99.4,69.35,0.27,1801,2456
38.92,49.13,650.6,97.3,69.81,0.263,1796,2466
38.93,49.46,650.3,100.4,69.81,0.269,1795,2480
38.94,49.71,649.3,99.1,69.66,0.265,1799,2487
38.95,49.99,649.1,100.7,69.87,0.27,1803,2500
38.96,50.22,650.1,100.1,70,0.273,1794,2511
38.97,50.47,648.8,101.1,70.05,0.277,1795,2519
38.98,50.67,652.3,99.1,69.81,0.274,1790,2530
38.99,50.96,649.8,100.4,70.24,0.281,1798,2534
39,51.24,652,101.2,70.02,0.287,1808,2550
39.01,51.46,652.7,101.6,70.39,0.294,1800,2558
39.02,51.7,648.4,98.4,70.32,0.295,1803,2567
39.03,51.95,647.7,98.1,69.94,0.303,1802,2578
39.04,52.15,650.6,99.8,70.45,0.305,1800,2591
39.05,52.48,648.5,99.3,70.84,0.313,1799,2595
39.06,52.69,650,100,70.82,0.318,1804,2606
39.07,52.91,653.1,99.9,70.61,0.327,1796,2619
39.08,53.2,650.4,100.2,70.7,0.337,1799,2631
39.09,53.49,652.7,98.3,71.23,0.344,1811,2638
39.1,53.67,648.2,103.1,71.23,0.348,1799,2647
39.11,53.94,651.5,98.7,70.87,0.36,1800,2655
39.12,54.18,651.3,100.3,70.52,0.368,1799,2666
39.13,54.41,650.4,100.4,71.13,0.374,1805,2675
39.14,54.71,649.5,96.8,71.33,0.387,1788,2690
39.15,54.93,648.9,98.5,71.37,0.394,1804,2697
39.16,55.17,651.5,99.2,71.54,0.4,1801,2704
39.17,55.43,647.3,100.6,70.99,0.404,1793,2715
39.18,55.72,648,101.8,72.02,0.415,1805,2728
39.19,55.96,650.7,98.2,71.7,0.428,1800,2739
39.2,56.21,650.1,101.9,71.99,0.429,1805,2746
39.21,56.5,650,101.7,71.68,0.438,1787,2763
39.22,56.64,648.6,100.3,71.69,0.449,1801,2767
39.23,56.91,648.3,100.8,72.16,0.454,1802,2777
39.24,57.25,650.5,101.8,71.65,0.46,1803,2785
39.25,57.49,651.3,101.6,71.95,0.47,1787,2797
39.26,57.67,649,99.9,72.6,0.474,1801,2811
39.27,57.94,648.9,101.8,72.35,0.477,1801,2820
39.28,58.21,649.3,99.1,72.58,0.481,1795,2825
39.29,58.49,650.7,102.8,72.61,0.49,1809,2836
39.3,58.7,649,99.4,72.3,0.494,1792,2848
39.31,58.91,649.5,100.4,72.08,0.496,1792,2855
39.32,59.22,655.3,100.5,72.76,0.507,1799,2867
39.33,59.43,651,102.6,73.06,0.507,1809,2879
39.34,59.7,649.9,101.6,72.91,0.515,1805,2893
39.35,59.96,649,100.6,73.26,0.517,1797,2900
39.36,60.16,651.5,102,73.03,0.525,1811,2914
39.37,60.44,650.2,99.7,73.71,0.523,1805,2915
39.38,60.65,651.4,99,73.2,0.528,1802,2925
39.39,60.94,650.6,101.5,73.57,0.532,1792,2930
39.4,61.21,651.4,102.8,73.48,0.535,1808,2944
39.41,61.49,652.7,99.1,73.49,0.538,1802,2963
39.42,61.72,652.8,100.1,73.29,0.539,1800,2968
39.43,61.92,650.6,99.4,73.45,0.537,1803,2980
39.44,62.23,647.5,101.2,73.68,0.537,1811,2990
39.45,62.45,650.1,100.5,73.52,0.541,1810,2996
39.46,62.63,651.4,100.1,73.35,0.537,1797,3006
39.47,62.99,647.3,101,73.96,0.546,1801,3013
39.48,63.2,648.3,100.6,74.08,0.549,1794,3025
39.49,63.41,648.9,99.3,74.17,0.548,1803,3032
39.5,63.7,646.8,97.7,73.81,0.55,1804,3050
39.51,63.97,648.9,100.5,74.15,0.554,1801,3056
39.52,64.25,650.3,99.5,73.95,0.555,1811,3072
39.53,64.4,649.8,102.3,74.44,0.554,1810,3074
39.54,64.72,651.4,101.3,74.1,0.559,1796,3086
39.55,64.9,649.8,98.2,74.35,0.561,1803,3101
39.56,65.17,648.1,99.6,74.19,0.555,1801,3110
39.57,65.44,650.4,103.8,74.56,0.568,1803,3119
39.58,65.69,649.3,98.8,74.61,0.565,1801,3131
39.59,65.94,651,101.2,74.9,0.57,1791,3141
39.6,66.16,649.5,97.3,74.88,0.572,1795,3153
39.61,66.45,650.7,97.1,74.82,0.577,1801,3154
39.62,66.66,648.3,100.5,74.31,0.575,1798,3163
39.63,66.97,650.2,100.1,74.81,0.581,1816,3175
39.64,67.2,648.8,101.4,74.69,0.584,1808,3184
39.65,67.43,651,96.8,74.84,0.581,1800,3200
39.66,67.73,650.4,99.1,75.16,0.583,1789,3207
39.67,67.96,651.4,101.7,75.23,0.587,1797,3216
39.68,68.2,649.1,101,75.47,0.591,1807,3228
39.69,68.46,646.6,100.2,75.28,0.597,1802,3233
39.7,68.72,644,100.4,73.83,0.602,1794,3245
39.71,68.97,636.2,100,72.19,0.602,1799,3254
39.72,69.15,630.5,96.4,70.52,0.609,1804,3262
39.73,69.41,626.7,99.6,68.47,0.61,1793,3274
39.74,69.62,617.6,99.7,66.89,0.612,1796,3283
39.75,69.91,610.6,99.5,66.27,0.616,1792,3295
39.76,70.1,604.8,104.9,64.88,0.617,1805,3307
39.77,70.37,599.1,97.4,64.14,0.617,1797,3309
39.78,70.54,588.9,100.7,63.3,0.617,1793,3324
39.79,70.81,584.4,99.9,62.56,0.619,1803,3328
39.8,70.99,575.9,103.7,61.32,0.621,1798,3340
39.81,71.21,567.9,98.3,61.2,0.623,1788,3353
39.82,71.39,561.4,102,61.18,0.625,1804,3359
39.83,71.62,559.8,99.1,60.95,0.623,1797,3364
39.84,71.88,553.3,97.3,60.21,0.62,1806,3371
39.85,72.05,546.3,97.7,60.27,0.619,1810,3384
39.86,72.26,537,99.8,59.46,0.622,1800,3390
39.87,72.44,531,101.5,59.59,0.627,1802,3399
39.88,72.62,521.8,97.9,59.1,0.619,1804,3411
39.89,72.86,515.2,99.2,58.7,0.621,1800,3414
39.9,73.01,512.7,100.7,58.81,0.616,1805,3412
39.91,73.25,507,102.7,58.31,0.62,1801,3429
39.92,73.35,495.7,98.4,58.17,0.62,1801,3439
39.93,73.57,491.1,99.5,57.7,0.623,1794,3440
39.94,73.69,483.8,98.7,57.17,0.621,1811,3447
39.95,73.86,478.3,100.6,56.88,0.623,1800,3454
39.96,74.01,471,100.8,56.85,0.623,1795,3462
39.97,74.23,464.7,97.4,56.63,0.62,1797,3465
39.98,74.37,457.5,98.3,56.39,0.623,1796,3475
39.99,74.49,453.5,99.3,55.54,0.625,1806,3482
40,74.65,445.4,101.7,55.84,0.63,1798,3486
40.01,74.78,438.2,98.9,55.2,0.627,1798,3489
40.02,74.98,431.6,100.3,54.69,0.627,1806,3494
40.03,75.05,425.4,101.4,55.19,0.637,1794,3495
40.04,75.21,419,100.6,54.4,0.632,1798,3507
40.05,75.39,411.5,100.8,53.95,0.639,1796,3517
40.06,75.47,404.9,98.3,53.43,0.633,1796,3520
40.07,75.59,399.8,98.8,52.98,0.638,1800,3522
40.08,75.67,392.8,100.1,52.7,0.64,1794,3529
40.09,75.84,386.2,104.3,52.58,0.646,1798,3530
40.1,75.96,380.2,101.4,52.53,0.649,1799,3535
40.11,76.11,373,99,51.67,0.653,1805,3542
40.12,76.12,367.1,98.3,51.75,0.651,1796,3543
40.13,76.25,360.9,100.5,51.45,0.652,1800,3552
40.14,76.33,353.9,100.5,51.54,0.658,1815,3553
40.15,76.44,343.7,100.9,50.97,0.657,1801,3556
40.16,76.56,339.2,99.8,50.79,0.661,1790,3554
40.17,76.6,332,101.2,49.79,0.662,1801,3562
40.18,76.68,328.7,101,50.48,0.669,1794,3563
40.19,76.79,320.1,99.2,48.94,0.669,1798,3575
40.2,76.86,316.2,97.4,49.26,0.67,1801,3576
40.21,76.98,306.4,100.7,48.98,0.679,1798,3579
40.22,76.95,299.2,101.6,48.28,0.683,1802,3582
40.23,77.02,292.3,100.9,47.98,0.682,1790,3584
40.24,77.15,287.5,100.2,47.74,0.683,1799,3589
40.25,77.19,281,101.1,47.68,0.681,1798,3586
40.26,77.26,273.6,99,47.21,0.685,1803,3590
40.27,77.31,270.3,100.7,46.92,0.692,1799,3588
40.28,77.34,260.8,101.8,46.23,0.697,1797,3598
40.29,77.45,250.7,100.2,45.94,0.696,1804,3600
40.3,77.43,247,102.9,45.4,0.698,1802,3597
40.31,77.48,240.3,102,45.53,0.701,1793,3597
40.32,77.48,238.2,97.5,45.02,0.704,1808,3597
40.33,77.6,229.3,99,44.63,0.699,1802,3605
40.34,77.58,222.9,101,44.14,0.702,1804,3601
40.35,77.57,215.5,101,44.22,0.705,1796,3604
40.36,77.64,209,102,43.66,0.705,1792,3600
40.37,77.59,200.3,101.1,42.98,0.705,1798,3599
40.38,77.64,194.8,99.2,43.15,0.707,1810,3612
40.39,77.7,187.8,98.9,42.81,0.707,1801,3604
40.4,77.68,181.5,101.7,41.96,0.707,1792,3605
40.41,77.67,177.2,101.5,43.6,0.709,1785,3609
40.42,77.62,166.9,99.6,45.16,0.706,1805,3606
40.43,77.71,161.5,101.5,46.56,0.716,1804,3603
40.44,77.63,156.5,101.4,47.61,0.711,1799,3603
40.45,77.7,146.4,99.6,49.25,0.722,1796,3608
40.46,77.71,143.3,98.5,49.99,0.72,1796,3608
40.47,77.69,136.6,98.7,51.68,0.72,1793,3605
40.48,77.69,129,101.1,51.48,0.723,1799,3608
40.49,77.7,120.5,99.2,52.03,0.725,1789,3608
40.5,77.63,113.9,96.1,52.52,0.727,1799,3608
40.51,77.72,107.8,99.9,52.59,0.731,1801,3608
40.52,77.64,105,98.2,52.52,0.733,1811,3612
40.53,77.64,98.1,100.8,52.8,0.737,1801,3605
40.54,77.68,104.1,100.7,53.14,0.737,1806,3605
40.55,77.65,101.9,101.4,53.42,0.741,1790,3604
40.56,77.67,101.2,99.2,52.93,0.748,1806,3605
40.57,77.66,100.8,97.8,53.31,0.753,1800,3605
40.58,77.65,96.3,103,53.52,0.753,1803,3605
40.59,77.69,98.9,101.7,53.29,0.757,1799,3607
40.6,77.7,100.3,101.5,52.87,0.76,1805,3610
40.61,77.66,97.6,101.3,53.49,0.762,1787,3602
40.62,77.7,101.5,99.1,53.09,0.766,1787,3607
40.63,77.67,99.4,101,53.1,0.761,1809,3608
40.64,77.65,97.6,99.1,53.45,0.775,1795,3612
40.65,77.66,100,100.6,53.37,0.776,1789,3609
40.66,77.63,99,99.8,52.79,0.776,1799,3609
40.67,77.71,101.2,96.5,53.35,0.781,1792,3608
40.68,77.7,97.9,99.7,53.35,0.783,1802,3607
40.69,77.65,97.9,100.5,53.75,0.779,1791,3605
40.7,77.64,100.6,101,53.05,0.784,1796,3605
40.71,77.7,100,100.8,53.44,0.786,1800,3602
40.72,77.63,101.3,98.9,53.15,0.783,1799,3607
40.73,77.72,97.8,97.7,52.97,0.791,1799,3606
40.74,77.68,101,99.2,53.44,0.793,1814,3606
40.75,77.67,102.7,101.7,53.46,0.792,1798,3613
40.76,77.68,99.5,99.4,53.39,0.791,1785,3602
40.77,77.69,99.9,100.6,53.23,0.788,1796,3608
40.78,77.66,99.1,97.8,53.56,0.789,1802,3608
40.79,77.64,100.6,101.3,53.15,0.791,1799,3612
40.8,77.68,99.4,98.7,53.74,0.789,1800,3602
40.81,77.67,99.1,100.3,53.31,0.79,1798,3606
40.82,77.64,97.5,100.5,53.26,0.792,1794,3606
40.83,77.67,101.1,97.5,53.64,0.789,1800,3603
40.84,77.67,100.9,101.9,53.56,0.783,1802,3612
40.85,77.71,102.3,101.5,52.82,0.783,1807,3607
40.86,77.7,101.5,98.8,53.27,0.781,1799,3606
40.87,77.62,98.2,101.7,52.83,0.781,1792,3608
40.88,77.68,103.1,103.1,53.54,0.779,1807,3607
40.89,77.75,102.8,102.2,53.68,0.783,1806,3607
40.9,77.66,99.6,100.5,53.41,0.781,1798,3612
40.91,77.65,100.5,98.2,53.37,0.774,1805,3606
40.92,77.68,101.4,99.2,53.04,0.769,1799,3608
40.93,77.68,102,96.8,53.5,0.772,1792,3606
40.94,77.7,101,101.6,53.24,0.769,1801,3604
40.95,77.66,100.6,99.5,53.29,0.772,1807,3607
40.96,77.67,101,98.6,53.6,0.77,1810,3607
40.97,77.75,98.8,99.4,53.92,0.766,1805,3600
40.98,77.71,99.5,100.3,53.48,0.766,1787,3605
40.99,77.67,101.9,103.1,53.06,0.76,1793,3605
41,77.69,98.7,99.4,53.28,0.759,1793,3607
41.01,77.68,101.6,101.1,53.02,0.76,1787,3606
41.02,77.64,102.6,101.7,53.01,0.761,1790,3609
41.03,77.66,100.1,99.2,53.03,0.761,1804,3607
41.04,77.65,101.3,103.1,52.97,0.761,1799,3607
41.05,77.67,99.8,98.1,53.34,0.76,1803,3616
41.06,77.67,101.2,99.9,53.3,0.756,1809,3608
41.07,77.66,101.4,100.5,53.17,0.749,1796,3608
41.08,77.73,100.2,99.5,53.05,0.755,1797,3608
41.09,77.64,101.3,100.4,52.88,0.755,1794,3605
41.1,77.76,98.5,101.5,53.31,0.746,1809,3605
41.11,77.7,101.2,100.2,53.73,0.754,1799,3603
41.12,77.69,99.4,99.1,53.77,0.75,1795,3605
41.13,77.7,99.2,99.1,53.14,0.753,1805,3609
41.14,77.7,102.7,99.2,53.26,0.755,1805,3605
41.15,77.67,102.9,99,53.14,0.75,1795,3611
41.16,77.68,99.6,99.7,53.25,0.749,1806,3607
41.17,77.62,98.3,102.8,53.44,0.751,1798,3603
41.18,77.65,98.1,98.9,53.25,0.749,1801,3612
41.19,77.67,102,99.3,54.06,0.755,1795,3615
41.2,77.66,98.1,108.9,53.45,0.759,1798,3607
41.21,77.72,99.2,110.1,53.42,0.752,1801,3607
41.22,77.67,102.7,115.1,52.96,0.755,1786,3603
41.23,77.69,99.4,121.6,53.12,0.758,1792,3612
41.24,77.68,102.3,126.8,53.39,0.76,1798,3613
41.25,77.67,100.4,130,53.62,0.755,1809,3610
41.26,77.71,99.5,137.5,53.37,0.76,1790,3606
41.27,77.64,101.8,145.7,53.49,0.762,1809,3605
41.28,77.68,99.3,149.2,53.44,0.758,1805,3607
41.29,77.69,101.1,155.3,52.91,0.762,1795,3604
41.3,77.69,98.4,158.8,53.26,0.771,1807,3604
41.31,77.7,100.9,166.6,53.44,0.759,1792,3607
41.32,77.71,100,171.7,53.07,0.759,1795,3609
41.33,77.71,99.2,176.5,53.35,0.766,1803,3610
41.34,77.65,99.6,184.9,53.57,0.767,1809,3608
41.35,77.66,98.7,188.1,51.75,0.767,1796,3604
41.36,77.7,99.7,195.5,49.78,0.76,1797,3612
41.37,77.67,99.2,197.1,48.14,0.767,1799,3608
41.38,77.64,102.3,202.8,46.34,0.761,1803,3605
41.39,77.63,102.7,208.9,44.74,0.756,1802,3606
41.4,77.62,99.6,217.2,43.41,0.757,1792,3607
41.41,77.62,98.6,220.5,42.77,0.747,1789,3600
41.42,77.54,101.2,225,42.72,0.741,1792,3601
41.43,77.58,101.3,230.5,41.51,0.732,1793,3600
41.44,77.54,99.6,236.9,41.48,0.729,1803,3601
41.45,77.54,102.8,242.2,40.96,0.72,1800,3593
41.46,77.5,101,246.7,40.24,0.715,1794,3599
41.47,77.38,99.5,253.7,40.43,0.701,1795,3599
41.48,77.39,101.6,259.9,40.36,0.695,1803,3596
41.49,77.39,102.4,265.3,39.89,0.685,1805,3595
41.5,77.33,100.4,272.2,39.84,0.671,1809,3593
41.51,77.25,100.9,277.5,39.92,0.661,1794,3592
41.52,77.2,101,282.2,39.69,0.652,1800,3582
41.53,77.13,103.4,288.1,39.36,0.634,1805,3584
41.54,77.06,102.9,293,39.11,0.632,1784,3589
41.55,76.96,102.1,295.2,38.76,0.619,1810,3574
41.56,76.97,100.7,304.4,39.18,0.61,1802,3583
41.57,76.86,97.7,307.6,39.55,0.601,1798,3574
41.58,76.75,101.7,313.5,39.14,0.588,1804,3573
41.59,76.68,99.8,319.8,38.45,0.583,1798,3567
41.6,76.61,99,326.2,38.66,0.569,1801,3568
41.61,76.51,100.8,329.6,38.74,0.564,1809,3560
41.62,76.46,99.6,340.6,38.38,0.548,1797,3553
41.63,76.29,101.6,341.4,38.54,0.548,1798,3553
41.64,76.28,101,345,38.16,0.537,1807,3555
41.65,76.16,101.3,352.3,37.45,0.538,1807,3543
41.66,76.07,102.3,355.7,38.03,0.523,1794,3541
41.67,75.95,98.2,364,38.08,0.527,1801,3535
41.68,75.83,102.1,371.2,37.2,0.515,1790,3531
41.69,75.72,99.4,375.6,37.89,0.517,1806,3533
41.7,75.64,98.6,380.8,37.36,0.512,1809,3521
41.71,75.42,97.9,387.5,37.43,0.506,1814,3518
41.72,75.36,101,391.7,37.29,0.504,1806,3516
41.73,75.16,100,396.9,36.59,0.509,1788,3504
41.74,75,100.6,402.9,36.37,0.504,1792,3496
41.75,74.89,103.1,408.5,36.9,0.504,1797,3495
41.76,74.74,97.6,411.4,36.47,0.507,1810,3488
41.77,74.64,99.4,419.7,36.06,0.503,1804,3488
41.78,74.5,102.8,425.4,36.46,0.509,1794,3475
41.79,74.28,102.1,427.8,35.49,0.504,1804,3474
41.8,74.21,102,436.8,35.83,0.506,1799,3467
41.81,73.99,99.8,441.7,36.14,0.515,1795,3458
41.82,73.84,97.5,445.7,35.75,0.511,1796,3454
41.83,73.64,99.4,453,35.49,0.519,1802,3448
41.84,73.52,97.6,457.7,35.12,0.524,1799,3440
41.85,73.3,98.5,464.8,34.98,0.519,1796,3432
41.86,73.2,99.8,468.4,34.86,0.529,1780,3428
41.87,73,99.3,474.5,35.25,0.529,1804,3417
41.88,72.78,99.6,479.2,35.1,0.525,1802,3414
41.89,72.6,99.6,485.8,34.83,0.53,1801,3402
41.9,72.42,98.6,488.1,35.05,0.528,1800,3397
41.91,72.25,100.4,495.4,34.32,0.535,1789,3391
41.92,72.08,101.1,501,34.21,0.542,1797,3386
41.93,71.85,101,507.9,33.87,0.545,1805,3374
41.94,71.63,101,509.1,33.74,0.543,1807,3366
41.95,71.37,103.1,520.3,34.13,0.55,1805,3358
41.96,71.19,98.9,525.3,33.97,0.544,1803,3345
41.97,71.02,98.2,528.5,33.62,0.544,1790,3335
41.98,70.77,99.6,534.2,33.82,0.551,1810,3329
41.99,70.53,100.1,540.8,33.14,0.545,1798,3318
42,70.34,98.9,548.7,33.31,0.545,1797,3315
42.01,70.1,101.2,549.9,32.71,0.547,1802,3305
42.02,69.84,100.3,556.7,32.63,0.546,1796,3294
42.03,69.69,100.7,563.4,32.11,0.546,1808,3287
42.04,69.46,100.6,570.3,31.11,0.541,1805,3271
42.05,69.14,99.1,578.6,31.07,0.538,1808,3261
42.06,68.89,95.7,584,31.04,0.536,1811,3261
42.07,68.67,98.1,590.3,30.42,0.53,1796,3248
42.08,68.36,99.6,594.3,29.64,0.527,1797,3235
42.09,68.15,100.3,601.2,29.68,0.528,1800,3233
42.1,67.87,101.2,608.2,28.98,0.519,1790,3214
42.11,67.63,99.6,616,29.26,0.515,1802,3205
42.12,67.33,100.5,621.8,28.59,0.508,1809,3195
42.13,67.02,104.1,628.7,28.23,0.501,1796,3177
42.14,66.72,98.7,635.8,27.81,0.501,1803,3167
42.15,66.5,99.7,643.3,28.14,0.486,1802,3155
42.16,66.19,102.3,651.4,27.55,0.483,1801,3145
42.17,65.91,100.8,645.5,28.59,0.475,1793,3136
42.18,65.57,103.6,648.9,30.67,0.463,1807,3128
42.19,65.28,99.4,650.3,32.66,0.465,1798,3113
42.2,64.96,102.1,649.9,34.7,0.463,1796,3101
42.21,64.68,99.5,649,36.48,0.453,1799,3086
42.22,64.36,101.1,652,37.03,0.45,1805,3069
42.23,64.1,99.6,650,38.01,0.444,1804,3062
42.24,63.75,101.4,649.9,38.97,0.448,1806,3053
42.25,63.52,97.2,651.4,39.68,0.447,1805,3042
42.26,63.16,101.2,646,39.6,0.438,1799,3030
42.27,62.91,100.6,649.6,39.95,0.444,1812,3015
42.28,62.63,99.5,647.7,40.51,0.448,1793,3006
42.29,62.28,99.1,649.4,40.36,0.45,1801,2993
42.3,62,101,650,40.12,0.455,1787,2979
42.31,61.69,101.7,651.5,40.13,0.449,1803,2964
42.32,61.38,97.4,647.7,40.32,0.457,1796,2957
42.33,61.1,100.1,652,40.36,0.456,1791,2945
42.34,60.79,98.6,647.5,40.32,0.467,1792,2930
42.35,60.53,99.7,647.8,40.75,0.471,1806,2924
42.36,60.22,99.9,652.8,39.93,0.473,1799,2902
42.37,59.84,100.8,652.9,40.06,0.481,1801,2894
42.38,59.6,100.7,650.8,40.13,0.487,1811,2884
42.39,59.33,99.7,649.4,39.86,0.483,1802,2872
42.4,58.99,99,652.7,39.79,0.497,1803,2862
42.41,58.66,100.2,648.4,39.7,0.496,1805,2845
42.42,58.33,100.6,651.7,39.75,0.492,1799,2834
42.43,58.13,100.1,649.7,39.22,0.505,1803,2822
42.44,57.8,101.3,651.4,39.18,0.499,1794,2808
42.45,57.5,100.5,648.2,39.23,0.505,1803,2796
42.46,57.16,98.8,652.1,39.23,0.504,1797,2786
42.47,56.85,99.2,653.7,39.58,0.511,1805,2775
42.48,56.57,99.3,650,39.25,0.514,1799,2762
42.49,56.3,101.5,650.1,39.15,0.512,1800,2755
42.5,55.96,99.9,649.3,38.78,0.505,1808,2735
42.51,55.69,99.4,650.4,39.13,0.502,1802,2724
42.52,55.39,97.9,648.9,38.75,0.508,1794,2717
42.53,55.09,101.6,648.6,38.65,0.502,1799,2706
42.54,54.78,96.3,648.8,38.25,0.501,1805,2686
42.55,54.49,99.2,648.1,38.41,0.498,1811,2682
42.56,54.16,100.7,652.4,38.17,0.5,1802,2667
42.57,53.91,102.1,649.5,38.12,0.494,1803,2653
42.58,53.58,97.4,650,38.26,0.489,1809,2649
42.59,53.26,100,649.2,37.97,0.481,1797,2629
42.6,52.99,100.5,647.4,37.96,0.48,1809,2618
42.61,52.71,98,649.7,37.74,0.473,1798,2610
42.62,52.4,97.1,653.6,37.77,0.467,1807,2592
42.63,52.05,101.5,652.1,37.77,0.458,1803,2586
42.64,51.78,99.3,650.3,37.39,0.449,1798,2566
42.65,51.44,98.5,650.5,37.51,0.443,1796,2561
42.66,51.17,99.2,649.7,37.47,0.429,1800,2544
42.67,50.9,100.9,650.7,37.14,0.426,1798,2539
42.68,50.52,97.3,650.9,37.34,0.416,1802,2519
42.69,50.3,99.3,649.2,37.04,0.405,1800,2510
42.7,50.02,100.1,650.4,37.4,0.396,1801,2500
42.71,49.64,101.3,649.7,37.08,0.388,1796,2487
42.72,49.42,100.3,651.1,37.13,0.381,1798,2477
42.73,49.1,102.7,650.4,36.89,0.374,1802,2456
42.74,48.78,100.6,651,37.01,0.365,1803,2450
42.75,48.5,97.9,649.8,36.61,0.349,1810,2439
42.76,48.22,99.8,647.8,36.83,0.346,1805,2431
42.77,47.9,100.1,650.8,36.89,0.338,1795,2412
42.78,47.54,102.2,650.5,36.29,0.328,1795,2406
42.79,47.32,101.1,651.4,36.62,0.32,1796,2395
42.8,46.98,99.3,650.3,36.65,0.313,1800,2383
42.81,46.69,102.7,651.8,36.42,0.309,1790,2373
42.82,46.4,100.8,649.9,36.19,0.298,1797,2352
42.83,46.12,99.5,649.2,35.98,0.289,1799,2344
42.84,45.81,103.4,651.2,35.45,0.284,1792,2329
42.85,45.47,101.2,647.9,35.42,0.277,1793,2318
42.86,45.17,101.7,652.3,35.67,0.269,1805,2308
42.87,44.9,98.2,647.9,35.89,0.265,1797,2293
42.88,44.59,98.8,649.9,35.79,0.257,1802,2284
42.89,44.35,100.4,650.9,35.66,0.248,1799,2274
42.9,43.99,102.1,651.1,35.12,0.245,1794,2263
42.91,43.73,98.1,649.6,35.13,0.238,1801,2248
42.92,43.34,100.8,650.2,35.16,0.241,1793,2238
42.93,43.07,100.6,650.9,35.06,0.231,1805,2228
42.94,42.78,97.2,652.3,35.1,0.234,1808,2210
42.95,42.5,98.1,650.6,34.73,0.223,1805,2201
42.96,42.15,98,648.5,35,0.217,1801,2185
42.97,41.88,101.5,652.3,34.71,0.221,1805,2171
42.98,41.57,97.6,649.1,34.67,0.212,1797,2163
42.99,41.29,99.6,648.3,34.4,0.207,1805,2152
43,40.96,97.4,650.5,34.73,0.207,1807,2138
43.01,40.67,100.2,648.3,34.76,0.202,1801,2125
43.02,40.41,100.4,649.8,34.3,0.194,1798,2120
43.03,40.12,100,646.4,34.01,0.193,1804,2103
43.04,39.81,100.6,651.7,34.25,0.192,1802,2090
43.05,39.46,102.5,650.7,33.83,0.195,1802,2084
43.06,39.18,100.1,650.8,33.66,0.185,1796,2062
43.07,38.9,97.9,651.4,33.88,0.19,1805,2055
43.08,38.62,99.6,650.3,33.51,0.188,1794,2044
43.09,38.3,97,648.9,33.38,0.186,1790,2033
43.1,38,101.1,653.9,33.38,0.177,1797,2021
43.11,37.68,100.6,648.6,33.4,0.176,1806,2010
43.12,37.4,98.5,649,33.53,0.175,1810,1994
43.13,37.1,103.2,649.6,33.13,0.171,1791,1979
43.14,36.8,97,650.7,33.57,0.165,1794,1969
43.15,36.42,98.2,651.2,32.9,0.171,1799,1958
43.16,36.23,98.6,648.9,33.01,0.169,1800,1948
43.17,35.88,94.8,650.4,32.64,0.157,1793,1931
43.18,35.58,101,650.3,33.08,0.16,1797,1930
43.19,35.25,101.3,651.9,32.59,0.155,1802,1910
43.2,35,101,648.7,32.36,0.149,1799,1901
43.21,34.7,100.3,652.1,32.84,0.147,1797,1890
43.22,34.43,95.4,648.8,32.67,0.143,1791,1876
43.23,34.1,99.2,650.2,32.2,0.141,1796,1863
43.24,33.79,100.4,648.3,32.08,0.141,1811,1850
43.25,33.5,100.1,649.9,31.99,0.134,1808,1841
43.26,33.2,100.4,650.4,32.12,0.132,1810,1831
43.27,32.89,98.7,650,32.23,0.124,1791,1816
43.28,32.58,101,650.7,32.43,0.12,1798,1804
43.29,32.27,101.6,650.9,31.79,0.119,1804,1794
43.3,32.03,100.7,649.1,31.73,0.115,1800,1778
43.31,31.68,98.5,648.5,31.82,0.11,1805,1768
43.32,31.36,100.1,649.8,31.89,0.109,1801,1752
43.33,31.07,100.3,651.1,31.6,0.097,1794,1741
43.34,30.8,99.3,650.7,31.63,0.092,1791,1727
43.35,30.51,101.1,650.9,31.38,0.088,1798,1722
43.36,30.22,98.8,651.3,31.09,0.081,1794,1707
43.37,29.92,100.2,649,31.14,0.079,1805,1697
43.38,29.54,99.5,652,30.98,0.074,1796,1684
43.39,29.28,99.2,647.9,30.75,0.069,1799,1672
43.4,28.96,98.5,648.9,30.75,0.068,1805,1665
43.41,28.68,100.3,649.6,30.87,0.058,1804,1649
43.42,28.37,99.4,651.3,31.21,0.051,1797,1633
43.43,28.07,98.6,651.1,30.57,0.047,1794,1626
43.44,27.82,99.2,648.8,30.58,0.041,1797,1613
43.45,27.5,98.7,652.3,30.06,0.037,1798,1600
43.46,27.24,99.4,651,30.62,0.027,1800,1589
43.47,26.89,99.8,648.7,29.89,0.021,1789,1574
43.48,26.59,99.7,649.7,30.07,0.018,1793,1566
43.49,26.28,100.7,648.9,30.12,0.013,1805,1552
43.5,26,101.1,651.2,29.97,0.006,1799,1542
43.51,25.77,101.8,648.1,29.74,0.007,1793,1528
43.52,25.34,100.3,649.6,29.37,-0.005,1790,1511
43.53,25.11,100,648.2,29.58,-0.009,1795,1501
43.54,24.81,103.3,650.8,29.58,-0.015,1800,1492
43.55,24.4,98.1,648.1,29.85,-0.019,1801,1478
43.56,24.19,99.7,647.6,29.31,-0.027,1808,1468
43.57,23.89,99.1,650.3,29.7,-0.029,1803,1456
43.58,23.54,100.5,650.2,29.4,-0.033,1811,1444
43.59,23.32,101.7,650.1,29.63,-0.033,1810,1433
43.6,23,98.5,651.3,29.02,-0.042,1807,1417
43.61,22.59,99.4,651,29.07,-0.047,1801,1406
43.62,22.44,102.7,648.6,29.02,-0.049,1799,1393
43.63,22.06,100.7,647.4,28.72,-0.06,1809,1378
43.64,21.79,101.5,650.6,28.8,-0.061,1802,1374
43.65,21.48,100.8,651.2,28.36,-0.07,1799,1358
43.66,21.18,99.1,651.2,28.39,-0.072,1804,1355
43.67,20.89,100.7,650.3,28.58,-0.079,1797,1340
43.68,20.55,98.4,651.3,28.21,-0.083,1782,1324
43.69,20.27,97.6,650.8,27.97,-0.087,1806,1315
43.7,19.93,101.2,647.5,28.13,-0.092,1796,1300
43.71,19.66,102,654.2,28.16,-0.094,1813,1286
43.72,19.42,100.5,652.4,27.88,-0.096,1800,1280
43.73,19.07,98.7,650.6,28.07,-0.105,1789,1259
43.74,18.84,102,651.4,27.34,-0.11,1806,1251
43.75,18.45,100.5,651.7,27.98,-0.109,1801,1239
43.76,18.17,99.9,650.3,27.95,-0.116,1802,1224
43.77,17.85,100.5,650.9,27.27,-0.116,1803,1217
43.78,17.62,99.1,650.4,27.42,-0.122,1804,1205
43.79,17.32,100.1,647.7,27.19,-0.124,1802,1193
43.8,16.98,101.3,651.6,27.04,-0.126,1808,1180
43.81,16.69,99.8,649.2,27.26,-0.139,1801,1166
43.82,16.37,98.6,636.4,30.39,-0.134,1801,1154
43.83,16.14,101.4,619.7,35.15,-0.143,1789,1139
43.84,15.79,101.4,610.3,39.4,-0.142,1804,1129
43.85,15.55,97.9,595,43.87,-0.143,1787,1123
43.86,15.22,99.3,581.8,47.35,-0.143,1802,1110
43.87,15,100.3,567.9,50.08,-0.14,1787,1104
43.88,14.73,100.7,554.1,51.92,-0.136,1798,1088
43.89,14.5,100.2,543.7,53.78,-0.123,1801,1077
43.9,14.29,101.1,525.8,54.99,-0.126,1805,1073
43.91,14.08,101.2,511.7,56.53,-0.118,1802,1065
43.92,13.77,100,498.3,56.81,-0.11,1791,1058
43.93,13.63,102,484,57.64,-0.098,1797,1047
43.94,13.41,101.1,471.7,58.4,-0.091,1804,1038
43.95,13.17,100.5,456,58.49,-0.084,1798,1029
43.96,13.05,98.7,445.3,58.69,-0.069,1797,1022
43.97,12.84,99.3,428.7,59.34,-0.06,1806,1007
43.98,12.69,101.2,416.4,59.68,-0.05,1801,1010
43.99,12.47,101.8,405.1,60.01,-0.045,1808,997
44,12.42,97.9,388,60.09,-0.034,1802,999
44.01,12.25,100.5,375,60.08,-0.025,1790,983
44.02,12.07,99.9,360,60.8,-0.016,1804,989
44.03,12,98.3,348.5,60.53,-0.007,1807,978
44.04,11.86,102.7,332.5,61.47,0.005,1802,972
44.05,11.71,97.7,321.3,60.86,0.01,1800,974
44.06,11.65,96.8,306.7,61.35,0.019,1799,966
44.07,11.54,99,291.8,61.4,0.028,1798,962
44.08,11.46,100.8,277.4,61.17,0.035,1797,954
44.09,11.46,100.8,266.9,62.23,0.04,1803,954
44.1,11.4,103.7,250.4,61.98,0.045,1797,954
44.11,11.32,98.1,237.7,62.41,0.045,1802,948
44.12,11.27,99.7,224.3,62.07,0.051,1796,947
44.13,11.24,99.9,210.9,62.54,0.062,1799,947
44.14,11.2,101.4,197.2,63.63,0.063,1793,948
44.15,11.21,98.8,181.3,63.13,0.052,1797,947
44.16,11.14,99.6,169,60.27,0.058,1803,947
44.17,11.19,100.1,157,55.48,0.059,1801,946
44.18,11.15,99.5,141.8,51.54,0.058,1787,942
44.19,11.13,96.5,128.6,47.37,0.056,1805,942
44.2,11.13,102.8,113.6,43.51,0.047,1795,949
44.21,11.14,101.8,101,41.04,0.04,1801,950
44.22,11.16,100.7,98.8,39.29,0.026,1793,943
44.23,11.17,98.2,101.7,37.73,0.014,1815,950
44.24,11.12,97.2,99,36.34,0.004,1806,948
44.25,11.12,101.4,99.9,35.6,-0.009,1802,943
44.26,11.13,98.6,98.1,35.16,-0.026,1803,946
44.27,11.15,99.6,101.1,34.84,-0.04,1799,944
44.28,11.11,101.2,101.1,34.28,-0.056,1798,946
44.29,11.17,99.1,99.8,33.81,-0.081,1797,945
44.3,11.15,98.5,99.9,33.82,-0.095,1804,944
44.31,11.14,98.9,99.2,33.9,-0.111,1801,945
44.32,11.09,98.7,100,33.41,-0.135,1789,944
44.33,11.13,100.7,102.5,33.31,-0.152,1806,946
44.34,11.14,99.7,97.2,33.31,-0.167,1811,943
44.35,11.16,99.7,101.2,33.77,-0.19,1798,944
44.36,11.18,101.4,96.8,33.66,-0.211,1810,947
44.37,11.1,98.6,99.7,33.09,-0.23,1804,947
44.38,11.11,101.5,98.4,33.6,-0.243,1792,947
44.39,11.12,100.4,98.6,33.39,-0.263,1798,944
44.4,11.14,99.7,98,32.94,-0.276,1798,945
44.41,11.11,99.8,100.6,33.13,-0.293,1790,949
44.42,11.12,102.1,100.5,33.54,-0.303,1791,942
44.43,11.15,99,99.2,33.04,-0.314,1799,943
44.44,11.17,99.3,100.4,33.44,-0.329,1803,941
44.45,11.17,97.5,101.6,32.98,-0.337,1797,945
44.46,11.09,98,100.8,33.56,-0.344,1803,944
44.47,11.14,99.8,102.1,33.74,-0.355,1805,946
44.48,11.1,100.7,101.4,33.69,-0.359,1798,946
44.49,11.1,98.7,103,33.39,-0.366,1792,950
44.5,11.15,100.2,99.3,33.15,-0.376,1791,941
44.51,11.14,99.8,101.2,33.4,-0.369,1809,943
44.52,11.13,102.4,99.2,33.14,-0.376,1796,948
44.53,11.17,100.6,99.4,33.8,-0.377,1802,945
44.54,11.11,100.4,101.2,33.26,-0.371,1801,946
44.55,11.13,99.8,102.7,33.53,-0.362,1799,948
44.56,11.13,99.5,100,32.86,-0.372,1807,945
44.57,11.14,98.2,99.9,33.44,-0.363,1801,947
44.58,11.1,101.7,99.1,33.57,-0.363,1813,946
44.59,11.16,99.1,97.6,33.76,-0.352,1799,950
44.6,11.14,100,99.4,33.2,-0.347,1800,941
44.61,11.14,100.8,99.3,33.21,-0.346,1808,946
44.62,11.13,100.7,99.9,33.18,-0.335,1805,947
44.63,11.11,99.2,100.9,33.36,-0.327,1799,947
44.64,11.14,101,100.6,33.15,-0.322,1796,945
44.65,11.06,98.9,100.8,33.74,-0.314,1795,942
44.66,11.19,100.3,99.2,33.29,-0.309,1801,940
44.67,11.11,99.9,98,33.66,-0.29,1802,943
44.68,11.17,102.6,101.3,33.44,-0.28,1791,938
44.69,11.14,97.9,100,33.15,-0.28,1800,943
44.7,11.15,102.1,103.2,33.36,-0.263,1803,946
44.71,11.14,102,97.9,33.01,-0.25,1795,950
44.72,11.16,101,99.2,33.34,-0.247,1787,942
44.73,11.16,100,98.8,33.67,-0.235,1790,942
44.74,11.16,98.1,99.1,33.19,-0.23,1796,946
44.75,11.13,99.3,100.6,33.67,-0.223,1809,944
44.76,11.15,101.5,100.8,33.15,-0.214,1789,942
44.77,11.1,101.3,99.9,33.42,-0.21,1798,947
44.78,11.16,99.7,99.6,33.23,-0.202,1798,947
44.79,11.15,101.3,100.5,33.43,-0.198,1809,941
44.8,11.12,101.2,99.7,33.63,-0.183,1802,949
44.81,11.18,100.6,102.8,33.81,-0.186,1808,944
44.82,11.13,99.1,100.8,33.25,-0.179,1804,948
44.83,11.18,98.4,102.6,33.6,-0.169,1801,946
44.84,11.2,99,98.8,33.26,-0.17,1795,945
44.85,11.16,98.5,101.8,33.92,-0.17,1785,941
44.86,11.1,101.2,102.5,33.29,-0.166,1800,943
44.87,11.17,99.2,99.8,33.33,-0.172,1797,944
44.88,11.18,99.2,101.8,33.53,-0.16,1800,942
44.89,11.13,101.7,97.4,33.37,-0.164,1803,942
44.9,11.1,102.5,98.7,33.64,-0.166,1795,945
44.91,11.15,98.6,101.4,33.35,-0.164,1793,943
44.92,11.11,101.5,98,33.52,-0.165,1798,946
44.93,11.09,99.7,100.5,33.29,-0.168,1799,948
44.94,11.09,101.3,99.1,33.67,-0.171,1805,945
44.95,11.13,101.9,98.9,33.77,-0.172,1802,944
44.96,11.13,103.5,102.3,33.42,-0.172,1800,948
44.97,11.14,100.8,100.5,33.29,-0.175,1797,945
44.98,11.12,98.9,100,33.28,-0.182,1792,942
44.99,11.16,101.2,101.5,33.05,-0.188,1785,948
45,11.11,100.6,99.7,33.27,-0.186,1797,946
45.01,11.15,102.5,100.5,33.07,-0.194,1799,947
45.02,11.17,96.9,99.4,33.3,-0.199,1795,948
45.03,11.12,100,99,33.73,-0.203,1803,948
45.04,11.15,101.2,100.5,33.57,-0.209,1800,945
45.05,11.16,99.4,100.1,33.23,-0.213,1803,946
45.06,11.16,100.7,99.4,33.75,-0.219,1805,941
45.07,11.15,99.9,102,33.45,-0.221,1802,943
45.08,11.19,99.7,100.9,33.14,-0.225,1800,945
45.09,11.18,99.6,99.3,33.49,-0.229,1800,941
45.1,11.12,100.3,99.9,32.96,-0.235,1803,948
45.11,11.2,99.3,99.1,32.98,-0.234,1795,946
45.12,11.11,100.2,100.6,32.91,-0.245,1799,941
45.13,11.12,100,99.2,33.31,-0.245,1800,946
45.14,11.1,102.3,100,33.31,-0.245,1816,946
45.15,11.17,99.3,99.7,33.42,-0.252,1801,953
45.16,11.12,99.9,100.6,33.19,-0.255,1797,937
45.17,11.18,99.6,97.1,33.43,-0.258,1811,953
45.18,11.09,100,99.6,33.26,-0.259,1799,946
45.19,11.13,100.3,103,33.1,-0.261,1799,943
45.2,11.14,100.5,103.1,33.48,-0.268,1791,938
45.21,11.18,99.3,99.2,33.69,-0.267,1806,938
45.22,11.11,99.7,100.1,33.78,-0.263,1790,947
45.23,11.13,100.1,99.4,33.5,-0.266,1799,943
45.24,11.16,101.9,99.5,32.95,-0.264,1804,948
45.25,11.1,97.4,97.8,33.37,-0.263,1793,946
45.26,11.14,100.4,100.9,33.36,-0.266,1789,945
45.27,11.16,99.9,98.4,32.96,-0.268,1809,948
45.28,11.13,98.4,98.1,34.09,-0.268,1809,951
45.29,11.14,98.6,100.5,33.26,-0.267,1801,946
45.3,11.12,100.8,97.8,33.33,-0.263,1798,947
45.31,11.14,102.2,99,33.34,-0.26,1793,947
45.32,11.08,101.3,97.8,33.8,-0.263,1798,945
45.33,11.15,98.3,99.1,33.74,-0.265,1804,947
45.34,11.18,101.5,99,33.31,-0.257,1792,950
45.35,11.14,97.9,100.8,33.29,-0.261,1797,947
45.36,11.15,99.8,99.4,33.44,-0.257,1796,945
45.37,11.16,101.6,102.9,33.51,-0.252,1798,953
45.38,11.13,101.9,99.5,33.43,-0.258,1796,945
45.39,11.14,101.5,99.9,33.75,-0.248,1798,944
45.4,11.17,101.5,99.3,33.66,-0.248,1800,948
45.41,11.14,102.4,100.6,33.48,-0.243,1799,943
45.42,11.14,102,102.5,33.44,-0.24,1802,942
45.43,11.14,101.6,99,33.6,-0.237,1799,947
45.44,11.13,99.8,102.8,33.45,-0.235,1802,940
45.45,11.13,100.8,98.4,33.67,-0.236,1794,946
45.46,11.09,98.9,96.5,33.1,-0.235,1799,945
45.47,11.14,99.7,99.9,33.37,-0.232,1806,941
45.48,11.2,100.3,101.1,33.04,-0.233,1804,942
45.49,11.1,96.2,98.2,32.82,-0.232,1799,949
45.5,11.13,98.7,103.7,33.35,-0.222,1805,947
45.51,11.16,100.8,102.2,33.42,-0.223,1808,942
45.52,11.13,97.4,97.3,33.21,-0.221,1794,953
45.53,11.15,100.6,102.9,33.58,-0.22,1797,945
45.54,11.12,101.2,101.9,33.3,-0.22,1815,943
45.55,11.09,101.7,99.3,33.52,-0.219,1793,946
45.56,11.14,101,100.3,33.47,-0.218,1793,950
45.57,11.13,99.5,97,32.84,-0.217,1798,941
45.58,11.11,98.9,98.8,33.76,-0.216,1798,946
45.59,11.13,101.4,97.9,32.76,-0.217,1799,945
45.6,11.17,99.3,98.3,33.85,-0.219,1799,949
45.61,11.11,100.7,101.3,33.37,-0.214,1793,945
45.62,11.21,101.7,97.6,33,-0.217,1802,946
45.63,11.12,100.6,98.2,33.1,-0.219,1794,946
45.64,11.17,99.1,99.1,33.52,-0.219,1798,952
45.65,11.12,100.3,99.8,33.21,-0.218,1803,949
45.66,11.11,100.1,101.6,32.97,-0.217,1805,951
45.67,11.07,102.9,102.6,32.67,-0.216,1807,951
45.68,11.08,101.4,100.6,33.73,-0.22,1792,947
45.69,11.13,99.8,98.1,33.03,-0.222,1801,946
45.7,11.13,100.4,99.6,33.37,-0.22,1803,947
45.71,11.15,98.3,97.2,33.29,-0.22,1796,945
45.72,11.21,99.5,99,32.93,-0.226,1797,954
45.73,11.12,101.3,101.6,33.4,-0.226,1797,950
45.74,11.17,103.6,100.7,33.21,-0.222,1799,945
45.75,11.16,97.6,98.1,33.4,-0.23,1801,943
45.76,11.17,99.3,100.3,33.07,-0.225,1799,947
45.77,11.16,100.3,98.6,33.35,-0.226,1794,948
45.78,11.12,101.2,99.3,33.65,-0.23,1806,941
45.79,11.16,98.6,102.6,33.48,-0.233,1795,951
45.8,11.16,98.4,102,33.12,-0.23,1809,948
45.81,11.12,102.1,101.1,33.34,-0.235,1804,947