Time[s],LASP::FFD3_BoomAnglePercentage,LOGE_::EPPR_ArmUp[mA],LOGE_::EPPR_ArmDown[mA],LABHRP::FFD2_ArmCylinderHeadPressure,Body_IMU_Angle_SQ::PitchAngle[deg],EEC1::EngSpeed[rpm],LOGI_::AngleSensorVoltage_Arm[mV]
0,0,0,0,0,0,0,0
0.01,4.99,101.9,100.7,30.39,-0.001,1799,697
0.02,4.98,98,98.9,30.78,-0.005,1807,703
0.03,5.04,99.9,100.4,31.11,-0.013,1801,703
0.04,5.02,100.7,98.4,30.98,-0.028,1807,701
0.05,4.97,98.2,102.4,31.56,-0.043,1796,698
0.06,4.95,98,101.2,31.18,-0.048,1793,699
0.07,5.04,99.5,100.9,31.24,-0.067,1797,699
0.08,5,98.6,98.7,31.47,-0.081,1794,699
0.09,5.03,99.8,100.5,31.25,-0.09,1812,703
0.1,4.97,99.5,100.1,31.67,-0.118,1805,696
0.11,4.97,98.8,97.5,31.29,-0.135,1800,704
0.12,4.98,99.4,101.2,31.58,-0.152,1803,700
0.13,4.96,102.4,97,31.21,-0.177,1803,707
0.14,5,97.4,102.4,31.65,-0.197,1806,698
0.15,5.02,99.2,99.9,31.24,-0.217,1816,698
0.16,4.97,100.9,98.9,31.53,-0.237,1807,701
0.17,5.02,99.5,98.1,31.52,-0.261,1796,698
0.18,4.96,100,99.7,31.35,-0.276,1785,700
0.19,5.02,99.8,100.5,31.11,-0.301,1792,697
0.2,5.01,101.8,100,31.41,-0.32,1803,703
0.21,5.02,98.9,100.9,31.97,-0.342,1805,701
0.22,4.99,99.1,99.7,31.66,-0.352,1794,701
0.23,4.99,99.2,99.7,31.9,-0.378,1800,701
0.24,5.03,99,99.1,32.04,-0.394,1813,697
0.25,4.99,101,100.9,31.15,-0.407,1791,698
0.26,4.95,98.9,101,31.86,-0.42,1798,701
0.27,5,100.9,96.6,31.34,-0.429,1798,700
0.28,4.96,100.2,100.4,31.36,-0.439,1794,704
0.29,5.01,99.9,99.1,31.61,-0.457,1797,701
0.3,4.99,99,99.8,31.14,-0.457,1809,702
0.31,5.01,100.3,102,31.67,-0.472,1795,702
0.32,4.98,101.2,101.5,31.42,-0.471,1787,697
0.33,5.02,99.5,100.1,31.48,-0.475,1799,697
0.34,4.98,99.2,100.9,31.45,-0.485,1792,699
0.35,4.97,102.2,98.5,31.54,-0.48,1797,707
0.36,4.97,101.7,99.2,31.26,-0.481,1814,700
0.37,4.93,100.8,101.5,31.11,-0.484,1805,702
0.38,5.01,99.3,99.7,31.9,-0.48,1796,703
0.39,4.99,102,95.8,31.72,-0.48,1798,700
0.4,5.03,101.9,100.4,32.02,-0.472,1799,700
0.41,5.02,101.3,101.2,30.97,-0.469,1805,701
0.42,5,99.1,99.5,31.51,-0.461,1808,704
0.43,5.01,100.9,98.6,31.08,-0.454,1794,699
0.44,5,100.8,99.4,31.65,-0.447,1797,699
0.45,5,99.7,97.3,31.62,-0.442,1804,698
0.46,4.95,100.3,101.3,31.68,-0.428,1804,699
0.47,4.96,101.3,101.6,31.29,-0.422,1808,703
0.48,5.02,100.8,100.7,31.42,-0.409,1801,698
0.49,5.01,98.9,100.3,31.23,-0.398,1789,697
0.5,5,100.6,99.8,31.34,-0.39,1800,697
0.51,4.99,102.8,99.7,31.71,-0.383,1801,698
0.52,5.02,101.8,98.6,31.4,-0.373,1802,695
0.53,5.01,101.8,99.4,31.37,-0.361,1804,695
0.54,4.95,100.9,99.2,31.42,-0.352,1797,698
0.55,4.98,100,98.1,30.97,-0.334,1799,698
0.56,4.98,101.4,97.7,31.3,-0.325,1805,699
0.57,4.98,99.9,101.4,31.67,-0.321,1798,696
0.58,5.02,100.5,96.5,31.89,-0.308,1793,693
0.59,5.02,99.5,100.3,31.42,-0.299,1803,700
0.6,5.01,98.1,100.3,31.18,-0.299,1804,704
0.61,5.02,100.4,98.1,31.41,-0.286,1793,696
0.62,4.96,100.8,99.7,30.83,-0.285,1800,705
0.63,5,101.3,102.2,31.5,-0.272,1799,704
0.64,4.93,99,100.7,31.42,-0.269,1796,703
0.65,4.98,98.4,103.5,31.94,-0.261,1807,699
0.66,5.05,101.7,102.1,31.89,-0.262,1798,700
0.67,4.97,101,101.2,31.6,-0.255,1795,700
0.68,5.01,98.9,101.2,31.78,-0.251,1808,704
0.69,5.03,101.8,100.9,31.32,-0.252,1808,702
0.7,4.99,99.9,98.8,31.05,-0.25,1804,699
0.71,5.01,100.8,99,31.38,-0.246,1800,704
0.72,4.97,100.1,96.7,31,-0.246,1808,697
0.73,5.01,96.9,99.5,31.06,-0.247,1802,704
0.74,5.01,99.5,99.8,31.4,-0.254,1799,702
0.75,4.99,101.6,101.8,31.29,-0.247,1800,701
0.76,5,98.8,99.1,31.36,-0.254,1793,696
0.77,4.93,99,101.1,31.72,-0.255,1808,695
0.78,5,100.1,102.5,31.16,-0.259,1813,697
0.79,5,100.2,98.3,31.27,-0.259,1813,701
0.8,4.98,98.7,103.9,31.44,-0.261,1804,696
0.81,4.97,99.1,101.2,31.42,-0.27,1786,705
0.82,4.99,100.5,99,31.94,-0.27,1813,699
0.83,4.94,99.3,101.7,31.42,-0.278,1797,696
0.84,5.03,99.1,101,31.55,-0.282,1805,703
0.85,5,98.1,99,30.75,-0.289,1804,698
0.86,4.98,101.7,100,31.11,-0.287,1802,703
0.87,5.04,98.3,100.6,31.32,-0.295,1800,705
0.88,4.98,101.7,101.2,31.06,-0.301,1808,699
0.89,5.04,98.9,99.1,31.21,-0.309,1803,708
0.9,4.98,100,101.4,31.3,-0.311,1796,698
0.91,4.98,101.3,98.1,31.37,-0.322,1809,704
0.92,4.99,101.8,101.4,31.12,-0.324,1792,697
0.93,4.96,98.5,99.2,31.71,-0.332,1817,697
0.94,5,101.9,102.5,31.19,-0.33,1804,698
0.95,5.02,99.5,100.9,31.32,-0.332,1795,703
0.96,5,98.9,101.6,31.37,-0.339,1795,699
0.97,4.96,102,97.9,31.32,-0.342,1802,701
0.98,5.02,99,99.5,31.29,-0.343,1796,704
0.99,4.93,98.8,101.4,31.82,-0.351,1808,701
1,4.98,99.8,100.6,31.85,-0.355,1802,698
1.01,5,101.7,98.7,31.38,-0.357,1792,700
1.02,5.01,100.4,99.7,31.21,-0.353,1799,699
1.03,4.98,101.5,99.8,31.64,-0.36,1788,700
1.04,5.05,100.4,100.8,31.32,-0.358,1807,699
1.05,5.03,100.4,101.5,31.34,-0.356,1800,702
1.06,5.01,100.5,100.4,31.66,-0.365,1805,695
1.07,5.01,101.2,100.1,30.99,-0.364,1805,700
1.08,5.01,100.3,99,31.51,-0.37,1802,698
1.09,5,100.8,99.2,31.64,-0.361,1800,702
1.1,4.99,99.1,99,31.38,-0.366,1806,699
1.11,5.01,98,99,31.51,-0.362,1794,700
1.12,4.99,101.8,100.5,31.71,-0.369,1806,705
1.13,4.96,99.5,100.5,31.47,-0.358,1804,700
1.14,4.99,101.9,103.9,31.66,-0.358,1791,702
1.15,5,98.4,100.2,31.51,-0.363,1799,695
1.16,5,100.7,100.7,31.38,-0.362,1803,703
1.17,4.97,99.9,101.8,31.39,-0.353,1800,699
1.18,5.01,100.9,99.1,31.45,-0.352,1805,697
1.19,4.99,100,103.3,31.19,-0.352,1807,703
1.2,5.03,102.5,98.8,31.5,-0.344,1794,703
1.21,5.02,99.9,100.2,31.31,-0.343,1800,695
1.22,5,98.7,98.7,31.61,-0.34,1801,695
1.23,5.01,97.8,100.6,31.52,-0.341,1793,697
1.24,5,100,101.3,31.7,-0.337,1801,696
1.25,5,99.8,101.7,31.73,-0.336,1797,692
1.26,4.98,99.6,99.6,31.87,-0.328,1804,699
1.27,5.02,97.8,100,31.84,-0.327,1790,702
1.28,5.03,99.6,99.6,31.23,-0.328,1806,699
1.29,5,99.1,100.7,30.95,-0.321,1791,704
1.3,4.99,100.1,101,31.37,-0.322,1803,696
1.31,5.02,97.9,100.9,31.88,-0.318,1790,695
1.32,5.03,100,99.3,31.48,-0.322,1788,704
1.33,5.07,100.3,103.4,31.49,-0.308,1804,695
1.34,5,98.2,101.3,31.87,-0.316,1796,696
1.35,5.01,98.8,101.3,31.35,-0.313,1796,701
1.36,4.98,97.3,99.8,31.17,-0.316,1802,703
1.37,4.96,99.9,102.2,31.27,-0.307,1797,698
1.38,5.02,98.3,100.7,30.96,-0.312,1799,703
1.39,5,102.1,100.6,31.4,-0.309,1802,701
1.4,4.99,99,98.8,30.95,-0.308,1803,699
1.41,5.01,96.6,101.2,31.53,-0.304,1800,697
1.42,4.98,103.6,101.7,31.56,-0.305,1800,704
1.43,5.04,98,99.3,31.48,-0.308,1797,694
1.44,5,103.5,99.6,31.14,-0.307,1801,709
1.45,5.02,100.4,100.1,31.8,-0.302,1800,701
1.46,5.05,99.4,102.1,31.65,-0.308,1797,698
1.47,5.05,99.6,100,31.26,-0.307,1798,700
1.48,4.99,101.7,96.6,31.45,-0.308,1799,701
1.49,5.03,102.1,102.6,31.49,-0.313,1794,700
1.5,4.97,101,99.1,31.25,-0.311,1804,703
1.51,4.98,117.3,100.4,31.74,-0.309,1791,697
1.52,4.94,134.2,99.2,31.6,-0.31,1787,695
1.53,4.99,148.2,97.1,31.69,-0.303,1794,697
1.54,4.97,167.5,99.5,31.35,-0.313,1788,700
1.55,4.95,184,101.5,31.6,-0.313,1800,699
1.56,5,198.4,99.7,34.83,-0.316,1807,702
1.57,5.03,215.5,99.9,39.67,-0.311,1783,703
1.58,5.05,234.3,99.8,44.78,-0.312,1806,703
1.59,5.06,247.5,102.9,49.62,-0.308,1801,700
1.6,5.11,267.8,101.2,53.5,-0.302,1792,704
1.61,5.13,282.8,99.5,56.53,-0.309,1796,703
1.62,5.12,297.9,99.8,59.29,-0.291,1790,704
1.63,5.25,314.3,102,62.31,-0.282,1801,709
1.64,5.22,332.4,97.4,63.83,-0.282,1788,709
1.65,5.3,347.4,101.3,65.62,-0.28,1796,710
1.66,5.44,365.6,99.6,67.17,-0.26,1783,713
1.67,5.53,380.7,101.1,68.93,-0.256,1808,716
1.68,5.61,397.3,100,69.75,-0.247,1798,730
1.69,5.7,413.3,98.6,71.37,-0.235,1798,726
1.7,5.76,430,97.6,72.1,-0.221,1803,734
1.71,5.89,446.9,98.4,72.65,-0.215,1800,738
1.72,6.09,464.2,101.1,73.67,-0.199,1797,740
1.73,6.23,478.9,98.3,74.88,-0.181,1799,750
1.74,6.39,495.1,98.2,76.3,-0.175,1797,751
1.75,6.51,512.9,96.9,76.66,-0.161,1803,763
1.76,6.71,526.5,100.8,78.16,-0.15,1803,766
1.77,6.85,544.2,101.1,78.14,-0.132,1806,772
1.78,7.1,560.5,101.5,79.72,-0.119,1812,783
1.79,7.23,579.5,101.9,80.55,-0.111,1812,787
1.8,7.47,594.9,99.9,81.42,-0.105,1799,795
1.81,7.71,609.2,100.7,82.66,-0.092,1805,812
1.82,7.88,629.5,99.4,83.61,-0.08,1789,811
1.83,8.13,643.4,100.9,84.17,-0.066,1790,821
1.84,8.33,650.1,100.1,83.04,-0.053,1800,835
1.85,8.61,649.3,101.2,79.86,-0.052,1791,846
1.86,8.81,649.1,103.4,75.27,-0.041,1802,853
1.87,9.1,650.5,102.5,71.64,-0.035,1795,865
1.88,9.32,652.1,101.3,68.77,-0.032,1803,872
1.89,9.57,648.1,96.4,66.28,-0.033,1807,881
1.9,9.84,652.5,100,63.69,-0.03,1802,896
1.91,10.13,647.5,100.1,62.14,-0.033,1804,906
1.92,10.34,650.9,98.6,61.66,-0.035,1794,914
1.93,10.58,650.9,100.4,60.74,-0.038,1800,937
1.94,10.79,653.4,99.2,59.4,-0.04,1813,928
1.95,11.15,651.6,102.2,59.18,-0.056,1802,944
1.96,11.33,650.2,101.2,59.21,-0.063,1806,954
1.97,11.54,648.3,100.1,59.32,-0.07,1798,964
1.98,11.86,648.9,101.1,58.6,-0.076,1806,975
1.99,12.12,649.5,97,58.93,-0.092,1800,988
2,12.27,649.5,97.2,59.21,-0.099,1801,992
2.01,12.55,648.2,98.4,58.58,-0.111,1794,1008
2.02,12.89,649.8,99,58.74,-0.12,1804,1016
2.03,13.09,649.1,100.3,58.47,-0.138,1811,1024
2.04,13.34,649.1,98.8,58.86,-0.144,1803,1031
2.05,13.54,647,99.1,59.41,-0.162,1800,1041
2.06,13.86,650.9,100.1,59.37,-0.167,1804,1044
2.07,14.03,651.7,100.7,58.83,-0.18,1791,1066
2.08,14.3,651.3,99.5,59.47,-0.194,1805,1070
2.09,14.61,646.9,98.8,59.5,-0.202,1803,1088
2.1,14.79,649.2,99.4,58.86,-0.217,1804,1090
2.11,15.07,649,97.1,59.38,-0.223,1803,1103
2.12,15.34,651.1,100.2,59.62,-0.232,1788,1114
2.13,15.63,648.3,101.7,59.73,-0.239,1797,1126
2.14,15.81,652.2,100.6,59.64,-0.248,1804,1128
2.15,16.14,650,98.7,59.72,-0.252,1805,1146
2.16,16.35,648,99.7,59.9,-0.257,1805,1154
2.17,16.58,651.3,102.2,59.81,-0.257,1795,1158
2.18,16.84,649.7,102.6,59.53,-0.266,1811,1176
2.19,17.04,652.1,100.1,59.64,-0.267,1795,1183
2.2,17.34,652.6,98.7,60,-0.263,1800,1198
2.21,17.59,633.1,99.9,56.43,-0.263,1809,1207
2.22,17.83,615.5,101.9,52.29,-0.269,1802,1215
2.23,18.11,601.3,102.4,46.55,-0.26,1797,1222
2.24,18.3,587.8,102,42.65,-0.262,1808,1232
2.25,18.52,564.9,100.3,38.67,-0.264,1805,1241
2.26,18.69,549.4,97.5,34.89,-0.268,1794,1251
2.27,18.89,533.5,100.1,33.11,-0.268,1796,1260
2.28,19.09,518.1,99.9,30.15,-0.26,1793,1266
2.29,19.32,501.9,99.9,28.16,-0.269,1801,1273
2.3,19.48,481.2,100,26.79,-0.267,1795,1278
2.31,19.65,469,100,25.37,-0.27,1808,1286
2.32,19.8,449.8,102,24.24,-0.269,1796,1294
2.33,19.98,432.3,98.5,23.05,-0.269,1804,1302
2.34,20.15,420.4,98.7,22.12,-0.27,1818,1300
2.35,20.28,402,97.9,21.17,-0.272,1797,1307
2.36,20.37,387.4,101.6,19.93,-0.271,1793,1319
2.37,20.52,370.2,102.8,19.42,-0.271,1801,1322
2.38,20.66,352,97.8,17.88,-0.272,1807,1320
2.39,20.7,335.5,97.9,16.9,-0.272,1798,1325
2.4,20.81,318.6,101.3,15.9,-0.271,1801,1333
2.41,20.87,303.4,100,15.31,-0.274,1798,1335
2.42,20.97,286.2,100.9,14.48,-0.278,1798,1338
2.43,20.96,270.8,99.3,13.35,-0.276,1804,1341
2.44,21.09,254.4,97.4,12.72,-0.271,1798,1343
2.45,21.17,235.5,99.3,12.02,-0.278,1815,1348
2.46,21.1,220.8,99.6,10.94,-0.276,1809,1339
2.47,21.2,203.4,102.2,10.29,-0.274,1806,1343
2.48,21.25,189.7,101.3,9.44,-0.268,1801,1344
2.49,21.24,172.5,99.5,10.83,-0.276,1796,1345
2.5,21.22,153.8,100.3,14.42,-0.267,1805,1346
2.51,21.19,139.3,98.8,18.38,-0.266,1798,1344
2.52,21.24,122.8,99.1,22.05,-0.269,1806,1353
2.53,21.23,105.7,102,25.32,-0.263,1800,1351
2.54,21.27,100.3,98.2,28.22,-0.262,1800,1352
2.55,21.24,99.4,99,30.47,-0.248,1791,1353
2.56,21.2,99.8,102.4,31.8,-0.236,1785,1353
2.57,21.21,99.1,97.5,33.02,-0.238,1804,1347
2.58,21.24,99.1,99.1,33.85,-0.224,1799,1345
2.59,21.28,98.5,99.4,35.04,-0.216,1806,1347
2.6,21.27,99.6,98.1,35.17,-0.202,1797,1354
2.61,21.26,99.2,101.4,35.61,-0.184,1805,1351
2.62,21.26,100.3,99.1,36.1,-0.179,1804,1354
2.63,21.25,102.7,102.6,35.79,-0.169,1799,1348
2.64,21.25,100.7,100.3,35.88,-0.159,1798,1351
2.65,21.26,99,97.8,36.07,-0.146,1811,1351
2.66,21.23,97.9,98.7,36.09,-0.138,1785,1350
2.67,21.23,100.6,99.9,36.24,-0.117,1801,1351
2.68,21.27,99.5,100.9,36.18,-0.104,1797,1347
2.69,21.24,99.6,98.1,36.24,-0.092,1798,1353
2.7,21.33,99.7,99.1,36.38,-0.079,1803,1348
2.71,21.19,100,98.8,35.99,-0.075,1790,1349
2.72,21.28,100.3,99.8,35.96,-0.051,1803,1347
2.73,21.29,99.8,100.3,36.44,-0.053,1800,1352
2.74,21.3,101.4,101,36.39,-0.05,1804,1349
2.75,21.23,101.8,97.6,36.38,-0.032,1797,1345
2.76,21.25,99.8,98.5,36.14,-0.027,1802,1352
2.77,21.27,101.7,99.9,36.35,-0.018,1807,1351
2.78,21.24,101,100.5,36.5,-0.013,1804,1348
2.79,21.25,100.5,97,36.22,-0.009,1807,1353
2.8,21.22,99.6,100,36.22,0.001,1798,1351
2.81,21.32,99.7,100.2,36.37,0.002,1802,1351
2.82,21.27,98.8,102.3,36.75,0.003,1798,1350
2.83,21.25,99,100.9,36.43,0.01,1804,1342
2.84,21.21,101.9,100.8,35.88,0.012,1800,1354
2.85,21.28,99.5,102.4,36.22,0.009,1815,1344
2.86,21.24,101.4,97,36.3,0.004,1802,1351
2.87,21.2,97.3,101.6,36.6,0.01,1795,1350
2.88,21.27,99.9,101.6,36.6,0.009,1799,1353
2.89,21.2,99.3,98.2,36.65,0.004,1797,1354
2.9,21.19,99.6,99.2,36.3,0.005,1804,1356
2.91,21.18,99.2,101,36.64,-0.002,1809,1348
2.92,21.32,99.8,102.1,36.86,0,1807,1348
2.93,21.28,99.8,100.5,35.79,-0.005,1801,1352
2.94,21.21,101.9,100.7,36.24,-0.014,1800,1350
2.95,21.23,102.3,100.7,36.32,-0.015,1799,1349
2.96,21.22,98.3,96.8,36.51,-0.025,1800,1349
2.97,21.25,99.9,100,36.1,-0.026,1807,1350
2.98,21.21,100.6,101.6,36.28,-0.033,1793,1355
2.99,21.29,99.7,100.7,36.34,-0.035,1793,1352
3,21.24,100.2,99.3,36.29,-0.043,1805,1348
3.01,21.25,97.5,96.6,36.42,-0.049,1792,1351
3.02,21.33,99,102.2,36.72,-0.053,1806,1344
3.03,21.26,98.3,99.5,36.19,-0.059,1799,1348
3.04,21.26,98.7,97.9,36.41,-0.067,1797,1354
3.05,21.26,100.6,97.9,36.31,-0.072,1810,1349
3.06,21.27,98.7,100.7,36.12,-0.079,1801,1351
3.07,21.25,101.9,97.8,36.28,-0.081,1813,1352
3.08,21.27,100.4,101.3,36.56,-0.086,1809,1354
3.09,21.24,97.6,100.5,36.78,-0.091,1793,1348
3.1,21.24,98.4,99.9,36.24,-0.093,1802,1348
3.11,21.26,99.4,100.4,36.31,-0.106,1802,1348
3.12,21.27,100,100.3,36.13,-0.099,1805,1354
3.13,21.23,100.6,100,36.53,-0.113,1799,1351
3.14,21.23,99.4,99.8,36.41,-0.114,1800,1353
3.15,21.21,100,103.6,36.53,-0.117,1798,1350
3.16,21.3,101.6,100.1,36.32,-0.122,1807,1349
3.17,21.27,101.3,102.2,36.31,-0.12,1810,1350
3.18,21.24,98.2,101.1,36.77,-0.123,1791,1349
3.19,21.2,99,101.5,36.48,-0.124,1798,1349
3.2,21.25,103.4,100.9,35.97,-0.122,1818,1348
3.21,21.24,100,102.7,36.12,-0.125,1804,1351
3.22,21.27,100,100.4,36.64,-0.128,1793,1350
3.23,21.27,98.9,100.4,36.35,-0.126,1802,1352
3.24,21.29,97.9,98.1,36.31,-0.123,1795,1350
3.25,21.29,102.8,100.7,36.56,-0.125,1803,1351
3.26,21.22,100.5,98.9,36.1,-0.123,1804,1351
3.27,21.23,102.3,98.7,36.48,-0.124,1801,1349
3.28,21.2,101.5,99.8,36.21,-0.116,1804,1349
3.29,21.26,99.6,102.4,36.26,-0.118,1794,1349
3.3,21.15,100.6,100.4,36.48,-0.121,1796,1349
3.31,21.24,98.7,102.2,36.32,-0.117,1796,1352
3.32,21.28,99.7,102,36.08,-0.11,1796,1350
3.33,21.27,101.3,99.7,36.22,-0.104,1792,1349
3.34,21.24,98.5,101.1,36.09,-0.105,1805,1350
3.35,21.22,102,96.7,36.31,-0.101,1802,1348
3.36,21.25,100.5,99.1,36.09,-0.096,1799,1352
3.37,21.22,101.4,100.4,35.99,-0.1,1799,1343
3.38,21.26,99.1,101.6,36.45,-0.097,1799,1356
3.39,21.2,100.5,100.2,36.55,-0.087,1797,1345
3.4,21.27,97.6,99.5,36.44,-0.088,1808,1349
3.41,21.29,100.5,98.6,36.62,-0.082,1803,1347
3.42,21.26,103.5,101.2,36.16,-0.083,1805,1354
3.43,21.21,100.1,99.1,36.52,-0.085,1809,1352
3.44,21.31,101.1,98.7,36.11,-0.076,1803,1353
3.45,21.23,96.7,100.2,35.95,-0.08,1797,1351
3.46,21.21,98.6,100.9,36.58,-0.07,1801,1355
3.47,21.2,98.2,98.5,35.89,-0.072,1806,1349
3.48,21.26,100.4,99.5,36.75,-0.067,1797,1348
3.49,21.32,102.1,99.5,36.17,-0.065,1801,1351
3.5,21.23,100.3,101.5,37.01,-0.069,1792,1347
3.51,21.31,100.7,98.3,36.51,-0.059,1804,1352
3.52,21.27,99.6,100.2,36.31,-0.063,1812,1347
3.53,21.21,102.2,104.1,36.91,-0.057,1790,1345
3.54,21.25,102,98.7,36.18,-0.064,1813,1354
3.55,21.28,102.4,100.5,36.85,-0.063,1795,1352
3.56,21.24,97.4,98.9,35.98,-0.062,1813,1343
3.57,21.25,102.2,100.8,36.36,-0.06,1795,1345
3.58,21.28,100,102,36.47,-0.06,1806,1350
3.59,21.26,99.3,98.5,36.34,-0.062,1805,1345
3.6,21.26,99.6,98.6,36.14,-0.064,1798,1351
3.61,21.25,99.7,99.4,36.23,-0.068,1801,1351
3.62,21.25,100,97.6,36.07,-0.061,1808,1346
3.63,21.19,100.8,98.9,36.71,-0.062,1798,1345
3.64,21.28,101.1,99.6,35.97,-0.066,1793,1353
3.65,21.28,99.8,100.4,36.8,-0.064,1794,1352
3.66,21.26,99.2,101.7,36.15,-0.065,1792,1350
3.67,21.21,98.9,100.5,36.13,-0.061,1806,1350
3.68,21.22,101.2,101.7,36.47,-0.066,1798,1347
3.69,21.3,97.7,100.9,35.99,-0.063,1811,1347
3.7,21.24,102.4,98.7,36.42,-0.074,1806,1355
3.71,21.3,118.1,102.8,36.52,-0.073,1793,1357
3.72,21.27,132.4,98.4,36.49,-0.074,1792,1351
3.73,21.24,149,99.2,36.27,-0.07,1795,1348
3.74,21.25,165.9,98,36.59,-0.072,1795,1348
3.75,21.28,182.3,100.4,36.42,-0.075,1797,1351
3.76,21.25,199.4,99,39.61,-0.075,1800,1351
3.77,21.27,214.3,99.5,44.87,-0.075,1798,1351
3.78,21.28,231.8,103.5,49.75,-0.071,1797,1354
3.79,21.33,249,99.8,54.17,-0.07,1795,1354
3.8,21.33,262.3,101.7,58.5,-0.063,1797,1351
3.81,21.33,283.2,100.6,61.86,-0.065,1792,1354
3.82,21.42,298.2,98.8,64.1,-0.053,1792,1350
3.83,21.42,315.7,102.8,66.75,-0.039,1805,1355
3.84,21.53,332.9,99.9,68.85,-0.039,1803,1361
3.85,21.61,347.5,99.4,70.2,-0.026,1802,1364
3.86,21.73,364.1,100.8,71.55,-0.011,1787,1366
3.87,21.77,381.3,99,73.78,0.002,1795,1370
3.88,21.84,397.5,100,74.62,0.014,1797,1380
3.89,21.96,412.9,101.2,75.8,0.026,1799,1379
3.9,22.09,431.2,101.1,76.42,0.039,1803,1383
3.91,22.17,448.7,95.7,77.81,0.062,1802,1390
3.92,22.35,462.8,99.9,78.85,0.079,1814,1390
3.93,22.47,479.5,99,79.3,0.084,1803,1395
3.94,22.61,496.1,100.2,80.5,0.105,1801,1406
3.95,22.76,513,101.6,81.73,0.128,1797,1408
3.96,23,530.4,101.1,83.08,0.136,1806,1415
3.97,23.14,547.3,100.1,83.37,0.147,1807,1425
3.98,23.35,560.8,98.4,84.69,0.168,1795,1441
3.99,23.54,576.5,100.8,85.28,0.183,1803,1437
4,23.78,593.7,99.9,86.32,0.195,1797,1449
4.01,23.93,611.5,99.5,87.41,0.213,1792,1458
4.02,24.16,628.5,100.8,88.26,0.226,1796,1462
4.03,24.37,642.6,102.3,89.24,0.237,1810,1470
4.04,24.57,652.1,99.5,87.51,0.254,1809,1485
4.05,24.82,646.1,100.6,84.5,0.263,1798,1487
4.06,25.14,650.5,97.8,80.58,0.264,1795,1507
4.07,25.41,651,98.7,76.92,0.269,1806,1508
4.08,25.61,649.9,98,73.79,0.278,1796,1522
4.09,25.78,652.2,98.5,70.7,0.274,1798,1529
4.1,26.05,650.9,100.1,69.06,0.281,1795,1543
4.11,26.34,652.2,98,67.55,0.28,1797,1550
4.12,26.6,649.7,99.9,66.33,0.274,1797,1562
4.13,26.81,651.5,98.3,64.9,0.258,1820,1571
4.14,27.08,647.5,101.5,64.81,0.26,1795,1584
4.15,27.31,650.1,98.6,64.18,0.247,1797,1594
4.16,27.59,651.6,98.9,64.08,0.241,1800,1606
4.17,27.86,650.5,100.6,64.16,0.224,1795,1613
4.18,28.05,650.1,99.7,64.42,0.208,1799,1622
4.19,28.27,647.1,100.5,63.76,0.198,1800,1634
4.2,28.59,647.5,100,63.5,0.181,1797,1640
4.21,28.87,648.9,98.6,63.72,0.167,1792,1657
4.22,29.09,653.5,98.3,63.48,0.151,1796,1663
4.23,29.33,651,101.6,63.72,0.133,1792,1672
4.24,29.6,652.3,100.5,64.15,0.118,1801,1685
4.25,29.84,646.7,98.9,63.85,0.101,1804,1696
4.26,30.08,648.8,101.7,63.77,0.08,1799,1703
4.27,30.28,649.9,99.2,64.38,0.068,1803,1712
4.28,30.59,649.2,98.9,64.23,0.053,1796,1723
4.29,30.8,651.2,100.6,64.43,0.04,1808,1737
4.3,31.03,647.5,99.5,64.47,0.026,1813,1747
4.31,31.32,648.7,100.7,64.44,0.011,1804,1752
4.32,31.55,650.8,101.7,64.42,0.006,1793,1765
4.33,31.85,650.9,102,64.67,-0.012,1810,1776
4.34,32.1,651.4,99.5,64.07,-0.019,1803,1787
4.35,32.33,649.1,98.7,64.76,-0.025,1788,1791
4.36,32.58,649.7,100.4,64.57,-0.037,1800,1801
4.37,32.83,649.9,101.4,65.1,-0.041,1796,1816
4.38,33.11,649.6,102.9,64.5,-0.049,1801,1827
4.39,33.3,652.2,98.7,64.62,-0.041,1809,1832
4.4,33.49,651.4,100,64.71,-0.053,1794,1847
4.41,33.83,649,99.8,64.72,-0.047,1782,1850
4.42,34.11,652.6,99.5,64.37,-0.049,1800,1862
4.43,34.32,640.2,100.5,63.07,-0.053,1804,1876
4.44,34.53,628.8,101.1,60.57,-0.05,1796,1882
4.45,34.77,624.1,97.7,57.29,-0.044,1806,1890
4.46,35.04,608.6,100.5,55.05,-0.046,1803,1897
4.47,35.26,597.6,100,51.91,-0.035,1805,1917
4.48,35.5,590.3,101.1,50.19,-0.031,1804,1918
4.49,35.76,580.1,100.6,48.33,-0.029,1798,1931
4.5,35.91,570.2,99.6,47.67,-0.026,1800,1939
4.51,36.2,559,101.8,46.82,-0.017,1800,1949
4.52,36.36,551.3,102.3,45.45,-0.012,1797,1958
4.53,36.57,542.7,99.6,44.71,-0.01,1810,1968
4.54,36.86,529.2,98.9,44.12,0.001,1799,1972
4.55,36.93,517.1,102.2,43.16,0.003,1807,1974
4.56,37.15,511.5,98.4,42.45,0.013,1799,1985
4.57,37.26,503.4,99,41.96,0.018,1804,1996
4.58,37.52,489.7,100.7,41.23,0.024,1798,2004
4.59,37.71,482.5,103.1,41,0.029,1798,2008
4.6,37.84,472.5,98.8,40.8,0.039,1814,2014
4.61,38.05,462.9,101.7,39.92,0.05,1798,2017
4.62,38.17,452,103,39.49,0.052,1795,2025
4.63,38.37,440.1,101.6,38.7,0.061,1800,2033
4.64,38.49,432.8,99,38.53,0.059,1794,2040
4.65,38.58,422.2,98,37.97,0.064,1802,2039
4.66,38.7,411.9,99.1,37.7,0.071,1799,2050
4.67,38.84,401.2,99.2,36.62,0.079,1803,2060
4.68,38.94,392,99.1,35.98,0.085,1801,2060
4.69,39.08,384.6,98.7,36.29,0.093,1808,2063
4.7,39.17,372.1,100.3,35.7,0.089,1784,2063
4.71,39.33,362.9,99.1,34.75,0.1,1795,2075
4.72,39.45,352.9,99.8,34.26,0.107,1794,2075
4.73,39.52,345.8,97.2,33.83,0.11,1805,2083
4.74,39.65,333.1,103.7,33.35,0.111,1809,2080
4.75,39.69,322.6,101.1,33.66,0.117,1801,2090
4.76,39.81,312.3,98.5,32.38,0.118,1807,2094
4.77,39.86,302.9,98.5,31.95,0.122,1800,2099
4.78,39.9,294.7,99.1,31.77,0.125,1814,2094
4.79,39.93,283.9,98.7,31.05,0.125,1799,2099
4.8,40.1,273.3,98,30.17,0.126,1799,2098
4.81,40.09,266.3,100.5,29.68,0.125,1793,2098
4.82,40.15,252.9,98.3,29.47,0.134,1802,2107
4.83,40.21,243.1,99.9,29.17,0.129,1805,2105
4.84,40.24,235.2,98.8,28.31,0.128,1798,2106
4.85,40.31,226,100.7,27.98,0.129,1799,2113
4.86,40.3,215.6,99.1,27.06,0.129,1795,2113
4.87,40.31,205.3,100,27.02,0.132,1798,2114
4.88,40.34,192.8,99.1,26.16,0.131,1801,2116
4.89,40.34,184.5,99.8,25.56,0.131,1801,2115
4.9,40.4,174.1,99.9,26.9,0.127,1796,2115
4.91,40.42,166.2,99.8,29.59,0.121,1806,2114
4.92,40.35,156.5,99.2,31.83,0.131,1798,2112
4.93,40.37,146.8,100.4,34.04,0.128,1798,2113
4.94,40.37,134,100.5,36.19,0.129,1808,2114
4.95,40.36,124.6,100.7,37.16,0.134,1803,2112
4.96,40.33,115.6,102,38.28,0.134,1789,2114
4.97,40.33,106.8,100.2,39.3,0.135,1792,2117
4.98,40.38,100.3,101.1,40.46,0.139,1796,2114
4.99,40.34,98.5,100.7,41.04,0.144,1794,2109
5,40.38,99.1,98.2,41.29,0.148,1800,2114
5.01,40.37,98.4,101.3,41.79,0.148,1789,2117
5.02,40.35,100.5,99.1,41.47,0.154,1810,2113
5.03,40.41,95.6,100.5,41.78,0.155,1803,2114
5.04,40.35,99.9,101,41.52,0.16,1800,2119
5.05,40.34,102.2,100.4,41.77,0.167,1799,2119
5.06,40.42,99.5,99.8,42.1,0.17,1788,2117
5.07,40.38,100.2,101.4,41.76,0.173,1804,2115
5.08,40.36,102.2,97.5,41.73,0.178,1801,2116
5.09,40.33,100,99.1,41.57,0.185,1803,2107
5.1,40.32,100.3,100.6,41.76,0.187,1806,2117
5.11,40.35,102.4,100.8,42.15,0.191,1804,2114
5.12,40.4,101.1,100.8,42.08,0.203,1799,2115
5.13,40.36,99.4,97.3,42.12,0.207,1818,2115
5.14,40.39,100.5,100.6,42.22,0.207,1799,2112
5.15,40.35,98.2,102.2,42.31,0.218,1812,2113
5.16,40.36,102.2,99.3,41.98,0.216,1790,2114
5.17,40.37,105,98.9,42.03,0.216,1813,2115
5.18,40.33,100.4,102.4,42.14,0.222,1803,2115
5.19,40.31,98.6,99.1,41.74,0.233,1796,2114
5.2,40.39,100.6,98.6,42.27,0.23,1804,2118
5.21,40.38,98.8,98.6,42.09,0.237,1803,2114
5.22,40.38,100.9,100.8,42.23,0.238,1803,2116
5.23,40.38,101.8,100.8,41.68,0.24,1798,2110
5.24,40.4,100.9,99.6,41.73,0.238,1794,2107
5.25,40.33,101.7,100.3,42.39,0.239,1809,2112
5.26,40.31,99.5,98.2,42.1,0.245,1800,2116
5.27,40.39,98.4,100.1,42.34,0.236,1801,2110
5.28,40.39,99.8,98.3,42.44,0.241,1793,2117
5.29,40.31,102.9,100.7,42.09,0.245,1804,2117
5.3,40.39,98.6,101,41.74,0.246,1793,2117
5.31,40.35,101.8,97,41.5,0.238,1787,2116
5.32,40.33,101.1,100.1,42.23,0.236,1794,2119
5.33,40.36,98.7,96,42.41,0.246,1802,2115
5.34,40.36,100.8,101.5,42.09,0.242,1808,2119
5.35,40.35,98.5,96.5,41.99,0.24,1794,2118
5.36,40.36,99.9,98.8,42.13,0.234,1795,2111
5.37,40.38,99.1,100.1,42,0.235,1800,2110
5.38,40.38,101.6,101.4,42.25,0.228,1803,2117
5.39,40.39,99.8,99.6,42.05,0.227,1802,2113
5.4,40.4,99.7,100.2,42.07,0.227,1802,2114
5.41,40.35,102.5,100.7,42.2,0.221,1793,2113
5.42,40.39,100.5,98.9,42.25,0.222,1811,2113
5.43,40.37,100.7,100.8,42.19,0.216,1794,2117
5.44,40.39,100.3,98.2,42.27,0.221,1804,2116
5.45,40.38,100.3,99.7,42.19,0.215,1798,2110
5.46,40.37,101.9,102.1,42.09,0.213,1809,2114
5.47,40.36,100.4,99.4,42.1,0.21,1798,2111
5.48,40.39,102.7,102.2,42.31,0.208,1803,2115
5.49,40.37,101.4,98.6,42.2,0.211,1794,2113
5.5,40.39,100.8,100.7,41.74,0.199,1795,2113
5.51,40.32,99.1,102.1,41.69,0.206,1790,2113
5.52,40.34,98.1,101,42.09,0.205,1791,2112
5.53,40.37,100.5,100.3,42.12,0.199,1802,2111
5.54,40.34,98.4,99.9,41.94,0.197,1803,2113
5.55,40.36,98.9,100.9,42.13,0.195,1805,2114
5.56,40.35,98.4,98.7,42.19,0.192,1792,2115
5.57,40.35,103.1,97.3,42.2,0.197,1793,2114
5.58,40.37,100.9,99,41.72,0.192,1802,2109
5.59,40.39,99.8,99.5,41.79,0.2,1803,2113
5.6,40.34,101.5,99.6,42.24,0.187,1804,2115
5.61,40.35,99.7,101.9,42.01,0.187,1796,2109
5.62,40.34,99.8,99.3,41.94,0.187,1793,2115
5.63,40.38,100.9,99.5,42.1,0.19,1808,2119
5.64,40.37,103,98.1,42.22,0.184,1799,2113
5.65,40.38,99.9,100.1,42.15,0.185,1798,2116
5.66,40.34,101.8,101.6,41.97,0.188,1797,2115
5.67,40.35,100.6,98.5,41.73,0.195,1801,2115
5.68,40.41,97.6,99.9,42.07,0.185,1796,2108
5.69,40.36,100.6,99.8,41.8,0.192,1797,2113
5.7,40.35,99.2,100.7,41.78,0.182,1800,2116
5.71,40.41,98.2,102.3,42.33,0.189,1806,2111
5.72,40.33,97.9,97.9,41.74,0.19,1809,2114
5.73,40.39,100.3,99.3,42.41,0.189,1784,2112
5.74,40.38,99.1,96.8,42.06,0.194,1787,2119
5.75,40.31,100.1,102.9,42.22,0.195,1807,2115
5.76,40.38,103.7,101.4,42.16,0.193,1797,2112
5.77,40.39,100.5,97.9,41.52,0.192,1805,2116
5.78,40.36,99.6,96.1,41.8,0.195,1802,2114
5.79,40.35,100.9,100.4,42.21,0.192,1798,2116
5.8,40.37,99,100.1,42.24,0.198,1797,2114
5.81,40.36,100.3,98,42.07,0.199,1798,2118
5.82,40.31,100.5,99.5,41.72,0.202,1792,2112
5.83,40.38,99.6,99.7,41.88,0.203,1794,2116
5.84,40.4,101.4,99.2,42.43,0.204,1804,2114
5.85,40.37,99.2,99.9,42.3,0.205,1807,2108
5.86,40.4,100.9,99.9,42.5,0.207,1807,2113
5.87,40.35,99.1,98.8,41.9,0.201,1793,2119
5.88,40.4,101.9,100.5,42.17,0.203,1793,2114
5.89,40.35,100,100.9,42.5,0.208,1812,2112
5.9,40.39,102.8,97.9,42.32,0.212,1797,2115
5.91,40.33,102.8,100,41.82,0.216,1799,2111
5.92,40.34,102.3,100.3,41.45,0.212,1791,2118
5.93,40.34,109.5,97.8,42.33,0.206,1805,2114
5.94,40.37,118.1,97.7,41.86,0.215,1790,2113
5.95,40.3,123.8,103.1,42.25,0.21,1797,2117
5.96,40.31,132,100.5,42.54,0.216,1801,2114
5.97,40.33,140.8,100.2,42.42,0.218,1802,2115
5.98,40.34,149.4,100.3,42.13,0.213,1800,2115
5.99,40.37,157.7,99.1,42.36,0.214,1813,2115
6,40.38,164.1,102.1,41.8,0.213,1797,2111
6.01,40.36,172.2,102.2,41.9,0.219,1807,2118
6.02,40.29,184.2,102,42.26,0.214,1814,2120
6.03,40.43,187.8,99.6,44.06,0.218,1800,2119
6.04,40.39,197.8,101.1,46.33,0.212,1801,2111
6.05,40.35,203.4,99.7,48.65,0.215,1802,2113
6.06,40.43,216.8,100.3,50.86,0.221,1794,2115
6.07,40.34,222.1,100.6,52.98,0.22,1795,2117
6.08,40.46,234.5,100.1,54.47,0.226,1803,2117
6.09,40.4,238.8,99.2,56.09,0.229,1805,2121
6.1,40.5,247.5,101.1,56.97,0.238,1802,2121
6.11,40.54,258.8,100.9,58.39,0.24,1809,2122
6.12,40.53,262.2,99.1,59.17,0.246,1810,2120
6.13,40.54,274.4,100,59.47,0.257,1791,2117
6.14,40.58,282.5,98.7,60.45,0.267,1800,2127
6.15,40.65,289.6,101.2,61.5,0.27,1799,2130
6.16,40.72,298.8,100.2,61.53,0.279,1805,2128
6.17,40.78,308.4,99.3,62.27,0.294,1799,2134
6.18,40.84,314.3,96.9,62.99,0.301,1796,2137
6.19,40.99,327,98.6,63.54,0.307,1801,2136
6.2,41.01,330,99.5,64.06,0.316,1812,2139
6.21,41.05,338.7,98.9,64.4,0.325,1796,2143
6.22,41.15,349.4,100.8,64.81,0.334,1806,2147
6.23,41.22,353,100.6,65.49,0.347,1806,2148
6.24,41.29,362.5,100,65.64,0.356,1796,2150
6.25,41.34,371.3,99.3,66.25,0.364,1803,2154
6.26,41.53,380.7,99,66.52,0.37,1801,2162
6.27,41.59,388.3,100.2,67.29,0.387,1789,2163
6.28,41.72,398.1,98,67.47,0.382,1797,2171
6.29,41.82,405.2,102.8,67.99,0.393,1805,2174
6.3,41.88,413.6,100.7,68.69,0.406,1804,2179
6.31,42.07,422.1,101,68.94,0.406,1799,2182
6.32,42.16,428.2,100.4,69.41,0.416,1796,2186
6.33,42.27,439.8,99.4,70.05,0.418,1802,2190
6.34,42.41,446.4,102.9,70.58,0.425,1808,2194
6.35,42.54,454.1,100.3,71.19,0.429,1802,2202
6.36,42.7,463.2,101,71.4,0.438,1810,2205
6.37,42.87,471.2,100.5,71.95,0.442,1801,2214
6.38,43.02,481.1,101.4,72.26,0.437,1802,2216
6.39,43.17,485.9,99.8,72.75,0.448,1794,2226
6.4,43.31,497.9,99.2,72.91,0.445,1807,2235
6.41,43.5,506,99.8,73.65,0.442,1808,2234
6.42,43.68,511.6,101.7,74.05,0.448,1809,2247
6.43,43.84,516.8,96.6,74.57,0.451,1799,2255
6.44,44.03,527.6,99.7,75.39,0.454,1803,2256
6.45,44.18,538.4,100.6,76.25,0.452,1800,2268
6.46,44.34,546.4,99.6,76.03,0.453,1789,2268
6.47,44.56,553.6,98,76.9,0.455,1794,2287
6.48,44.79,561.3,98.6,77.31,0.455,1794,2283
6.49,45,570.1,99.2,77.69,0.458,1800,2299
6.5,45.13,577.2,99.6,78.29,0.448,1800,2308
6.51,45.38,586.6,99.3,78.73,0.448,1798,2313
6.52,45.56,594.7,101.8,79.09,0.451,1801,2322
6.53,45.75,602.7,98.9,79.56,0.45,1804,2332
6.54,45.99,611,100.4,80.32,0.451,1800,2344
6.55,46.21,619.8,100.2,80.69,0.448,1805,2350
6.56,46.49,627.6,99.6,81.17,0.446,1805,2359
6.57,46.69,634.7,101.5,81.83,0.444,1810,2370
6.58,46.92,645.7,98.5,82.4,0.444,1795,2373
6.59,47.15,651.4,99.8,82.52,0.449,1803,2385
6.6,47.36,649.4,100.4,80.81,0.447,1800,2401
6.61,47.67,648.4,98.4,78.73,0.447,1796,2406
6.62,47.92,651.8,98.1,76.92,0.443,1806,2415
6.63,48.13,652.3,100.3,75.22,0.438,1792,2423
6.64,48.39,650.1,100.9,73.7,0.435,1803,2442
6.65,48.65,648,98.8,73.05,0.435,1798,2445
6.66,48.95,648.4,99.3,72.04,0.426,1800,2457
6.67,49.16,650.5,98.5,71.52,0.425,1799,2460
6.68,49.41,648,101.2,71.08,0.417,1806,2470
6.69,49.63,648.8,98.2,71.16,0.415,1800,2483
6.7,49.89,650.5,99.4,70.29,0.408,1799,2493
6.71,50.13,649.6,98.4,70.9,0.404,1794,2505
6.72,50.39,646,100.3,69.37,0.399,1786,2523
6.73,50.64,640.4,101.2,67.26,0.39,1802,2529
6.74,50.85,633.2,102.5,65.67,0.377,1812,2534
6.75,51.18,629.4,99,64.96,0.373,1795,2540
6.76,51.37,621.6,99.3,63.3,0.37,1791,2551
6.77,51.59,617.3,100.1,61.89,0.355,1796,2566
6.78,51.83,612.4,97.4,61.26,0.356,1798,2576
6.79,52.08,604.9,100.2,60.25,0.344,1805,2582
6.8,52.32,600.8,102,59.86,0.337,1804,2598
6.81,52.51,592,102.3,59.05,0.33,1797,2599
6.82,52.74,589.4,100.2,58.64,0.324,1800,2607
6.83,52.95,585.1,102.9,58.55,0.322,1812,2621
6.84,53.2,580,101.1,58.25,0.315,1798,2631
6.85,53.44,570.5,100,57.99,0.306,1803,2639
6.86,53.62,572.9,99,57.66,0.303,1802,2646
6.87,53.82,562.8,98.9,56.8,0.303,1791,2650
6.88,54.02,558,99.4,57.19,0.292,1796,2667
6.89,54.26,552.8,97.7,56.65,0.29,1803,2673
6.9,54.45,545.5,101,56.27,0.292,1810,2678
6.91,54.63,538,98.4,56.37,0.285,1803,2683
6.92,54.82,535.7,100.5,56.37,0.285,1806,2700
6.93,55,529.9,103.1,55.99,0.282,1797,2697
6.94,55.21,522,100.7,56.24,0.287,1802,2713
6.95,55.43,516.4,99.2,55.41,0.285,1800,2716
6.96,55.6,513.5,100.6,54.65,0.291,1798,2732
6.97,55.79,509.7,100.3,54.6,0.292,1798,2730
6.98,55.9,502,100.3,54.76,0.291,1798,2736
6.99,56.07,497.7,99.1,54.2,0.296,1786,2742
7,56.27,492.7,98.8,53.93,0.299,1800,2752
7.01,56.44,486.8,101.6,53.84,0.303,1806,2761
7.02,56.61,481.7,102.2,53.39,0.302,1801,2762
7.03,56.76,473.1,102,53.37,0.311,1799,2771
7.04,56.92,470.7,100.1,53.29,0.323,1809,2773
7.05,57.07,463.2,97.3,52.98,0.325,1807,2781
7.06,57.25,457.8,101.4,52.68,0.329,1801,2790
7.07,57.39,455,101,52.75,0.337,1801,2801
7.08,57.61,448.3,100.8,52.66,0.347,1800,2804
7.09,57.71,441.9,97.3,52.05,0.357,1808,2805
7.1,57.84,432.8,102.9,52.06,0.364,1797,2809
7.11,57.93,427.5,105.2,51.75,0.369,1810,2817
7.12,58.06,424,97.6,51.4,0.376,1795,2827
7.13,58.24,418.7,102.3,51.16,0.377,1800,2829
7.14,58.34,411.6,101,50.82,0.391,1798,2835
7.15,58.49,409,99.1,50.62,0.399,1796,2840
7.16,58.62,402.3,102.8,50.19,0.402,1807,2842
7.17,58.73,398.9,101.6,49.95,0.41,1798,2847
7.18,58.84,390.4,99.6,49.56,0.42,1794,2857
7.19,58.99,386.5,98.6,49.18,0.422,1817,2861
7.2,59.09,379.3,100.7,49.11,0.435,1793,2864
7.21,59.19,372.2,100,48.97,0.438,1793,2867
7.22,59.32,368.4,98.1,48.49,0.444,1796,2875
7.23,59.38,363.2,103.1,48.42,0.45,1800,2881
7.24,59.44,355.4,100.6,48.33,0.454,1804,2872
7.25,59.6,355.8,99.9,47.29,0.462,1800,2882
7.26,59.71,345.7,97.3,47.24,0.462,1801,2883
7.27,59.76,341.1,101.1,47.38,0.472,1806,2893
7.28,59.91,338.5,100.5,46.74,0.475,1795,2896
7.29,59.93,329.5,97.8,46.85,0.483,1801,2892
7.3,60.06,326.9,99.9,46.55,0.474,1787,2898
7.31,60.05,320.4,100,45.91,0.479,1810,2899
7.32,60.16,313.8,98.7,45.84,0.477,1796,2904
7.33,60.34,310.4,98.8,45.63,0.48,1803,2910
7.34,60.33,306,100.4,44.94,0.485,1791,2911
7.35,60.43,299.5,100,45.18,0.487,1807,2917
7.36,60.47,292.2,99.4,44.59,0.486,1807,2914
7.37,60.55,283,101.6,44.24,0.492,1810,2925
7.38,60.63,282.9,100,44.03,0.486,1799,2921
7.39,60.66,276,97.9,44.08,0.487,1800,2929
7.4,60.69,272.7,100.3,43.61,0.49,1803,2928
7.41,60.75,263.9,100,43.82,0.484,1800,2931
7.42,60.79,258.8,98.2,42.99,0.485,1804,2933
7.43,60.79,251.1,99.6,42.82,0.481,1792,2926
7.44,60.86,248.6,99.2,42.93,0.482,1810,2937
7.45,60.9,244,101.3,42.13,0.483,1796,2934
7.46,61,236.3,99.5,42.38,0.485,1790,2942
7.47,60.99,232.3,99.7,41.29,0.476,1793,2942
7.48,61.07,224.4,96,41.11,0.477,1795,2939
7.49,61.02,221.2,101.9,41.07,0.469,1805,2940
7.5,61.05,217.3,100.9,41.38,0.476,1807,2941
7.51,61.06,210.2,99,40.81,0.469,1786,2943
7.52,61.12,203.8,98.4,39.93,0.466,1798,2945
7.53,61.09,199.2,101.6,39.99,0.464,1805,2943
7.54,61.11,194,100.9,39.88,0.46,1802,2943
7.55,61.08,186.2,101.1,39.32,0.464,1801,2948
7.56,61.14,185.2,96.6,39.32,0.461,1805,2940
7.57,61.1,175.3,99.4,39.81,0.454,1811,2950
7.58,61.13,171.8,99,41.74,0.462,1806,2941
7.59,61.2,163.9,99.4,42.9,0.451,1795,2944
7.6,61.17,159.8,102,43.89,0.449,1804,2948
7.61,61.16,155.9,101.8,45.43,0.461,1797,2939
7.62,61.18,149.6,99,45.36,0.452,1790,2946
7.63,61.15,144.9,101.1,46.78,0.455,1808,2945
7.64,61.17,138.2,100.5,47.36,0.457,1797,2950
7.65,61.08,132.7,98.1,47.33,0.46,1792,2948
7.66,61.15,125.9,100.6,47.45,0.455,1796,2947
7.67,61.21,120.5,101.4,47.95,0.466,1802,2946
7.68,61.12,116.2,97,47.79,0.466,1804,2946
7.69,61.15,111.8,97.2,48.26,0.469,1790,2947
7.7,61.14,102.9,98.8,48.24,0.466,1797,2938
7.71,61.15,99.6,100,48.54,0.476,1806,2948
7.72,61.18,100.8,99.7,48.33,0.472,1781,2948
7.73,61.16,99.5,101.4,48.56,0.481,1808,2946
7.74,61.1,101.3,96.8,48.89,0.484,1796,2948
7.75,61.13,100.1,95.8,48.04,0.491,1805,2951
7.76,61.15,101.4,100.1,48.01,0.496,1801,2948
7.77,61.17,101.8,99.2,48.46,0.499,1800,2947
7.78,61.13,99,101.8,48.4,0.502,1795,2945
7.79,61.12,100,102,48.77,0.508,1801,2944
7.8,61.12,102,99.6,48.25,0.513,1793,2946
7.81,61.2,97.3,99.5,48.56,0.516,1799,2944
7.82,61.18,101.2,99.4,48.25,0.523,1803,2946
7.83,61.19,100.5,98.8,48.09,0.524,1800,2949
7.84,61.18,103.4,101.1,48.71,0.523,1807,2945
7.85,61.16,96.3,100.8,48.47,0.534,1798,2945
7.86,61.12,100,98.5,48.37,0.53,1800,2946
7.87,61.13,99.2,99.6,48.29,0.536,1795,2948
7.88,61.17,100,101.9,48.58,0.54,1806,2948
7.89,61.13,100.7,99.1,48.68,0.538,1794,2942
7.9,61.12,100.3,102.7,48,0.544,1804,2945
7.91,61.12,99.7,100.6,48.49,0.542,1804,2950
7.92,61.17,99.4,101.5,48.24,0.544,1795,2944
7.93,61.14,99.5,98.5,48.26,0.543,1796,2950
7.94,61.08,99.6,99.7,48.25,0.549,1792,2947
7.95,61.22,101.1,100.1,48.43,0.547,1809,2945
7.96,61.18,99.6,97.1,48.17,0.542,1807,2949
7.97,61.13,101.1,100.8,48.53,0.552,1802,2947
7.98,61.13,100.2,99.6,48.32,0.55,1793,2945
7.99,61.17,97.6,101.7,48.03,0.549,1803,2947
8,61.15,101.7,100.8,48.47,0.554,1806,2947
8.01,61.14,103.2,100.2,48.25,0.542,1789,2944
8.02,61.18,97.1,99.7,48.09,0.544,1796,2948
8.03,61.17,100.4,98.6,48.56,0.545,1802,2948
8.04,61.12,100.2,101,48,0.542,1801,2949
8.05,61.22,98.7,100.9,48.28,0.538,1802,2944
8.06,61.19,100.5,98.5,48.28,0.539,1802,2948
8.07,61.09,101.3,99.2,48.28,0.535,1800,2946
8.08,61.2,100.2,99.6,48.22,0.534,1799,2942
8.09,61.14,99.6,101,48.5,0.532,1797,2940
8.1,61.16,99.4,100.2,48.45,0.531,1804,2943
8.11,61.16,98.9,99.2,47.97,0.53,1802,2951
8.12,61.2,100.5,101.8,48.74,0.524,1802,2948
8.13,61.19,100.7,102.9,48.51,0.528,1794,2943
8.14,61.18,98.2,101.6,48.39,0.526,1803,2945
8.15,61.15,100.3,100.7,48.64,0.519,1799,2945
8.16,61.16,99.7,105.2,48.37,0.525,1799,2945
8.17,61.16,101.6,96.5,47.96,0.52,1795,2940
8.18,61.15,98.9,99.3,48.24,0.518,1793,2939
8.19,61.22,101.5,101.4,48.35,0.517,1798,2943
8.2,61.15,98.1,100.3,47.87,0.515,1797,2947
8.21,61.17,99.3,98.9,48.17,0.513,1805,2948
8.22,61.16,106.5,98.4,48.14,0.511,1801,2947
8.23,61.2,114.3,102.3,48.31,0.505,1809,2940
8.24,61.2,121.4,103.6,48.15,0.514,1804,2946
8.25,61.19,126.4,100.9,48.15,0.509,1814,2945
8.26,61.17,131.6,100.7,48.12,0.511,1802,2948
8.27,61.13,140,99.7,48.6,0.507,1799,2946
8.28,61.13,146.3,100.4,48.61,0.503,1805,2942
8.29,61.12,150.6,98,48.25,0.505,1806,2950
8.3,61.18,157.6,99.7,48.17,0.501,1804,2945
8.31,61.16,166.4,100.1,48.43,0.506,1801,2947
8.32,61.14,173.3,100.8,48.54,0.499,1804,2944
8.33,61.16,178.9,97.9,48.44,0.504,1796,2948
8.34,61.2,184,101.9,48.92,0.505,1786,2948
8.35,61.18,194.6,97.9,50.81,0.506,1801,2947
8.36,61.2,200.7,99.4,53.17,0.506,1796,2946
8.37,61.15,208.2,100.3,54.54,0.505,1800,2943
8.38,61.22,213,101.9,55.82,0.51,1815,2944
8.39,61.18,216.3,100,57.74,0.514,1809,2949
8.4,61.22,226.6,101,59.02,0.525,1792,2944
8.41,61.22,232.3,97.5,59.77,0.528,1796,2950
8.42,61.25,239.4,99.5,60.35,0.53,1802,2950
8.43,61.27,245.6,101,62.07,0.541,1799,2948
8.44,61.31,249,98.9,62.6,0.55,1797,2950
8.45,61.34,256.7,99.9,62.87,0.559,1808,2955
8.46,61.38,265.3,100.6,63.72,0.566,1802,2956
8.47,61.44,272,101.6,64.01,0.583,1791,2949
8.48,61.44,277.1,100.9,64.26,0.585,1794,2957
8.49,61.47,283.4,99.6,64.5,0.597,1803,2964
8.5,61.56,292.1,98.4,65.35,0.606,1801,2960
8.51,61.68,299.8,99.8,65.16,0.61,1804,2965
8.52,61.65,305.9,100.2,65.79,0.624,1787,2968
8.53,61.72,311.2,97.5,65.88,0.631,1797,2971
8.54,61.74,316.4,99.8,66.72,0.648,1794,2970
8.55,61.82,325.8,100.2,66.95,0.661,1803,2977
8.56,61.97,333.3,98.4,67.37,0.67,1804,2975
8.57,62,333.8,99.3,68.17,0.68,1797,2981
8.58,62.07,344.4,99.3,68.68,0.682,1789,2984
8.59,62.2,349.4,98.7,68.54,0.694,1798,2992
8.6,62.24,359.1,98.3,68.97,0.701,1808,2988
8.61,62.37,361.9,103.8,68.72,0.711,1798,2991
8.62,62.44,370.2,99.7,70.11,0.718,1802,2996
8.63,62.59,378.2,97.2,69.79,0.715,1790,3000
8.64,62.64,386.5,99.4,70.23,0.73,1804,3011
8.65,62.82,391.4,101.5,70.74,0.728,1805,3008
8.66,62.86,397.7,103.3,71.27,0.738,1805,3013
8.67,62.95,404.6,100.9,71.52,0.746,1795,3018
8.68,63.12,412,98.3,71.65,0.745,1807,3017
8.69,63.21,417.6,100.5,72.53,0.745,1795,3029
8.7,63.31,421.3,101.1,72.49,0.756,1789,3029
8.71,63.43,431.1,100.9,72.91,0.757,1795,3042
8.72,63.5,436.3,98.1,73.42,0.762,1798,3047
8.73,63.75,444.5,96.2,74,0.754,1789,3051
8.74,63.83,447,101.4,74.11,0.76,1805,3055
8.75,63.96,457.5,100.4,75.06,0.762,1800,3056
8.76,64.08,461.6,96.3,74.42,0.757,1797,3067
8.77,64.27,470.9,97.5,75.34,0.761,1801,3061
8.78,64.45,474.3,99.1,75.93,0.757,1808,3078
8.79,64.57,485.2,102.6,76.12,0.753,1792,3085
8.8,64.75,489.5,97.2,77.14,0.752,1813,3083
8.81,64.9,496,99.2,76.85,0.752,1804,3094
8.82,65.05,504.6,100.1,77.4,0.746,1801,3101
8.83,65.2,508.4,100.1,77.71,0.747,1801,3108
8.84,65.42,517.7,100.7,78.06,0.748,1808,3111
8.85,65.6,521.1,99.2,79.04,0.741,1788,3123
8.86,65.8,530.7,100,78.72,0.741,1797,3129
8.87,65.94,535.8,99.4,79.4,0.738,1794,3136
8.88,66.12,542.4,96.3,79.56,0.739,1803,3142
8.89,66.33,551,102.2,79.93,0.737,1797,3150
8.9,66.5,557.6,99.5,80.86,0.734,1808,3157
8.91,66.71,561.9,98.4,81.19,0.733,1795,3174
8.92,66.88,567.8,102.7,81.43,0.732,1803,3172
8.93,67.11,574.9,99.7,81.67,0.736,1801,3185
8.94,67.34,582.4,102,82.89,0.733,1795,3193
8.95,67.52,587,98.7,83.04,0.732,1808,3202
8.96,67.68,596.6,99.2,83.35,0.733,1805,3210
8.97,67.93,600.7,98.9,83.74,0.732,1804,3217
8.98,68.13,608.1,99.5,83.95,0.736,1803,3225
8.99,68.41,613.6,100.6,84.35,0.742,1797,3239
9,68.64,620.7,101.7,84.92,0.729,1813,3243
9.01,68.9,629.5,97.1,85.14,0.74,1799,3254
9.02,69.05,638.1,101,85.95,0.733,1802,3261
9.03,69.29,641.1,100.2,86.3,0.739,1799,3273
9.04,69.57,648.2,100.9,86.8,0.744,1804,3283
9.05,69.76,650.1,99.1,85.95,0.74,1807,3294
9.06,70.04,652.8,100.3,84.89,0.748,1803,3306
9.07,70.29,651.1,101,82.6,0.745,1792,3312
9.08,70.54,649.1,101.9,81.67,0.747,1801,3325
9.09,70.82,652.7,101.2,80.35,0.745,1797,3330
9.1,71.03,650.6,101.2,79.61,0.749,1793,3337
9.11,71.31,651.9,100.6,78.9,0.751,1800,3350
9.12,71.59,653.8,101.3,78.55,0.752,1802,3363
9.13,71.78,650.1,104.1,77.51,0.748,1799,3366
9.14,72.05,649.7,101.5,77.47,0.746,1796,3384
9.15,72.35,649.5,101.5,77.1,0.742,1805,3383
9.16,72.53,649.7,99.9,77.13,0.749,1809,3397
9.17,72.82,649.8,100.9,77.03,0.743,1793,3412
9.18,73.07,649.9,97.4,77.15,0.731,1807,3423
9.19,73.32,649,99,77.09,0.736,1807,3435
9.2,73.56,650.6,98.7,77.05,0.726,1807,3443
9.21,73.84,648.9,99.8,77.16,0.723,1805,3451
9.22,74.08,651,99.2,77.13,0.723,1792,3459
9.23,74.31,646.4,102.3,75.16,0.72,1796,3475
9.24,74.55,637.3,98.2,74.4,0.722,1803,3476
9.25,74.78,634.5,99.5,73.21,0.71,1793,3495
9.26,75.02,627,98.6,71.36,0.708,1799,3510
9.27,75.29,622.1,98.5,70.17,0.709,1801,3508
9.28,75.51,619,101,69.29,0.704,1790,3522
9.29,75.76,609.6,100.7,68.36,0.697,1811,3533
9.3,75.97,605.9,100.1,67.05,0.695,1810,3541
9.31,76.17,600.4,101.9,66.92,0.687,1806,3546
9.32,76.41,597.8,99.1,66.31,0.689,1803,3551
9.33,76.61,590.9,99.8,66.03,0.679,1802,3570
9.34,76.84,584.6,100.5,65.86,0.678,1797,3578
9.35,77.08,579.2,99.1,65.4,0.672,1801,3584
9.36,77.31,570.4,100.4,64.95,0.677,1795,3593
9.37,77.56,568,98.2,64.9,0.67,1799,3604
9.38,77.71,562.1,99.5,64.75,0.671,1796,3615
9.39,77.94,556.2,100.7,64.2,0.667,1796,3622
9.4,78.14,552.7,100.5,64.01,0.665,1799,3631
9.41,78.34,545.8,104.7,63.7,0.671,1801,3634
9.42,78.52,539.6,97.7,63.31,0.669,1796,3643
9.43,78.79,533.8,99.6,63.23,0.663,1807,3644
9.44,78.9,528.2,97.5,62.94,0.664,1792,3661
9.45,79.14,525.3,101.9,62.53,0.665,1798,3665
9.46,79.28,518.2,102,62.64,0.672,1801,3668
9.47,79.52,511.4,99.8,62.17,0.671,1800,3677
9.48,79.62,506.1,100.2,61.92,0.674,1796,3686
9.49,79.86,499.6,100,61.78,0.676,1794,3692
9.5,80.03,497.2,100.9,61.78,0.678,1793,3704
9.51,80.16,490,101.5,61.16,0.683,1793,3708
9.52,80.39,484.7,101.3,60.5,0.682,1807,3709
9.53,80.45,478.9,99.2,60.8,0.693,1800,3719
9.54,80.63,473.5,99.9,60.38,0.7,1799,3729
9.55,80.81,468.7,98.6,60.31,0.701,1807,3730
9.56,81.02,463.3,102.3,60.18,0.7,1805,3744
9.57,81.11,455.6,100.7,59.66,0.71,1789,3745
9.58,81.32,450.8,98.8,59.72,0.715,1800,3757
9.59,81.45,448,100.2,59.26,0.722,1791,3755
9.6,81.55,441.5,99.1,59.51,0.723,1805,3763
9.61,81.73,432.4,101,58.84,0.741,1804,3763
9.62,81.89,429.5,102.2,58.72,0.742,1798,3775
9.63,82,423,100.5,58.62,0.749,1805,3775
9.64,82.15,419,100.4,57.89,0.754,1805,3788
9.65,82.25,414,100.9,57.93,0.75,1812,3788
9.66,82.4,408.2,99,57.69,0.765,1796,3791
9.67,82.48,400.9,100.8,57.25,0.768,1809,3801
9.68,82.63,397.7,98.1,57.02,0.773,1805,3806
9.69,82.8,391.7,102.2,57.11,0.783,1792,3809
9.7,82.84,388,100.4,56.66,0.778,1801,3809
9.71,83.01,382.8,97.4,55.91,0.791,1801,3823
9.72,83.06,374.3,101.4,55.85,0.795,1793,3823
9.73,83.21,371.1,99.2,55.47,0.795,1801,3824
9.74,83.28,362.8,97.5,55.31,0.804,1798,3828
9.75,83.36,357.5,99.5,55.47,0.81,1798,3834
9.76,83.45,357.8,100.7,54.92,0.818,1805,3841
9.77,83.57,346.3,100.9,54.65,0.816,1788,3846
9.78,83.63,342.2,100.1,54.38,0.816,1798,3847
9.79,83.7,337.4,102.6,54.64,0.821,1792,3848
9.8,83.81,331.9,99.8,53.56,0.824,1801,3854
9.81,83.94,328,100.4,53.69,0.826,1797,3860
9.82,83.98,322,98.9,53.58,0.834,1788,3862
9.83,84.12,312.8,97.1,52.97,0.825,1803,3861
9.84,84.17,310.1,104.8,52.81,0.842,1797,3870
9.85,84.23,305,99.9,52.5,0.838,1803,3866
9.86,84.27,299.6,98.6,52.2,0.841,1794,3876
9.87,84.35,293.3,99.2,51.9,0.83,1804,3868
9.88,84.4,287.7,100.5,52.18,0.838,1791,3879
9.89,84.48,281.5,98.7,51.6,0.833,1812,3873
9.9,84.51,273.4,101.6,51.55,0.833,1806,3883
9.91,84.59,272.6,102.3,50.64,0.834,1799,3885
9.92,84.66,261.8,99.8,50.31,0.834,1806,3887
9.93,84.74,260.9,99.6,50.21,0.834,1803,3891
9.94,84.76,254,100.8,49.85,0.834,1792,3884
9.95,84.74,247.6,101.7,50.21,0.832,1793,3894
9.96,84.82,242.9,99.2,49.55,0.836,1790,3894
9.97,84.89,239.2,100.3,49.01,0.829,1801,3890
9.98,84.87,234.1,101.9,49.1,0.829,1811,3890
9.99,84.91,225.4,101.2,48.66,0.829,1802,3900
10,84.95,221.9,102,47.99,0.828,1807,3898
10.01,85,214.9,99.1,48.18,0.831,1801,3901
10.02,84.98,208.6,102,47.88,0.826,1800,3899
10.03,84.97,203.5,101.4,47.81,0.827,1800,3902
10.04,85.02,197.4,98.9,47.4,0.82,1799,3901
10.05,85.05,193.2,100.7,46.71,0.819,1791,3903
10.06,85.04,188.2,100.5,46.24,0.819,1800,3902
10.07,85.02,183.8,100.4,46.32,0.813,1794,3894
10.08,85,176.8,99.1,47.12,0.818,1803,3903
10.09,85.02,172.9,103.7,48.68,0.814,1798,3898
10.1,84.97,166.2,102.9,49.88,0.817,1795,3903
10.11,85.01,160.2,100.5,51.04,0.817,1789,3901
10.12,85.03,157.8,99.4,52.42,0.821,1802,3899
10.13,85.05,148.8,102.4,53.38,0.818,1804,3901
10.14,85.09,145.8,98.3,53.89,0.819,1802,3900
10.15,85.04,135,100,54.05,0.818,1802,3899
10.16,85.04,132,99,54.09,0.824,1796,3901
10.17,85.09,128.3,100.4,54.89,0.827,1806,3896
10.18,85.08,120.9,98.5,55.37,0.823,1808,3896
10.19,85.04,118.2,100.3,54.91,0.831,1807,3899
10.2,85.01,109.9,98.6,55.19,0.829,1800,3899
10.21,85.08,104.1,101.7,55.9,0.841,1789,3899
10.22,85.06,97.5,100.5,55.49,0.84,1810,3905
10.23,85.05,98.2,96.1,55.46,0.845,1804,3907
10.24,85.04,99.5,101.2,55.83,0.845,1795,3907
10.25,85,102,99.3,55.19,0.849,1802,3905
10.26,85.04,100.8,98.4,55.8,0.852,1810,3902
10.27,85.01,101.6,100.3,55.63,0.855,1800,3904
10.28,85.03,101.6,100.5,55.61,0.866,1796,3900
10.29,85.01,98.9,99.3,55.63,0.871,1818,3897
10.3,85.06,97.1,101.9,56.08,0.87,1806,3904
10.31,85.04,100,100.1,55.75,0.868,1817,3902
10.32,85.04,100.1,97.9,55.63,0.877,1801,3900
10.33,85.05,100.6,100.4,54.84,0.88,1796,3906
10.34,85.05,98.6,99.3,55.76,0.884,1803,3900
10.35,85.03,100.6,103,55.7,0.889,1811,3903
10.36,85.07,99.1,98.9,55.37,0.89,1798,3899
10.37,85.07,99.3,99.8,55.55,0.893,1800,3899
10.38,85.05,99,101.1,55.47,0.895,1795,3898
10.39,85.1,100.2,99.6,55.37,0.892,1789,3899
10.4,85.08,99.7,101.5,55.57,0.903,1792,3902
10.41,85.03,100,96.6,55.39,0.899,1806,3900
10.42,85.03,102.1,98.7,55.33,0.902,1808,3909
10.43,85.04,99.8,101.9,55.32,0.908,1808,3902
10.44,85.03,102.6,99,55.63,0.903,1801,3905
10.45,85.01,99.6,99.7,55.47,0.905,1804,3903
10.46,85.05,101.1,98.7,55.26,0.902,1794,3902
10.47,85.07,98.3,97.9,55.75,0.906,1808,3904
10.48,85.03,101.6,98.8,55.88,0.903,1788,3897
10.49,85.01,101.3,100.4,55.48,0.907,1798,3903
10.5,85.06,101.6,97.9,55.42,0.905,1799,3904
10.51,85.08,99.6,100,55.34,0.903,1802,3897
10.52,85.02,100,95.6,55.79,0.902,1801,3904
10.53,85.01,100.1,98.8,55.3,0.902,1806,3904
10.54,85.05,99.9,103,55.63,0.898,1807,3896
10.55,85.07,100.6,99.1,55.76,0.899,1794,3901
10.56,85.07,99.8,97.4,55.57,0.894,1799,3899
10.57,85.01,101.1,100.1,55.58,0.893,1803,3907
10.58,85.09,102,99.1,55.45,0.891,1801,3903
10.59,85.07,98.2,100.7,54.97,0.892,1802,3905
10.6,85.02,97.5,100.8,55.45,0.89,1789,3901
10.61,85.04,102.4,99.4,55.39,0.889,1800,3897
10.62,85.08,102.1,98.3,55.29,0.884,1803,3901
10.63,85,100.3,99.5,56,0.891,1796,3905
10.64,85.08,99.8,95.9,55.77,0.885,1793,3900
10.65,85.02,97.9,99.5,55.67,0.883,1811,3898
10.66,85.02,99,102.3,55.26,0.88,1791,3904
10.67,85.05,97.8,99.4,55.84,0.878,1813,3902
10.68,85.04,99.3,98.6,55.62,0.877,1791,3902
10.69,85.03,98.8,99.9,55.43,0.876,1803,3896
10.7,85.04,99.4,100.9,55.36,0.868,1789,3902
10.71,85,98.9,102.2,55.4,0.873,1808,3903
10.72,85.07,97.5,100.1,55.31,0.866,1781,3904
10.73,85.09,101,107.5,55.5,0.871,1805,3909
10.74,85.06,100,107.9,55.89,0.867,1795,3903
10.75,85.06,100.4,117,55.78,0.864,1796,3901
10.76,85,98.9,119.2,55.51,0.864,1799,3903
10.77,85.11,99.9,127.3,55.05,0.867,1785,3905
10.78,85.08,102.4,134.1,55.65,0.866,1799,3906
10.79,85.09,98.9,141.2,54.94,0.858,1808,3900
10.8,85.02,99.2,147.9,55.65,0.865,1807,3905
10.81,85.02,97.2,146.6,55.56,0.864,1803,3901
10.82,85.06,99.1,155.9,55.42,0.862,1797,3898
10.83,85.08,102.4,159.8,55.52,0.862,1803,3900
10.84,85.09,100.6,165.5,55.47,0.864,1800,3900
10.85,85.02,99.1,172,55.4,0.858,1793,3905
10.86,84.99,101.2,176.3,55.37,0.862,1796,3902
10.87,85.04,99.1,181.9,55.36,0.864,1793,3905
10.88,85.04,101.1,190.2,54.27,0.864,1808,3905
10.89,85.01,99,193.4,52.37,0.866,1804,3906
10.9,85.05,101.3,197.3,50.7,0.864,1801,3896
10.91,85.01,101.4,203.8,48.98,0.856,1795,3899
10.92,85.03,102.9,209.4,47.31,0.853,1805,3905
10.93,85.01,101.4,214.8,46.14,0.848,1805,3897
10.94,85.01,97.8,221.2,45.64,0.845,1801,3898
10.95,84.94,99.7,226.4,44.59,0.839,1799,3901
10.96,84.9,99.6,232.9,43.59,0.836,1792,3897
10.97,84.91,99.7,235.9,42.94,0.827,1799,3896
10.98,84.87,98.7,244.3,42.9,0.817,1794,3896
10.99,84.86,98.6,249.6,42.83,0.81,1812,3890
11,84.8,102.2,254.5,42.54,0.795,1795,3894
11.01,84.79,100,258.3,42.26,0.79,1801,3887
11.02,84.74,100.6,267.7,42.29,0.777,1806,3889
11.03,84.67,100.9,267.5,42.23,0.771,1796,3893
11.04,84.59,100.6,276.3,41.76,0.76,1795,3885
11.05,84.52,103.4,283.1,41.68,0.751,1798,3884
11.06,84.52,97.9,286.9,41.74,0.737,1807,3874
11.07,84.41,98.7,293.5,41.7,0.728,1797,3878
11.08,84.33,98.3,297.8,41.45,0.718,1802,3877
11.09,84.3,97.4,304.8,41.72,0.706,1810,3866
11.1,84.28,99.8,305.6,40.8,0.694,1803,3867
11.11,84.15,99.1,314.2,40.98,0.687,1801,3864
11.12,84.04,97.8,316.8,40.8,0.678,1804,3867
11.13,84.01,101,324,40.65,0.673,1797,3865
11.14,83.83,100.2,331.1,40.5,0.662,1793,3857
11.15,83.78,98.1,336.4,40.93,0.653,1801,3850
11.16,83.75,99,342.2,40.29,0.646,1793,3851
11.17,83.63,98.4,345.9,40.33,0.643,1800,3845
11.18,83.48,100.8,352.5,39.91,0.64,1792,3845
11.19,83.44,103.5,356.6,40.19,0.635,1806,3837
11.2,83.25,99.5,360.8,40.3,0.628,1804,3830
11.21,83.19,100,369.6,39.98,0.623,1797,3825
11.22,83.07,99.3,375.5,40.12,0.626,1804,3821
11.23,82.98,96.3,379.9,39.71,0.615,1810,3817
11.24,82.82,100.5,386.1,39.32,0.611,1804,3810
11.25,82.7,99.7,391,39.13,0.617,1806,3809
11.26,82.6,97.9,399.6,39.04,0.611,1792,3798
11.27,82.41,103.7,402.7,39.31,0.608,1803,3795
11.28,82.29,101.7,408.6,38.68,0.613,1798,3792
11.29,82.13,101.3,413.9,38.14,0.612,1802,3787
11.3,81.99,100.2,419.7,38.65,0.609,1807,3781
11.31,81.85,100.4,424.6,38.75,0.613,1802,3772
11.32,81.68,99.6,430.6,38.28,0.607,1793,3769
11.33,81.54,99.2,434.4,38.52,0.616,1788,3764
11.34,81.35,100,442.7,38.26,0.615,1804,3752
11.35,81.2,99.1,444.7,37.92,0.611,1803,3751
11.36,81.06,101,449,37.39,0.618,1796,3744
11.37,80.97,100.5,457.5,37.65,0.621,1791,3731
11.38,80.76,99.5,461.7,37.21,0.629,1793,3727
11.39,80.53,99.9,467.8,37,0.626,1796,3720
11.4,80.34,99.9,473.9,37.42,0.625,1802,3718
11.41,80.17,100.5,480,37.06,0.631,1801,3708
11.42,79.99,100.6,485.5,37.07,0.63,1804,3700
11.43,79.79,100.7,488.9,36.77,0.637,1802,3692
11.44,79.64,100.3,495.5,36.78,0.638,1807,3681
11.45,79.39,99.7,504.5,36.35,0.637,1799,3682
11.46,79.19,101.4,507.4,36.51,0.645,1795,3668
11.47,78.94,99.8,514.9,36.45,0.639,1790,3660
11.48,78.78,99.6,517.9,35.98,0.646,1804,3650
11.49,78.57,101.1,524.4,35.86,0.644,1796,3646
11.5,78.41,103.3,529.5,36.02,0.647,1796,3634
11.51,78.15,102.2,535.9,35.49,0.653,1794,3627
11.52,77.92,102.3,541.1,35.72,0.649,1796,3618
11.53,77.64,96,545.7,35.59,0.648,1796,3612
11.54,77.43,100.6,551.3,35.38,0.644,1810,3601
11.55,77.2,102.1,556.1,34.55,0.644,1801,3590
11.56,77.01,98.8,562,34.6,0.644,1803,3582
11.57,76.68,99.3,568.1,34.22,0.647,1804,3571
11.58,76.52,100.3,575.7,34.19,0.638,1806,3561
11.59,76.26,102.7,576.5,34.64,0.638,1801,3547
11.6,76.04,97.3,584.9,33.92,0.633,1792,3543
11.61,75.75,100.4,591.9,33.52,0.633,1796,3529
11.62,75.49,98.4,595.9,33.8,0.628,1796,3516
11.63,75.22,96.8,600.3,32.97,0.623,1810,3512
11.64,74.96,101.2,607.3,33.47,0.623,1799,3498
11.65,74.66,98.2,612.3,33.67,0.618,1800,3490
11.66,74.49,101.7,618.7,33.43,0.614,1806,3476
11.67,74.16,99,621.2,32.77,0.605,1795,3464
11.68,73.86,103,614.9,35.83,0.603,1801,3454
11.69,73.62,100.9,606.3,39.58,0.604,1797,3444
11.7,73.27,100.6,604.4,43.34,0.592,1806,3432
11.71,73.05,99.4,594.7,46.8,0.593,1791,3423
11.72,72.76,98.2,588.9,49.74,0.598,1811,3415
11.73,72.53,99.6,582.3,52.74,0.607,1799,3398
11.74,72.23,102.2,575.4,54.65,0.606,1795,3389
11.75,72.02,100.7,569.5,55.67,0.616,1800,3378
11.76,71.78,101.8,561.5,56.51,0.626,1799,3374
11.77,71.48,98,556.5,57.81,0.629,1792,3361
11.78,71.24,101.4,551.8,58.37,0.644,1798,3349
11.79,71.01,100.8,541.3,58.66,0.664,1810,3337
11.8,70.8,101,537.1,59.38,0.679,1814,3333
11.81,70.59,99.5,528.6,59.02,0.69,1799,3321
11.82,70.35,100.1,525.3,59.5,0.703,1794,3310
11.83,70.14,97.9,516.2,59.6,0.719,1806,3303
11.84,69.96,101.5,512.8,59.67,0.739,1802,3299
11.85,69.71,96.9,501.3,60.13,0.753,1802,3285
11.86,69.47,99.1,493.4,60.72,0.764,1801,3278
11.87,69.26,101.1,485,61.57,0.781,1796,3276
11.88,69.02,101.4,477.3,61.92,0.795,1800,3258
11.89,68.9,99.3,469.1,62.43,0.82,1798,3253
11.9,68.68,99.6,462,63.22,0.831,1789,3243
11.91,68.51,99.8,456.3,63.18,0.845,1801,3238
11.92,68.32,97.6,442.1,63.66,0.86,1797,3232
11.93,68.16,99.5,438.1,63.82,0.878,1806,3225
11.94,68,98.1,428.1,63.95,0.888,1792,3214
11.95,67.88,100,417.3,64.64,0.899,1806,3214
11.96,67.64,99.1,411.6,64.45,0.914,1802,3206
11.97,67.54,99.5,400.9,64.83,0.919,1795,3198
11.98,67.38,101.3,394,64.5,0.929,1799,3195
11.99,67.24,101.3,385.1,64.88,0.937,1803,3186
12,67.15,97.7,380.2,64.44,0.945,1804,3182
12.01,66.93,98.7,368.3,64.44,0.949,1802,3180
12.02,66.8,98.8,362.4,64.44,0.954,1807,3171
12.03,66.75,101.6,353.6,65.22,0.956,1796,3171
12.04,66.57,101.4,343.8,65.18,0.959,1792,3173
12.05,66.45,100.8,337.5,65.42,0.964,1798,3160
12.06,66.42,102.3,331.9,65.55,0.961,1794,3153
12.07,66.25,96.5,320.1,65.54,0.958,1799,3150
12.08,66.17,100.8,313.5,65.83,0.96,1807,3147
12.09,66.1,98.6,303.8,65.42,0.955,1802,3146
12.1,66.05,98.4,294.7,66.01,0.949,1796,3142
12.11,65.96,100.2,289.5,65.84,0.952,1794,3133
12.12,65.83,99.2,278.3,65.69,0.935,1792,3136
12.13,65.79,97.5,269.2,66.02,0.934,1795,3135
12.14,65.72,100.9,262.7,66.67,0.925,1810,3132
12.15,65.65,99.1,255.5,66.47,0.922,1804,3130
12.16,65.63,99.5,248.6,66.41,0.906,1801,3124
12.17,65.65,102.6,239.7,66.79,0.896,1802,3122
12.18,65.5,100.1,229.3,66.72,0.889,1794,3120
12.19,65.48,101.8,222.6,66.77,0.88,1799,3120
12.2,65.46,100.6,210.4,66.61,0.868,1792,3115
12.21,65.44,101,203.4,67.2,0.855,1804,3117
12.22,65.49,100.5,196.5,67.51,0.852,1803,3117
12.23,65.43,99.6,189.5,67.34,0.842,1802,3115
12.24,65.35,95.9,179.4,67.15,0.832,1799,3111
12.25,65.39,101.2,171.8,65.48,0.821,1803,3117
12.26,65.37,101.6,162.5,62.36,0.803,1808,3114
12.27,65.37,99.7,156.4,59.88,0.8,1809,3117
12.28,65.4,100.4,148.2,56.87,0.785,1808,3113
12.29,65.38,100,139.6,55.69,0.767,1797,3111
12.3,65.35,102.3,131.6,53.96,0.756,1787,3118
12.31,65.35,98.9,123.7,52.6,0.738,1806,3116
12.32,65.36,102,116.5,51.78,0.717,1799,3117
12.33,65.39,100.8,107.1,51.68,0.71,1788,3115
12.34,65.39,98.6,101.3,50.72,0.687,1805,3115
12.35,65.39,97.7,100.1,50.53,0.672,1801,3119
12.36,65.39,98.9,98.3,50.34,0.65,1795,3117
12.37,65.4,99.2,98.1,50.44,0.639,1800,3115
12.38,65.4,100.5,99,49.92,0.618,1803,3117
12.39,65.35,100.4,101.7,49.72,0.602,1801,3112
12.4,65.39,100.2,99.9,49.75,0.591,1794,3117
12.41,65.39,98.6,99.2,49.5,0.57,1806,3116
12.42,65.38,101.5,100,49.92,0.562,1805,3116
12.43,65.36,101.1,101.7,49.54,0.548,1796,3118
12.44,65.39,99,102,49.45,0.536,1806,3115
12.45,65.33,100.5,101.7,49.34,0.517,1796,3123
12.46,65.41,100.4,98.3,49.72,0.508,1807,3113
12.47,65.36,96.9,100.1,49.88,0.501,1798,3113
12.48,65.33,96,100.6,49.81,0.488,1797,3112
12.49,65.37,96.5,99.1,49.67,0.478,1787,3113
12.5,65.42,101.5,101.2,49.85,0.475,1805,3117
12.51,65.35,98.6,99.8,49.81,0.467,1805,3114
12.52,65.42,101.5,100.4,49.71,0.461,1804,3113
12.53,65.34,101,100.1,49.25,0.459,1799,3116
12.54,65.37,97.9,102.3,49.75,0.458,1805,3114
12.55,65.37,95.2,101.3,49.45,0.452,1808,3113
12.56,65.4,100.3,100.6,49.29,0.452,1813,3118
12.57,65.38,99.1,100.3,49.59,0.45,1804,3118
12.58,65.4,99.4,99.9,49.51,0.458,1801,3118
12.59,65.4,99.4,99.7,49.52,0.46,1802,3117
12.6,65.34,100.3,99.2,49.26,0.465,1810,3117
12.61,65.38,98.7,98.6,49.68,0.467,1804,3114
12.62,65.4,98.4,100.8,49.85,0.472,1801,3112
12.63,65.37,100.9,97.9,49.61,0.479,1804,3119
12.64,65.41,98.6,98.8,49.83,0.483,1796,3118
12.65,65.4,98.7,99.6,49.74,0.484,1800,3113
12.66,65.4,99.3,99.7,49.81,0.494,1805,3117
12.67,65.42,99.6,98.3,49.5,0.502,1796,3118
12.68,65.35,102.3,100,49.98,0.513,1812,3120
12.69,65.4,99.5,100.8,49.55,0.518,1797,3115
12.7,65.44,98.3,100.1,49.66,0.532,1789,3115
12.71,65.34,99.9,98.4,49.91,0.533,1808,3109
12.72,65.36,100.7,98.9,49.73,0.542,1810,3119
12.73,65.38,100.5,101.9,49.69,0.547,1801,3110
12.74,65.36,100.4,100.6,49.55,0.556,1811,3115
12.75,65.37,99.3,102.1,49.44,0.567,1796,3117
12.76,65.37,100.1,98.5,49.94,0.571,1797,3114
12.77,65.39,99.4,99,49.83,0.58,1810,3116
12.78,65.41,98.1,98.2,49.51,0.583,1801,3116
12.79,65.38,100,99.7,49.96,0.599,1802,3115
12.8,65.32,99.9,98.7,49.31,0.607,1804,3118
12.81,65.4,97.2,101.4,49.8,0.611,1799,3117
12.82,65.38,99.7,99,49.78,0.619,1799,3111
12.83,65.42,98.4,99,49.78,0.616,1796,3116
12.84,65.42,99.8,98.2,49.13,0.626,1804,3117
12.85,65.39,97.4,100.1,49.22,0.63,1803,3113
12.86,65.43,100.8,98.9,49.49,0.63,1803,3113
12.87,65.34,98.7,102.2,49.09,0.635,1794,3116
12.88,65.37,98.7,100.8,49.74,0.635,1795,3116
12.89,65.44,101.3,101.1,49.48,0.641,1807,3118
12.9,65.4,99.2,98.4,49.58,0.643,1811,3115
12.91,65.45,100,98.8,49.97,0.643,1800,3118
12.92,65.42,99.2,98.9,49.81,0.64,1803,3111
12.93,65.41,97.4,99.3,49.67,0.641,1805,3114
12.94,65.38,101,99.4,49.26,0.641,1786,3119
12.95,65.39,102.2,100.5,49.81,0.639,1810,3113
12.96,65.39,101.2,98.5,50.01,0.636,1814,3115
12.97,65.38,98.4,100.3,49.85,0.644,1793,3112
12.98,65.33,100.6,103.3,49.63,0.635,1806,3115
12.99,65.42,100.3,99.2,49.64,0.63,1803,3113
13,65.4,101.7,101,49.86,0.629,1799,3114
13.01,65.39,99.7,100.7,49.33,0.634,1813,3118
13.02,65.39,98.8,100.9,49.77,0.624,1801,3116
13.03,65.43,99.6,101,49.5,0.618,1805,3114
13.04,65.33,98.2,100.2,49.64,0.619,1811,3111
13.05,65.39,98.7,99.2,49.5,0.618,1799,3114
13.06,65.41,100.6,100.7,49.28,0.603,1799,3114
13.07,65.41,99.3,100.5,49.25,0.605,1802,3115
13.08,65.41,100.1,98.5,49.77,0.604,1790,3120
13.09,65.45,104,100,49.35,0.591,1811,3117
13.1,65.37,99.3,96.8,49.4,0.591,1806,3114
13.11,65.37,99,95.5,49.42,0.588,1799,3117
13.12,65.41,99.7,100.8,49.83,0.588,1796,3117
13.13,65.44,101.3,96.3,49.88,0.58,1800,3120
13.14,65.4,101.7,99.7,49.23,0.575,1804,3112
13.15,65.35,100.6,100,49.5,0.573,1810,3114
13.16,65.4,100.5,98.8,49.68,0.569,1795,3121
13.17,65.34,101.6,100.6,49.56,0.565,1786,3118
13.18,65.37,99.3,108,49.9,0.568,1806,3120
13.19,65.35,99.4,111.8,49.55,0.562,1795,3115
13.2,65.36,101.2,121.8,49.4,0.563,1806,3113
13.21,65.33,98.1,123.6,49.94,0.551,1799,3115
13.22,65.36,95.5,131.3,49.36,0.551,1801,3114
13.23,65.38,99.2,137.6,49.7,0.557,1800,3118
13.24,65.41,100.7,146.4,49.38,0.555,1804,3116
13.25,65.4,98.3,156.4,49.4,0.551,1803,3111
13.26,65.36,98.7,157,49.32,0.547,1799,3117
13.27,65.39,99.9,167.3,49.26,0.55,1807,3113
13.28,65.43,99.6,173.7,49.37,0.548,1820,3111
13.29,65.36,102.9,180.6,50.18,0.548,1799,3115
13.3,65.37,97.3,184.8,48.82,0.55,1792,3111
13.31,65.4,100.8,195,46.66,0.555,1814,3121
13.32,65.32,98,199.2,44.43,0.545,1806,3120
13.33,65.38,99.1,205.9,42.79,0.548,1809,3114
13.34,65.34,101.7,212.5,40.59,0.544,1802,3119
13.35,65.3,101.6,219.7,38.9,0.539,1794,3114
13.36,65.33,99.9,224.8,37.85,0.537,1803,3117
13.37,65.27,99.3,231.2,37.09,0.529,1798,3114
13.38,65.29,100,237,36.23,0.526,1792,3112
13.39,65.23,99.5,241.3,35.31,0.52,1814,3108
13.4,65.22,101.2,249.8,34.91,0.511,1804,3105
13.41,65.18,99.3,258.5,34.45,0.503,1803,3109
13.42,65.09,99.3,266.6,33.96,0.497,1798,3105
13.43,65.09,100.7,271.9,34.03,0.487,1795,3109
13.44,64.99,97.1,277.2,33.77,0.481,1794,3097
13.45,64.98,99.6,285.8,34.15,0.467,1800,3096
13.46,64.93,99.3,292,33.64,0.457,1795,3101
13.47,64.76,99.5,295.8,33.21,0.45,1797,3094
13.48,64.73,99.2,306.6,33.2,0.442,1805,3089
13.49,64.72,99.5,309.7,32.93,0.431,1796,3088
13.5,64.67,100.9,319.2,33.15,0.421,1792,3082
13.51,64.55,102.6,322.2,32.55,0.412,1813,3079
13.52,64.46,99.4,330.4,32.26,0.401,1798,3074
13.53,64.36,99.9,337.8,32.48,0.395,1804,3078
13.54,64.24,96.1,343.4,32.17,0.387,1811,3071
13.55,64.18,97.9,351.5,31.83,0.381,1800,3070
13.56,64.04,99.8,359.4,31.94,0.373,1804,3057
13.57,63.96,101.3,366,31.58,0.366,1802,3058
13.58,63.79,99.6,369.4,31.42,0.356,1798,3052
13.59,63.73,98.7,379.2,30.91,0.349,1778,3048
13.6,63.55,101.7,382.8,31.42,0.342,1799,3046
13.61,63.46,99.4,390.7,31.33,0.336,1811,3038
13.62,63.37,98.3,395.5,30.85,0.334,1803,3032
13.63,63.18,100.2,404.1,31.24,0.329,1801,3026
13.64,63.13,99.7,412.6,30.46,0.32,1807,3022
13.65,62.89,100.7,415.2,30.36,0.322,1799,3017
13.66,62.78,101.4,422.2,30.37,0.321,1803,3014
13.67,62.6,100.5,429.4,30.43,0.31,1795,3006
13.68,62.51,99.1,436.8,29.91,0.306,1798,2996
13.69,62.34,100.5,441.5,30.11,0.314,1803,2997
13.7,62.12,102.2,447.5,29.61,0.308,1797,2985
13.71,62,96.5,454.8,29.53,0.308,1799,2977
13.72,61.8,99.8,463.4,29.68,0.311,1808,2973
13.73,61.6,102.3,468.8,29.36,0.309,1799,2966
13.74,61.48,99.9,473.6,29.18,0.304,1797,2963
13.75,61.26,99.1,481,28.77,0.312,1801,2951
13.76,61.08,102.4,488.9,29.13,0.311,1802,2943
13.77,60.89,99.9,497.1,28.08,0.309,1802,2932
13.78,60.69,100.7,504.6,28.01,0.318,1802,2930
13.79,60.5,100.7,509.9,28.66,0.31,1802,2922
13.8,60.24,99.3,515.8,27.84,0.315,1790,2911
13.81,60.06,100.6,523.4,27.86,0.316,1797,2902
13.82,59.89,100.2,529.2,27.59,0.319,1795,2897
13.83,59.67,101,533.9,28.13,0.317,1800,2889
13.84,59.39,98.7,542.5,27.12,0.327,1793,2880
13.85,59.19,100.7,549.4,27.39,0.324,1806,2870
13.86,58.95,102.5,556.4,27.29,0.326,1800,2858
13.87,58.74,97.1,561.7,26.67,0.325,1787,2849
13.88,58.45,103,567.8,26.57,0.33,1797,2841
13.89,58.29,101,574.5,26.26,0.327,1804,2831
13.9,57.96,102.7,580.3,26.35,0.334,1804,2819
13.91,57.74,102.5,588.7,26.6,0.328,1806,2813
13.92,57.5,100,593.4,26.02,0.324,1795,2800
13.93,57.25,100.1,605,25.6,0.328,1795,2791
13.94,56.94,99.8,608.4,25.7,0.326,1799,2781
13.95,56.67,101,617.3,25.59,0.331,1804,2773
13.96,56.41,101.3,621.4,25.18,0.326,1807,2756
13.97,56.14,99.9,626.1,24.82,0.32,1800,2747
13.98,55.9,96,633.4,24.86,0.323,1800,2736
13.99,55.62,100.5,642.1,24.93,0.32,1800,2723
14,55.29,100.9,647,24.63,0.322,1795,2712
14.01,54.99,101.3,649.1,25.28,0.317,1799,2694
14.02,54.68,98.8,651.3,27.3,0.317,1808,2685
14.03,54.42,97.6,652.1,28.72,0.314,1806,2678
14.04,54.13,99.6,650.7,30.97,0.313,1802,2666
14.05,53.8,97.7,649.8,32.92,0.31,1798,2654
14.06,53.54,100.7,651.5,33.89,0.308,1796,2644
14.07,53.18,100.2,650.3,34.92,0.311,1800,2628
14.08,52.91,100.6,643.1,37.91,0.315,1806,2610
14.09,52.62,99.6,632.9,41.06,0.315,1802,2603
14.1,52.33,101.7,623.3,44.21,0.323,1801,2591
14.11,52.07,100.2,617.2,46.9,0.327,1801,2577
14.12,51.75,98.4,608.9,49.44,0.333,1807,2572
14.13,51.44,98.1,598.5,51.19,0.343,1794,2557
14.14,51.22,99.4,594.6,52.53,0.354,1789,2550
14.15,50.96,97.6,585.6,54.22,0.364,1795,2538
14.16,50.67,99.9,572.8,54.35,0.371,1803,2529
14.17,50.43,100.8,567.7,55.06,0.388,1795,2518
14.18,50.15,99.1,557.1,55.58,0.401,1817,2506
14.19,49.9,98.5,552,55.93,0.414,1806,2500
14.2,49.68,99,539.8,57.25,0.43,1805,2484
14.21,49.45,98.2,531.1,58.25,0.449,1795,2479
14.22,49.22,100.5,517.4,59.21,0.464,1792,2474
14.23,49.01,100.9,507.5,60.12,0.476,1800,2461
14.24,48.82,99.4,497.4,61.07,0.495,1802,2450
14.25,48.6,101.1,487.1,61.7,0.516,1805,2443
14.26,48.35,101.5,475.7,62.67,0.529,1799,2434
14.27,48.2,98.6,464.2,63.12,0.545,1798,2422
14.28,48.01,98.3,450.6,63.43,0.559,1794,2423
14.29,47.81,100.1,441,63.76,0.574,1796,2419
14.3,47.7,96.9,429.2,63.53,0.591,1806,2409
14.31,47.51,99.9,419.1,64.23,0.603,1798,2401
14.32,47.28,98.9,407.3,64.25,0.609,1800,2394
14.33,47.15,97.8,398.6,64.16,0.63,1805,2389
14.34,47.01,100.6,387,64.28,0.634,1798,2381
14.35,46.89,99.9,376.9,64.54,0.649,1800,2373
14.36,46.77,98.2,363,64.53,0.654,1793,2375
14.37,46.61,98,351.9,64.57,0.664,1795,2362
14.38,46.49,100,340.8,65.31,0.669,1808,2357
14.39,46.4,100.8,333.3,65.41,0.673,1791,2351
14.4,46.35,98.8,321,65.35,0.678,1801,2349
14.41,46.23,99.1,310.6,65.59,0.679,1798,2348
14.42,46.11,101.1,298.7,66.14,0.682,1808,2345
14.43,46.08,100.3,288.7,65.76,0.674,1800,2336
14.44,45.95,98.4,277.8,66.03,0.679,1811,2338
14.45,45.91,101.4,262,66.96,0.678,1796,2333
14.46,45.83,99.7,257,66.64,0.679,1802,2333
14.47,45.76,99.6,239.8,66.38,0.672,1791,2336
14.48,45.71,98.2,231.7,66.53,0.664,1806,2331
14.49,45.68,100.5,220.6,66.69,0.661,1812,2327
14.5,45.69,99.5,210,67.34,0.657,1808,2319
14.51,45.67,99,197.7,67.49,0.651,1800,2325
14.52,45.59,101.3,186,67.33,0.643,1803,2325
14.53,45.59,100,177,66.24,0.63,1794,2326
14.54,45.61,101.1,166.7,63.51,0.624,1812,2326
14.55,45.57,97.7,154.8,60.22,0.614,1804,2323
14.56,45.59,99.4,141.8,55.89,0.6,1797,2322
14.57,45.59,99.7,132.7,53.45,0.582,1804,2329
14.58,45.6,99.6,123.1,51.11,0.568,1791,2322
14.59,45.62,97.3,111.8,49.47,0.551,1797,2321
14.6,45.58,100.5,101.9,47.71,0.525,1812,2321
14.61,45.58,100.4,99.2,46.53,0.512,1795,2320
14.62,45.6,98.8,101,45.97,0.487,1803,2325
14.63,45.56,97.6,97.6,45.24,0.469,1803,2324
14.64,45.59,100.6,99.3,44.66,0.444,1807,2323
14.65,45.59,99.9,97.9,44.84,0.42,1815,2324
14.66,45.58,98.9,102.7,44.16,0.401,1811,2323
14.67,45.56,100.6,102.1,44.25,0.382,1791,2325
14.68,45.6,99.5,100.6,43.98,0.356,1802,2321
14.69,45.59,99.9,99.9,43.32,0.332,1797,2317
14.7,45.59,99.2,98.1,43.98,0.305,1796,2326
14.71,45.61,97.3,102.7,44.12,0.289,1793,2325
14.72,45.59,99.6,99.3,43.86,0.265,1797,2325
14.73,45.61,101.1,99,43.34,0.253,1805,2318
14.74,45.58,99.8,102.1,43.57,0.228,1803,2326
14.75,45.55,99.4,100.6,43.61,0.219,1802,2319
14.76,45.63,99.9,99.2,44.06,0.194,1806,2324
14.77,45.56,101.3,99,43.77,0.181,1800,2327
14.78,45.58,101.4,99.4,43.67,0.173,1796,2320
14.79,45.56,100.7,101.3,43.65,0.158,1795,2324
14.8,45.64,99.4,100.7,44.34,0.154,1800,2320
14.81,45.57,98.5,99.4,43.62,0.143,1809,2329
14.82,45.52,100.5,101.3,43.4,0.133,1804,2324
14.83,45.59,101.4,99.2,43.49,0.12,1810,2324
14.84,45.53,102.3,99.6,43.65,0.119,1814,2322
14.85,45.58,102.3,97.8,43.45,0.115,1799,2329
14.86,45.51,100.8,101.6,43.39,0.111,1796,2324
14.87,45.66,102.9,99.5,43.78,0.112,1810,2322
14.88,45.61,99.5,100.1,43.36,0.119,1794,2325
14.89,45.52,99.9,99.8,43.8,0.118,1810,2319
14.9,45.61,102.2,100,43.82,0.119,1801,2324
14.91,45.61,99.3,101.5,44.09,0.123,1799,2329
14.92,45.63,99,104,43.8,0.131,1796,2326
14.93,45.57,96,101.3,43.46,0.133,1806,2321
14.94,45.55,99,102.3,43.29,0.139,1803,2323
14.95,45.57,101.1,97.8,43.55,0.153,1792,2321
14.96,45.56,100.7,98.8,43.72,0.165,1792,2323
14.97,45.57,99.2,101.3,43.27,0.171,1794,2322
14.98,45.55,100,100.2,43.29,0.182,1807,2319
14.99,45.55,98.9,99.8,43.71,0.191,1802,2325
15,45.57,100.6,99.4,43.65,0.198,1799,2319
15.01,45.59,101.4,100.6,43.78,0.215,1799,2324
15.02,45.58,99.3,99.3,43.39,0.222,1799,2325
15.03,45.58,101.9,100.3,44.06,0.231,1800,2321
15.04,45.58,102.6,99.9,43.43,0.246,1796,2328
15.05,45.57,102.8,99,43.66,0.254,1797,2319
15.06,45.61,104.4,100.1,44.07,0.264,1797,2325
15.07,45.59,101.3,100.2,43.97,0.278,1801,2323
15.08,45.56,99.6,102.4,43.46,0.29,1799,2325
15.09,45.61,98.1,100.5,43.95,0.299,1800,2328
15.1,45.56,99.2,97.8,43.86,0.307,1798,2321
15.11,45.6,100.9,98.7,43.96,0.314,1800,2323
15.12,45.6,99.7,100.6,43.46,0.323,1797,2327
15.13,45.56,100,100.5,43.47,0.327,1810,2325
15.14,45.56,99.4,102.7,43.64,0.337,1810,2324
15.15,45.52,100.4,99.2,43.83,0.346,1799,2330
15.16,45.6,104.1,100.9,43.84,0.35,1787,2324
15.17,45.66,99.9,100.1,43.44,0.35,1798,2332
15.18,45.59,97.5,99,43.69,0.36,1802,2322
15.19,45.59,99.2,101.3,43.44,0.362,1803,2325
15.2,45.55,97.7,97.6,43.52,0.365,1790,2323
15.21,45.55,101.8,96.5,43.15,0.367,1799,2323
15.22,45.58,100.5,99.6,43.66,0.366,1794,2324
15.23,45.58,97.7,100.2,43.64,0.365,1796,2321
15.24,45.56,99.6,99.1,43.44,0.368,1796,2325
15.25,45.58,100.7,98.8,43.45,0.364,1802,2321
15.26,45.58,98.5,100.7,43.9,0.367,1804,2324
15.27,45.59,100.6,98.1,44.01,0.361,1813,2320
15.28,45.56,100.5,101.3,43.74,0.353,1793,2322
15.29,45.55,97.1,99.9,43.62,0.357,1800,2325
15.3,45.62,101.5,99.5,43.24,0.355,1798,2326
15.31,45.62,98.7,100.6,43.63,0.346,1798,2325
15.32,45.61,101.6,98,43.96,0.348,1796,2322
15.33,45.61,100.1,102.2,43.63,0.334,1797,2319
15.34,45.61,100.1,98.8,43.83,0.338,1800,2329
15.35,45.58,96.5,100.9,43.17,0.329,1798,2324
15.36,45.57,100.7,98.9,43.73,0.322,1797,2320
15.37,45.6,99.8,97.3,43.69,0.316,1794,2323
15.38,45.58,99.6,100.5,43.5,0.313,1796,2322
15.39,45.6,100.9,101.4,43.74,0.308,1794,2325
15.4,45.53,100.3,100.6,43.47,0.31,1798,2326
15.41,45.56,97.6,99.8,43.82,0.3,1814,2320
15.42,45.63,99.4,101.8,43.49,0.29,1801,2326
15.43,45.55,101.3,100,43.53,0.284,1800,2325
15.44,45.58,99.4,99,43.34,0.288,1810,2322
15.45,45.62,98.7,97.9,43.91,0.274,1794,2329
15.46,45.6,102.6,100,43.82,0.278,1807,2325
15.47,45.6,101.2,98,43.71,0.27,1796,2321
15.48,45.58,100,98.4,43.9,0.269,1792,2326
15.49,45.56,99.4,102.8,43.36,0.261,1802,2319
15.5,45.55,100.6,98.7,43.95,0.258,1800,2323
15.51,45.53,99.1,99.1,43.38,0.252,1808,2323
15.52,45.56,101.2,97.8,44.15,0.255,1797,2316
15.53,45.55,102,98.7,43.81,0.248,1798,2321
15.54,45.55,100.1,99.1,43.64,0.247,1802,2324
15.55,45.6,101.8,102.4,43.24,0.243,1797,2323
15.56,45.61,100,101.6,43.8,0.247,1800,2322
15.57,45.55,99.9,99,43.83,0.245,1818,2328
15.58,45.59,101.3,107.8,43.91,0.24,1799,2321
15.59,45.55,99.2,116.5,43.56,0.244,1811,2322
15.6,45.6,100.1,124.4,43.2,0.236,1792,2326
15.61,45.63,99.8,135.9,43.58,0.244,1807,2326
15.62,45.56,101.3,143.9,43.34,0.244,1805,2324
15.63,45.6,99.6,151.4,44.02,0.242,1799,2320
15.64,45.58,101.4,161.7,43.3,0.248,1798,2324
15.65,45.59,100.7,167.8,43.58,0.247,1801,2326
15.66,45.57,98.7,180.9,43.38,0.248,1807,2325
15.67,45.55,99.5,188.5,42.32,0.248,1796,2324
15.68,45.58,98.3,197.9,39.99,0.252,1789,2326
15.69,45.59,99.9,200.9,36.62,0.254,1796,2329
15.7,45.57,99.9,214.4,33.45,0.251,1806,2325
15.71,45.54,99.9,224,31.63,0.245,1807,2317
15.72,45.53,101,234.6,29.03,0.242,1804,2322
15.73,45.55,101.9,239.1,28.1,0.245,1807,2323
15.74,45.44,99.7,251.9,26.76,0.235,1798,2323
15.75,45.4,101.4,258.6,25.14,0.23,1799,2313
15.76,45.37,98.8,267.9,24.46,0.224,1792,2318
15.77,45.27,101,275.5,23.98,0.218,1801,2315
15.78,45.3,100.7,285.6,23.53,0.207,1802,2313
15.79,45.26,97.8,292.7,23.08,0.2,1805,2311
15.8,45.13,99,300.8,22.97,0.19,1797,2306
15.81,45.08,96.8,311.3,22.71,0.182,1790,2301
15.82,44.98,103.1,319.7,22.18,0.173,1805,2296
15.83,44.96,102.7,330.3,21.79,0.162,1804,2303
15.84,44.84,99.1,337,21.61,0.149,1807,2287
15.85,44.71,100.4,343.7,21.29,0.14,1796,2296
15.86,44.6,100,353.6,21.31,0.126,1799,2281
15.87,44.49,99.2,363,21.08,0.116,1792,2282
15.88,44.47,102.4,372.2,21.08,0.106,1803,2282
15.89,44.33,100.9,383,20.92,0.094,1808,2272
15.9,44.18,100.2,390.5,20.52,0.083,1800,2261
15.91,44.06,99.3,401.4,20.17,0.072,1800,2260
15.92,43.95,102.5,407.7,20.63,0.063,1805,2257
15.93,43.79,101.4,416.9,19.69,0.055,1797,2249
15.94,43.63,100.3,426.4,19.62,0.046,1800,2246
15.95,43.52,101.1,431.5,19.69,0.032,1799,2244
15.96,43.29,100,442.9,19.13,0.02,1799,2229
15.97,43.17,100.2,452.6,19.31,0.017,1804,2228
15.98,43.01,99.2,458.7,19.03,0.012,1804,2221
15.99,42.81,99.4,471.7,19.02,0.002,1795,2208
16,42.67,101.9,476.2,18.16,-0.001,1797,2211
16.01,42.49,100.1,487.3,18.37,-0.007,1810,2199
16.02,42.22,101.1,497.1,18.49,-0.015,1800,2195
16.03,42.09,100.2,505.8,18.18,-0.016,1802,2185
16.04,41.86,101.2,512.6,17.95,-0.018,1802,2174
16.05,41.63,100.9,524.7,17.6,-0.026,1806,2172
16.06,41.47,100.2,529.5,17.31,-0.028,1799,2162
16.07,41.22,99.4,537.6,17.28,-0.028,1799,2150
16.08,41,103,550.2,17.04,-0.033,1806,2147
16.09,40.79,99.1,556,16.81,-0.029,1805,2125
16.1,40.57,100.5,562.7,16.71,-0.036,1792,2120
16.11,40.35,98.8,575,16.59,-0.03,1794,2114
16.12,40.04,99.8,583.3,16.26,-0.039,1809,2099
16.13,39.82,100.7,589.9,15.88,-0.031,1792,2095
16.14,39.59,99.6,602.5,15.68,-0.028,1788,2081
16.15,39.27,103.3,611.1,15.48,-0.028,1793,2073
16.16,39.03,99.9,620.7,15.15,-0.027,1796,2052
16.17,38.76,101.8,626.1,14.88,-0.027,1803,2053
16.18,38.46,101.3,635.1,14.48,-0.025,1799,2041
16.19,38.18,100.8,643.6,14.58,-0.028,1802,2023
16.2,37.95,99.2,649.2,15.66,-0.019,1800,2015
16.21,37.6,99.2,651.4,17.63,-0.016,1802,2003
16.22,37.36,100.9,650.3,20.82,-0.019,1810,1992
16.23,37.03,98.1,648.7,22.96,-0.015,1801,1982
16.24,36.69,100,649.7,24.89,-0.014,1803,1969
16.25,36.4,97,647.8,26.96,0,1808,1957
16.26,36.08,100.9,649.4,28.7,0.003,1799,1945
16.27,35.8,101,651.7,29.66,0.012,1796,1929
16.28,35.53,102,649.8,30.48,0.013,1802,1916
16.29,35.17,99.6,648.4,31.04,0.025,1791,1911
16.3,34.87,100.5,649.6,31.74,0.034,1807,1897
16.31,34.66,100.3,649.6,31.24,0.037,1802,1881
16.32,34.31,98.8,652.5,31.65,0.053,1790,1875
16.33,34.04,101.4,649.7,31.83,0.061,1809,1860
16.34,33.72,98.5,650,32.1,0.072,1788,1850
16.35,33.41,98.4,650.2,31.92,0.072,1794,1834
16.36,33.06,101.5,650.3,31.73,0.092,1805,1832
16.37,32.83,98.4,649.4,31.32,0.1,1808,1810
16.38,32.53,98,651.7,32.15,0.104,1794,1800
16.39,32.2,99.6,649.8,32.1,0.111,1803,1783
16.4,31.94,100,651.1,31.82,0.123,1808,1772
16.41,31.61,98.7,651.8,31.61,0.125,1796,1766
16.42,31.33,98.8,652.3,31.73,0.136,1793,1752
16.43,31.03,97.6,648.9,31.63,0.135,1804,1741
16.44,30.74,100.2,649,31.35,0.146,1796,1736
16.45,30.41,96.6,651.2,30.79,0.149,1808,1716
16.46,30.09,101.9,637.8,34.57,0.149,1801,1708
16.47,29.76,101,625.8,37.5,0.151,1790,1690
16.48,29.58,96.6,615.2,42.19,0.155,1802,1678
16.49,29.27,99.4,598,46.69,0.161,1792,1670
16.5,28.97,99.2,586.4,49.75,0.161,1793,1657
16.51,28.65,99.9,573.3,52.86,0.168,1802,1649
16.52,28.44,99.4,558.3,55.24,0.178,1805,1641
16.53,28.13,98.4,545.3,57.16,0.176,1788,1629
16.54,27.94,101,529.7,59.09,0.186,1796,1622
16.55,27.71,102.5,516.2,59.97,0.192,1811,1610
16.56,27.51,99.4,504.8,60.73,0.203,1803,1602
16.57,27.28,100.5,491.9,61.9,0.21,1802,1595
16.58,27.04,99.4,476.3,62.19,0.213,1809,1581
16.59,26.9,101.2,463.4,62.67,0.226,1806,1578
16.6,26.6,102.7,447.6,63.11,0.236,1801,1563
16.61,26.64,99.6,433.5,63.34,0.238,1803,1560
16.62,26.37,100.6,421.1,64.26,0.24,1801,1555
16.63,26.2,98.8,410.2,63.84,0.251,1807,1548
16.64,26.02,102,392.8,64.22,0.263,1794,1537
16.65,25.89,101.9,379.6,64.06,0.273,1799,1538
16.66,25.74,100.1,365,64.16,0.273,1787,1533
16.67,25.57,99.5,352,64.57,0.272,1809,1531
16.68,25.49,99.1,339.1,65.26,0.279,1804,1516
16.69,25.44,99.7,325.8,65.31,0.29,1806,1515
16.7,25.3,99.4,312,65.04,0.286,1795,1510
16.71,25.2,100.7,297.6,65.71,0.291,1795,1507
16.72,25.14,96.3,281.5,66.36,0.29,1799,1507
16.73,25.02,99.3,270.9,66.07,0.298,1796,1500
16.74,25,101.1,257.1,66.21,0.295,1799,1496
16.75,24.91,98.8,239.7,66.9,0.294,1796,1499
16.76,24.86,100.2,228.5,67.32,0.295,1809,1493
16.77,24.83,101.9,213.9,66.49,0.302,1801,1496
16.78,24.81,103.5,200.6,67.5,0.3,1803,1491
16.79,24.79,100.5,190.7,66.9,0.296,1807,1489
16.8,24.8,98.6,174.4,65.97,0.293,1789,1492
16.81,24.8,100.7,160.2,61.25,0.284,1802,1490
16.82,24.73,100,144.8,57.36,0.281,1813,1492
16.83,24.74,99.1,135.5,53.05,0.274,1794,1491
16.84,24.75,99.7,119.4,49.18,0.264,1803,1490
16.85,24.7,101.1,105.1,46.78,0.255,1801,1489
16.86,24.77,98.4,100.9,44.14,0.237,1797,1491
16.87,24.78,99.2,100.2,42.58,0.227,1791,1492
16.88,24.74,101.3,99.7,40.88,0.209,1794,1491
16.89,24.71,101.1,96.7,39.97,0.197,1802,1489
16.9,24.72,99.6,102.5,38.86,0.179,1802,1490
16.91,24.73,99.3,99.1,39.18,0.156,1797,1487
16.92,24.76,101.6,102.1,38.38,0.144,1801,1489
16.93,24.75,98.3,102.2,38.03,0.122,1803,1493
16.94,24.74,97.8,99.9,37.91,0.103,1795,1493
16.95,24.75,99.8,99.4,37.81,0.077,1799,1491
16.96,24.77,97,100,37.47,0.054,1803,1490
16.97,24.74,102.5,99.6,37.57,0.042,1806,1492
16.98,24.81,101.2,98.6,37.13,0.023,1807,1484
16.99,24.77,101.9,99.3,37.3,-0.002,1795,1491
17,24.73,99.6,99.6,37.13,-0.019,1805,1486
17.01,24.76,100.7,101.4,37.33,-0.037,1799,1495
17.02,24.76,98.8,100.4,37.56,-0.055,1804,1496
17.03,24.73,101.3,98,37.78,-0.071,1804,1487
17.04,24.72,102.7,102,37.31,-0.088,1795,1490
17.05,24.77,100,99.2,37.85,-0.101,1805,1488
17.06,24.75,101.5,101.1,37.53,-0.12,1798,1485
17.07,24.73,103,98.9,37.42,-0.13,1790,1489
17.08,24.77,102.3,99.4,37.53,-0.138,1802,1487
17.09,24.69,98.5,100.5,37.66,-0.153,1812,1491
17.1,24.74,98.9,96.8,36.97,-0.165,1806,1488
17.11,24.72,100.7,101.6,37.38,-0.168,1798,1492
17.12,24.76,98.1,100.3,37.59,-0.168,1791,1486
17.13,24.76,104.1,99.4,37.24,-0.183,1803,1485
17.14,24.72,100.1,99,37.21,-0.181,1799,1489
17.15,24.77,97.3,103.6,37.56,-0.181,1795,1489
17.16,24.75,98.1,99,37.57,-0.183,1796,1488
17.17,24.79,98.2,98.2,37.05,-0.178,1805,1487
17.18,24.74,98.6,101,36.91,-0.175,1789,1486
17.19,24.76,103.9,101.1,37.46,-0.182,1797,1492
17.2,24.74,100.7,98.4,37.31,-0.169,1803,1491
17.21,24.73,102.2,100.3,37.32,-0.168,1810,1483
17.22,24.76,100.4,101.5,37.29,-0.16,1802,1486
17.23,24.75,101.8,99.5,37.39,-0.158,1804,1490
17.24,24.75,99.9,101.2,37.3,-0.147,1794,1491
17.25,24.72,99.3,100.2,37.65,-0.141,1807,1490
17.26,24.75,100.8,99.8,37.61,-0.133,1797,1490
17.27,24.75,98.2,99.4,37.36,-0.123,1807,1493
17.28,24.72,99.7,102.9,37.37,-0.114,1798,1488
17.29,24.73,99.8,98,37.63,-0.102,1799,1488
17.3,24.68,100.8,101.1,37.34,-0.092,1810,1498
17.31,24.72,101.4,101.7,37.72,-0.091,1802,1486
17.32,24.77,101.1,101.4,37.16,-0.071,1793,1483
17.33,24.73,100.7,96.6,37.39,-0.065,1802,1493
17.34,24.71,100.3,100.8,37.66,-0.053,1799,1488
17.35,24.76,100,99.9,37.65,-0.041,1796,1489
17.36,24.75,100.4,102.4,37.4,-0.033,1801,1494
17.37,24.69,102.5,101.3,37.5,-0.025,1801,1487
17.38,24.71,98.2,102.5,37.41,-0.015,1791,1488
17.39,24.77,101.5,101.5,36.92,-0.008,1801,1489
17.4,24.76,100.8,99.2,36.89,-0.001,1798,1489
17.41,24.75,98,96.8,37.82,0.008,1799,1492
17.42,24.74,101.7,101.9,37.21,0.012,1810,1496
17.43,24.75,100.5,100.4,37.45,0.023,1808,1491
17.44,24.79,97.9,100.8,37.54,0.024,1794,1485
17.45,24.77,102.5,103.9,37.47,0.035,1801,1488
17.46,24.75,101.5,97.7,37.07,0.034,1790,1491
17.47,24.75,99,99.6,37.79,0.037,1802,1490
17.48,24.71,98.3,98.8,37.5,0.039,1788,1488
17.49,24.78,101.4,102,37.36,0.045,1800,1488
17.5,24.72,100.9,101.8,37.3,0.043,1792,1489
17.51,24.75,103.3,100.3,37.27,0.045,1804,1490
17.52,24.77,101.4,101.3,37.46,0.043,1802,1491
17.53,24.75,97.6,99.9,37.35,0.044,1802,1491
17.54,24.73,99.2,97.7,37.1,0.043,1798,1489
17.55,24.77,97.8,102.2,37.33,0.045,1801,1491
17.56,24.76,99.7,99.4,37.17,0.042,1788,1490
17.57,24.77,100.8,102.7,37.5,0.039,1794,1490
17.58,24.72,100.9,99.9,37.06,0.032,1802,1495
17.59,24.78,100,101.4,37.18,0.035,1803,1494
17.6,24.73,98.2,99.5,37.58,0.031,1795,1489
17.61,24.73,102.6,99.5,37.43,0.027,1811,1492
17.62,24.74,99.3,100.4,37.68,0.022,1802,1492
17.63,24.69,102,100.1,37.62,0.029,1806,1489
17.64,24.74,98.9,98.9,36.82,0.018,1796,1492
17.65,24.77,100.7,98.5,36.99,0.01,1806,1487
17.66,24.76,101.7,100.9,37.57,0.007,1792,1492
17.67,24.78,103.1,98,37.68,-0.004,1798,1488
17.68,24.76,100.2,98.7,37.33,-0.003,1791,1493
17.69,24.74,100.2,100.2,37.68,-0.01,1805,1487
17.7,24.74,101.2,100.7,37.42,-0.016,1804,1496
17.71,24.74,100.4,99.1,37.47,-0.019,1798,1492
17.72,24.72,97.8,100,37.13,-0.028,1804,1493
17.73,24.76,99.8,99.7,37.75,-0.022,1801,1491
17.74,24.71,98.4,98,36.97,-0.03,1807,1487
17.75,24.71,99.3,97.6,37.43,-0.036,1797,1489
17.76,24.75,100.3,99.2,37.15,-0.045,1806,1491
17.77,24.75,101.7,101.7,37.09,-0.046,1801,1490
17.78,24.76,101.4,96.7,37.33,-0.049,1813,1492
17.79,24.76,102.1,102.3,37.72,-0.05,1788,1489
17.8,24.82,100.5,98,37.19,-0.054,1797,1487
17.81,24.73,100.2,102.7,37.13,-0.056,1804,1489
17.82,24.67,97,100.1,37.66,-0.059,1806,1488
17.83,24.72,100.5,99.9,37.19,-0.064,1799,1490
17.84,24.73,99.6,96.5,37.33,-0.063,1792,1494
17.85,24.76,102.4,101.2,37.51,-0.07,1800,1490
17.86,24.77,100.1,99.3,37.35,-0.063,1802,1490
17.87,24.72,96.9,97.7,37.65,-0.058,1801,1496
17.88,24.76,98.9,101.8,37.54,-0.064,1797,1495
17.89,24.75,100.7,96.6,37.68,-0.068,1794,1493
17.9,24.74,102.3,99.5,37.45,-0.066,1801,1497
17.91,24.77,98.6,102.6,37.59,-0.068,1810,1489
17.92,24.73,100,100.1,37.59,-0.064,1794,1490
17.93,24.75,100.6,101.1,37.17,-0.064,1803,1493
17.94,24.72,99.5,99.3,37.14,-0.067,1798,1488
17.95,24.73,101.6,100.9,37.13,-0.063,1796,1491
17.96,24.78,100.7,110.6,37.5,-0.062,1804,1488
17.97,24.73,100.5,122.6,37.41,-0.062,1812,1490
17.98,24.76,100.1,133.7,37.39,-0.056,1788,1488
17.99,24.77,101.2,142.7,37.72,-0.053,1793,1491
18,24.74,100.8,154.3,37.23,-0.051,1795,1492
18.01,24.74,98,168.8,37.44,-0.049,1787,1488
18.02,24.76,99.9,177,37.74,-0.043,1810,1492
18.03,24.7,101.9,187,35.83,-0.044,1801,1495
18.04,24.69,100.7,198,33.02,-0.042,1798,1491
18.05,24.77,101.8,207.5,28.89,-0.043,1805,1489
18.06,24.73,100.1,220.1,25.6,-0.043,1793,1486
18.07,24.73,97.8,233.7,22.41,-0.049,1790,1490
18.08,24.6,101.5,243.2,19.45,-0.051,1803,1489
18.09,24.65,99.3,253,17.5,-0.05,1808,1483
18.1,24.59,100.5,265.1,16.02,-0.054,1813,1488
18.11,24.57,100.8,274.9,14.83,-0.063,1792,1486
18.12,24.41,99.5,282.9,13.88,-0.075,1801,1478
18.13,24.4,98.7,299.7,12.94,-0.077,1787,1481
18.14,24.41,100.2,308.3,12.02,-0.086,1799,1476
18.15,24.3,99.6,318.6,11.81,-0.093,1809,1471
18.16,24.22,103.1,331.1,11.15,-0.11,1797,1469
18.17,24.09,99.7,342.2,11.22,-0.118,1801,1468
18.18,24.08,104.4,352.9,10.84,-0.134,1810,1463
18.19,23.91,98.2,363.9,10.42,-0.142,1800,1457
18.2,23.78,101.4,371.6,9.81,-0.156,1808,1452
18.21,23.72,99.3,387.1,10.08,-0.17,1807,1451
18.22,23.63,100.9,397.9,9.42,-0.179,1794,1441
18.23,23.44,98.2,408.1,9.53,-0.197,1800,1433
18.24,23.31,98.5,418.6,9.01,-0.208,1790,1434
18.25,23.15,99.7,428.5,9.02,-0.214,1799,1432
18.26,22.98,101.6,440.4,8.53,-0.227,1810,1425
18.27,22.92,98.9,453.9,8.51,-0.245,1790,1415
18.28,22.7,98.3,462.6,8.24,-0.253,1795,1410
18.29,22.5,100.1,475.1,8.17,-0.265,1805,1401
18.3,22.29,101.6,483.7,8.33,-0.271,1800,1392
18.31,22.16,99.6,496.4,7.52,-0.288,1813,1380
18.32,21.95,97.6,508.5,7.19,-0.294,1793,1378
18.33,21.77,100.1,518.7,6.78,-0.307,1804,1364
18.34,21.56,100.1,528,7.05,-0.314,1796,1359
18.35,21.3,100,541.2,6.73,-0.318,1812,1351
18.36,21.1,101.2,553.5,6.44,-0.323,1805,1346
18.37,20.85,100,566.3,5.88,-0.333,1804,1337
18.38,20.69,99.2,571.2,5.71,-0.338,1800,1332
18.39,20.45,101.1,585.6,5.03,-0.338,1802,1315
18.4,20.08,103,594.3,4.79,-0.349,1798,1308
18.41,19.91,98.6,605.2,5.29,-0.344,1802,1290
18.42,19.64,99.1,617.1,4.71,-0.351,1798,1286
18.43,19.36,99.9,628.4,4.4,-0.359,1802,1274
18.44,19.02,101.6,638.2,4.07,-0.359,1797,1268
18.45,18.79,100.9,653.1,3.83,-0.36,1801,1254
18.46,18.48,98.4,649.4,6.26,-0.359,1799,1237
18.47,18.21,100.8,652,9.66,-0.357,1798,1223
18.48,17.91,103,650.4,13.24,-0.363,1799,1222
18.49,17.62,102.3,649.3,15.8,-0.358,1793,1203
18.5,17.32,99.4,652.2,18.6,-0.354,1792,1193
18.51,17.01,102,650.4,21.05,-0.346,1803,1180
18.52,16.71,102,648.6,22.12,-0.341,1799,1168
18.53,16.45,99.4,650.6,23.46,-0.333,1798,1155
18.54,16.12,98.9,650.2,24.3,-0.322,1798,1143
18.55,15.77,103,647.1,25.18,-0.309,1802,1137
18.56,15.49,98.8,650.4,25.46,-0.305,1803,1122
18.57,15.2,100.9,647.4,25.39,-0.29,1799,1099
18.58,14.91,97.7,650,26,-0.278,1797,1097
18.59,14.62,100.2,649.4,26.16,-0.268,1797,1085
18.6,14.32,101.3,635.7,29.75,-0.249,1800,1078
18.61,14.06,101.1,620.7,34.21,-0.239,1807,1060
18.62,13.73,97.6,606.2,39.04,-0.219,1796,1049
18.63,13.48,100.9,598.4,43.04,-0.203,1802,1039
18.64,13.2,97.5,581.5,46.78,-0.191,1799,1031
18.65,12.94,102.1,567.8,49.46,-0.176,1807,1015
18.66,12.72,100.6,554.4,51.68,-0.156,1794,1006
18.67,12.46,99.1,538.9,53.62,-0.132,1796,994
18.68,12.16,98.9,526.7,55.08,-0.119,1792,987
18.69,11.94,98.5,510.6,55.31,-0.099,1792,981
18.7,11.79,100.2,498.8,56.69,-0.084,1790,966
18.71,11.57,100.3,484.8,57.12,-0.062,1801,966
18.72,11.32,99.7,473,57.8,-0.041,1806,950
18.73,11.15,101.6,456.9,58.23,-0.024,1794,941
18.74,10.95,99.9,444.6,58.42,-0.01,1802,935
18.75,10.71,99.1,430.3,58.38,0.007,1792,934
18.76,10.54,101.5,414.8,59.12,0.023,1800,926
18.77,10.44,100.3,400.3,59.39,0.031,1808,917
18.78,10.27,100.6,390.4,59.55,0.045,1793,920
18.79,10.18,100,374.2,59.59,0.063,1790,907
18.8,10.01,98.5,360.4,59.66,0.071,1794,899
18.81,9.89,100,348,60.31,0.075,1799,893
18.82,9.77,99.6,333.3,60.09,0.088,1793,891
18.83,9.71,100.4,321.6,60.25,0.094,1803,888
18.84,9.53,99.1,305,60.49,0.095,1792,881
18.85,9.52,97.5,290.8,60.6,0.107,1794,881
18.86,9.45,100,280.4,61.63,0.11,1803,875
18.87,9.37,100.2,265.5,61.27,0.098,1788,873
18.88,9.3,101.4,252.5,61.16,0.1,1800,874
18.89,9.27,101.4,238.7,61.83,0.104,1799,868
18.9,9.25,98.3,225.4,62.65,0.101,1792,867
18.91,9.15,99.2,213.9,62.46,0.1,1800,872
18.92,9.1,99.6,195.1,62.54,0.09,1794,865
18.93,9.11,101.7,181.3,62.59,0.082,1793,866
18.94,9.1,99.4,167.1,59.32,0.078,1800,863
18.95,9.08,96.4,154.5,55.35,0.076,1802,858
18.96,9.06,100.9,141.1,50.95,0.06,1809,864
18.97,9.09,102.3,125.6,46.38,0.046,1806,865
18.98,9.07,98.7,115.7,43.14,0.037,1790,860
18.99,9.1,97.9,101,40.86,0.022,1800,859
19,9.08,99.7,98.4,39.04,-0.001,1797,860
19.01,9.01,101.4,96.7,36.86,-0.02,1807,865
19.02,9.1,101,100.4,35.71,-0.041,1806,860
19.03,9.09,100.7,98.5,35.07,-0.06,1810,864
19.04,9.04,98.1,99.8,34.21,-0.082,1797,868
19.05,9.05,99.9,100.2,33.67,-0.108,1798,860
19.06,9.12,97.3,99.3,33.48,-0.131,1807,868
19.07,9.1,98.9,97.6,33.35,-0.151,1797,864
19.08,9.13,101.3,99.3,32.75,-0.172,1802,866
19.09,9.03,98.1,100.9,33.04,-0.195,1796,865
19.1,9.06,96.5,100.3,32.78,-0.214,1797,866
19.11,9.06,100.9,101.4,32.69,-0.242,1805,861
19.12,9.02,100.8,100.5,33.01,-0.261,1789,859
19.13,9.08,98.8,101.7,32.67,-0.272,1795,865
19.14,9.05,99.8,99.2,32.38,-0.3,1797,864
19.15,9.1,98.3,101.7,33.02,-0.312,1807,860
19.16,9.08,102.1,99.6,32.77,-0.333,1787,866
19.17,9.07,101,99,32.64,-0.347,1799,867
19.18,9.06,99.3,100.2,32.65,-0.368,1793,866
19.19,9.12,97.6,100.1,32.47,-0.378,1808,859
19.2,9.08,99.5,98.8,32.86,-0.389,1798,870
19.21,9.06,100.3,99.8,33.13,-0.401,1797,863
19.22,9.04,98.4,98.3,32.62,-0.41,1803,865
19.23,9.11,101.6,99.9,33.24,-0.422,1805,863
19.24,9.06,97.9,103.1,32.82,-0.42,1795,862
19.25,9.1,99.8,99.6,32.76,-0.425,1800,862
19.26,9.01,101.3,96.4,32.89,-0.426,1802,859
19.27,9.05,98.7,98.3,32.78,-0.433,1804,860
19.28,9.05,99.9,99.4,32.31,-0.43,1806,862
19.29,9.06,102.8,99.5,32.76,-0.432,1797,866
19.3,9.04,99.2,97,33.08,-0.425,1800,865
19.31,9.08,100.5,98.7,32.75,-0.431,1798,855
19.32,9,100.6,98.8,32.86,-0.421,1794,865
19.33,9.04,102.7,98.5,33.05,-0.416,1799,861
19.34,9.04,103.5,100.4,32.53,-0.412,1803,865
19.35,9.06,100.2,101.8,32.49,-0.404,1803,858
19.36,9.06,99.8,100.5,32.93,-0.396,1798,861
19.37,9.07,99.9,99.1,33.43,-0.387,1799,861
19.38,9.07,101.6,100.1,32.76,-0.375,1808,857
19.39,9.04,100,101,32.58,-0.367,1800,864
19.4,9.11,98.2,98.3,32.61,-0.362,1802,864
19.41,9.07,100.3,101.4,32.87,-0.344,1793,864
19.42,9.09,101.8,101.8,32.56,-0.333,1797,865
19.43,9.01,101.8,99.3,32.54,-0.325,1792,864
19.44,9.05,99.5,100.1,32.57,-0.315,1796,861
19.45,9.01,99.9,102.8,32.46,-0.307,1804,863
19.46,9.11,100.3,101.8,33.02,-0.292,1791,858
19.47,9.02,100.6,96,33.06,-0.279,1795,863
19.48,9.09,100.6,100.3,33.63,-0.265,1805,862
19.49,9.05,98.4,99.1,32.57,-0.263,1807,860
19.5,9.05,100.4,100.6,32.47,-0.248,1805,862
19.51,9.04,100.2,99.4,32.48,-0.246,1803,867
19.52,9.07,101.4,99.7,32.86,-0.229,1802,860
19.53,9.06,99.8,100.4,32.88,-0.227,1805,863
19.54,9.1,97.6,101.8,32.56,-0.213,1792,859
19.55,9.05,99.1,102.5,32.66,-0.209,1811,860
19.56,9.09,97.5,99.7,32.91,-0.201,1801,864
19.57,9.05,97.6,99.2,32.57,-0.196,1801,861
19.58,9.05,98.8,102.6,32.45,-0.198,1809,865
19.59,9.08,103.9,99,33.07,-0.19,1808,859
19.6,9.08,97.1,100.6,32.62,-0.183,1801,861
19.61,9.05,101.9,101,32.79,-0.182,1798,863
19.62,9.05,101.2,101.8,32.71,-0.182,1809,865
19.63,9.13,99,98.9,32.86,-0.178,1800,861
19.64,9.08,101.3,100.5,32.64,-0.185,1794,864
19.65,9.13,102,101.2,32.42,-0.182,1798,864
19.66,9.03,102.1,99.9,33.03,-0.183,1795,866
19.67,9.09,102.2,99.5,32.98,-0.188,1800,860
19.68,9.07,99.7,99.5,32.64,-0.19,1802,859
19.69,9.07,101.6,99,32.8,-0.194,1794,865
19.7,9.07,98,98.7,33.08,-0.189,1800,866
19.71,9.05,99.9,100.3,32.61,-0.197,1802,857
19.72,9.09,98.1,99.9,32.34,-0.206,1802,857
19.73,9.11,100.6,97.5,32.54,-0.199,1798,867
19.74,9.11,100.3,100.3,32.87,-0.207,1801,855
19.75,9.05,99.3,99.6,32.6,-0.212,1807,864
19.76,9.01,103.2,99.5,32.74,-0.222,1803,860
19.77,9.07,101.1,99.5,32.45,-0.215,1788,863
19.78,9.05,100.8,95.2,33.07,-0.229,1797,863
19.79,9.08,97.4,97.9,32.45,-0.232,1803,867
19.8,9.07,102.7,100.5,32.66,-0.241,1789,863
19.81,9.05,101,97.7,32.95,-0.246,1803,866
19.82,9.09,101.8,97.3,32.69,-0.247,1798,863
19.83,9.07,97,98.4,32.99,-0.254,1794,863
19.84,9.1,102.9,99.1,32.48,-0.257,1813,862
19.85,9.12,100.3,97.6,32.13,-0.272,1789,864
19.86,9.08,99.9,96.3,32.96,-0.269,1790,861
19.87,9.02,98,99.5,32.49,-0.274,1807,860
19.88,9.02,100.1,101.4,32.72,-0.279,1802,866
19.89,9.06,100.6,100.9,32.67,-0.281,1801,867
19.9,9.09,99.6,99,32.54,-0.283,1794,858
19.91,9.09,99,98.7,32.63,-0.291,1806,858
19.92,9.1,98.4,97.1,32.56,-0.292,1798,864
19.93,9.06,99.4,101.8,32.75,-0.294,1797,861
19.94,9.12,98.7,99.8,33.11,-0.3,1793,861
19.95,9,98.5,100.7,33.49,-0.294,1793,864
19.96,9.06,101.4,101.6,32.6,-0.303,1801,862
19.97,9.07,98.3,102.1,32.69,-0.3,1798,857
19.98,9.03,100.4,101.5,32.8,-0.306,1799,859
19.99,9.07,98.8,98.7,32.78,-0.305,1801,865
20,9.1,98.6,100.3,32.6,-0.304,1799,863
20.01,9.05,100.4,99.5,32.83,-0.305,1810,861
20.02,9.09,100.9,100.5,32.89,-0.308,1800,867
20.03,9.03,98.4,100.5,32.57,-0.3,1793,865
20.04,9.1,99.7,101.2,33.13,-0.303,1806,867
20.05,9.07,98.7,100.5,32.44,-0.298,1799,867
20.06,9.1,100,99.6,32.22,-0.298,1795,862
20.07,9.01,99.7,100.2,32.74,-0.301,1807,864
20.08,9.05,99,98.6,32.68,-0.301,1814,865
20.09,9.09,100.3,101.3,32.7,-0.293,1805,857
20.1,9.06,115.1,99.5,32.62,-0.291,1798,863
20.11,9.03,132.3,98.8,32.37,-0.287,1795,857
20.12,9.12,147.7,98.2,32.91,-0.287,1795,865
20.13,9.08,167.9,102.3,32.81,-0.287,1786,867
20.14,9.08,181,100.4,32.47,-0.278,1807,861
20.15,9.14,196.3,98.3,36.45,-0.281,1800,865
20.16,9.09,216.2,97.8,41.3,-0.273,1808,860
20.17,9.11,230.8,100,46.03,-0.269,1803,867
20.18,9.1,247.8,98.9,50.86,-0.265,1803,865
20.19,9.15,264.7,98.2,54.23,-0.254,1788,870
20.2,9.16,282.1,99.3,58.21,-0.253,1795,866
20.21,9.26,297.1,98.9,61,-0.238,1807,869
20.22,9.29,315.3,98.1,63.24,-0.23,1798,872
20.23,9.34,330.9,97.5,64.93,-0.221,1802,873
20.24,9.43,348.9,101,66.96,-0.201,1801,877
20.25,9.55,363.7,100.3,68.46,-0.188,1807,882
20.26,9.57,381.2,101.4,69.75,-0.171,1806,882
20.27,9.67,399.1,100.6,70.53,-0.163,1797,883
20.28,9.77,412.2,101.6,72.21,-0.143,1800,895
20.29,9.92,430.8,95.4,72.77,-0.134,1789,895
20.3,9.99,449.6,102,74.08,-0.122,1802,899
20.31,10.13,465.4,100.2,74.79,-0.103,1802,907
20.32,10.27,479.6,99.1,76.26,-0.091,1803,912
20.33,10.39,494.4,99.6,77.16,-0.074,1796,918
20.34,10.6,513.8,98.3,77.83,-0.065,1791,920
20.35,10.75,528.6,103.9,78.74,-0.05,1808,931
20.36,10.97,544.7,100,80.01,-0.038,1794,940
20.37,11.15,560.9,101.1,80.7,-0.018,1799,951
20.38,11.34,579.3,98.3,82.03,-0.01,1804,952
20.39,11.55,594,100,82.46,0.006,1802,962
20.4,11.74,611.5,102.1,83.71,0.006,1797,972
20.41,11.94,627.8,101.5,84.7,0.023,1805,982
20.42,12.22,645.5,101.4,85.96,0.035,1795,989
20.43,12.47,649.1,101.5,84.65,0.042,1800,1004
20.44,12.68,650.1,98.2,80.93,0.047,1803,1015
20.45,12.92,650.2,96.9,76.32,0.064,1809,1013
20.46,13.14,649.3,100.1,73.01,0.059,1793,1027
20.47,13.39,649.5,97.7,69.88,0.064,1798,1041
20.48,13.68,650.2,102.3,67.41,0.065,1811,1049
20.49,13.91,649.4,101.1,65.3,0.062,1801,1052
20.5,14.15,650.5,99.3,63.89,0.057,1806,1067
20.51,14.41,651.6,100,62.19,0.053,1803,1078
20.52,14.65,650.2,99.7,61.58,0.051,1803,1085
20.53,14.87,649.5,98.3,61.44,0.041,1798,1095
20.54,15.13,651.1,96.4,60.87,0.032,1797,1103
20.55,15.37,651.7,101,60.34,0.02,1804,1116
20.56,15.61,650.9,101.6,59.74,0.011,1804,1129
20.57,15.84,649,98.7,59.96,-0.005,1793,1137
20.58,16.15,651.2,98.6,59.79,-0.019,1802,1145
20.59,16.4,647.7,100.9,60.14,-0.027,1799,1155
20.6,16.68,650.7,96.5,60.23,-0.046,1791,1166
20.61,16.91,647.1,101.1,59.87,-0.058,1800,1177
20.62,17.17,652.4,100.1,60.31,-0.075,1804,1190
20.63,17.38,650.5,100.7,60.38,-0.089,1791,1196
20.64,17.69,649.3,98.4,59.84,-0.103,1804,1210
20.65,17.87,649.6,101.7,60.11,-0.111,1798,1216
20.66,18.13,649.6,102.1,60.25,-0.129,1805,1221
20.67,18.36,651.2,99.3,60.15,-0.144,1811,1233
20.68,18.66,648,97.2,60.5,-0.156,1806,1243
20.69,18.91,651.3,99.3,60.42,-0.165,1804,1256
20.7,19.16,651.9,100.1,60.44,-0.176,1807,1269
20.71,19.4,648.8,99.1,60.56,-0.185,1798,1274
20.72,19.68,649.7,99.4,60.62,-0.191,1794,1288
20.73,19.9,649.9,102.7,60.59,-0.21,1801,1295
20.74,20.19,647.5,98,61.01,-0.209,1807,1309
20.75,20.37,648.4,102.4,61,-0.215,1802,1314
20.76,20.64,652.9,97.2,61.2,-0.217,1801,1329
20.77,20.85,651.4,102.5,61.23,-0.221,1796,1336
20.78,21.18,649.7,99.7,61.46,-0.224,1801,1344
20.79,21.43,649.3,100.2,61.32,-0.218,1787,1352
20.8,21.69,649.1,100.1,61.04,-0.225,1802,1363
20.81,21.89,649.8,99.2,61.83,-0.215,1802,1377
20.82,22.22,650.7,100.3,61.31,-0.219,1803,1387
20.83,22.39,650.4,100,61.22,-0.219,1802,1399
20.84,22.68,650.7,99.2,61.45,-0.212,1802,1407
20.85,22.9,651.6,101.9,61.72,-0.205,1797,1414
20.86,23.19,649.5,96.5,62.09,-0.195,1797,1424
20.87,23.42,650.1,100.8,61.89,-0.195,1799,1441
20.88,23.65,649.9,100.1,61.85,-0.18,1797,1453
20.89,23.9,651.4,99.4,61.81,-0.174,1797,1458
20.9,24.17,651.5,101.1,62.23,-0.158,1793,1468
20.91,24.39,650.5,98.3,62.4,-0.146,1802,1473
20.92,24.62,650.9,101.8,62.02,-0.141,1788,1488
20.93,24.89,650.6,103.2,62.58,-0.127,1802,1497
20.94,25.18,647.9,101.8,62.37,-0.118,1790,1504
20.95,25.45,649.3,97.8,62.68,-0.101,1791,1510
20.96,25.66,648.5,99.6,62.08,-0.092,1805,1529
20.97,25.9,650.6,100.3,62.42,-0.074,1805,1532
20.98,26.21,650.3,100.5,62.37,-0.068,1801,1555
20.99,26.44,648.9,100.9,62.8,-0.057,1808,1560
21,26.68,650.7,101,62.81,-0.041,1806,1566
21.01,26.9,649.4,101.1,63.1,-0.037,1805,1578
21.02,27.15,648.7,100.7,63.32,-0.019,1801,1590
21.03,27.37,652.5,99.6,63.06,-0.005,1792,1590
21.04,27.62,649.4,101.6,63.2,0.003,1799,1610
21.05,27.89,647.9,101.2,63.29,0.017,1794,1617
21.06,28.19,651.2,101.4,63.44,0.032,1799,1623
21.07,28.44,649.2,101.5,63.06,0.038,1794,1635
21.08,28.63,651.6,99.1,63.43,0.05,1793,1643
21.09,28.88,647.9,98.3,63.47,0.057,1798,1659
21.1,29.18,650.8,101.6,63.69,0.068,1798,1665
21.11,29.44,652.1,98.1,63.73,0.068,1798,1676
21.12,29.65,650.2,100.6,63.81,0.083,1804,1692
21.13,29.94,650.5,101.3,63.81,0.09,1801,1702
21.14,30.14,650.1,101.2,63.84,0.098,1790,1710
21.15,30.43,650.6,97.4,64.55,0.099,1796,1713
21.16,30.65,648.3,100.7,63.9,0.11,1803,1724
21.17,30.88,650.4,104.5,63.85,0.113,1795,1740
21.18,31.19,651.3,101,64.34,0.117,1810,1742
21.19,31.41,647.7,101.9,64.3,0.124,1813,1752
21.2,31.62,649.4,100.5,63.95,0.127,1803,1773
21.21,31.93,648.7,99,64.4,0.129,1798,1779
21.22,32.13,650.2,99.9,64.63,0.123,1797,1784
21.23,32.41,650,100.1,64.86,0.135,1802,1800
21.24,32.69,650.8,100.6,64.82,0.132,1790,1811
21.25,32.89,649.6,98.8,64.69,0.141,1801,1820
21.26,33.19,649.4,99.8,64.76,0.133,1810,1821
21.27,33.44,650.8,103.1,64.75,0.137,1808,1834
21.28,33.63,649.8,102.6,64.89,0.137,1799,1847
21.29,33.88,648.5,100.8,64.66,0.137,1795,1855
21.3,34.18,651.9,96.8,64.84,0.134,1794,1869
21.31,34.42,648.6,100.5,65.34,0.135,1804,1876
21.32,34.69,649.8,101.3,65.51,0.134,1804,1882
21.33,34.84,648.1,100.4,64.9,0.13,1807,1895
21.34,35.14,647.9,99.3,65.1,0.135,1789,1902
21.35,35.39,650.6,98.8,65.88,0.135,1796,1914
21.36,35.63,647.7,99.2,65.52,0.135,1795,1930
21.37,35.88,649.2,100.1,65.62,0.132,1802,1936
21.38,36.19,651.5,96.8,65.18,0.133,1809,1949
21.39,36.38,649.8,104.2,65.33,0.133,1795,1958
21.4,36.67,646.8,98.4,65.33,0.132,1799,1973
21.41,36.91,648.2,100.7,66.67,0.131,1796,1972
21.42,37.13,650.6,100.2,66.35,0.134,1801,1990
21.43,37.39,646.4,99.1,66.13,0.136,1799,1995
21.44,37.72,650.8,99.2,66.26,0.132,1793,2006
21.45,37.84,650.1,97.6,65.97,0.14,1816,2018
21.46,38.17,651.4,100.8,66.23,0.133,1800,2031
21.47,38.42,647.7,99.9,66.74,0.135,1803,2036
21.48,38.66,652.1,100.2,66.2,0.14,1800,2044
21.49,38.87,651.1,100.4,66.66,0.138,1798,2058
21.5,39.23,650.5,98.7,66.71,0.147,1802,2070
21.51,39.35,651.5,100.7,66.69,0.142,1804,2074
21.52,39.64,648.8,98.7,66.49,0.147,1791,2088
21.53,39.91,650.4,100.5,66.44,0.155,1807,2098
21.54,40.15,651.5,100.1,66.81,0.15,1790,2106
21.55,40.44,650.6,102.5,66.97,0.162,1801,2118
21.56,40.64,650.9,100.5,67.11,0.157,1802,2131
21.57,40.9,648.5,101.5,67.17,0.169,1789,2135
21.58,41.19,653,99.5,66.56,0.175,1801,2147
21.59,41.42,648.6,101.3,67.69,0.174,1800,2154
21.6,41.68,651.1,100,67.19,0.183,1798,2168
21.61,41.88,651.2,95.9,66.99,0.184,1792,2179
21.62,42.16,648.6,99.6,67.61,0.194,1791,2190
21.63,42.38,649.9,98.1,67.74,0.194,1791,2193
21.64,42.63,650.1,100.2,67.77,0.199,1786,2204
21.65,42.93,648.9,100.8,67.52,0.21,1798,2219
21.66,43.16,648.4,101.3,67.64,0.211,1792,2225
21.67,43.46,649.4,98.7,67.81,0.224,1793,2242
21.68,43.66,648.7,99.5,67.77,0.22,1808,2247
21.69,43.88,649,101.3,68.33,0.231,1798,2252
21.7,44.22,650.4,99.2,68.11,0.227,1801,2263
21.71,44.4,652.4,101.7,68.58,0.243,1800,2279
21.72,44.63,650.7,98.7,68.41,0.247,1800,2283
21.73,44.85,649.1,100.5,68.52,0.255,1805,2299
21.74,45.15,650.4,99.6,68.61,0.264,1804,2302
21.75,45.36,649.8,102.9,68.96,0.269,1799,2314
21.76,45.65,650.2,101.4,68.42,0.273,1789,2326
21.77,45.84,649.2,101.1,68.67,0.277,1805,2335
21.78,46.18,648.1,98.1,68.46,0.286,1798,2346
21.79,46.42,651,99.2,68.89,0.28,1806,2351
21.8,46.64,649.2,100.3,68.8,0.287,1798,2367
21.81,46.91,652.2,98.7,68.65,0.297,1788,2378
21.82,47.07,648.1,100.4,68.92,0.303,1809,2388
21.83,47.42,650.3,99.7,68.76,0.31,1789,2393
21.84,47.63,648.3,99.1,69.21,0.313,1805,2404
21.85,47.9,648.8,100.4,69.07,0.317,1793,2416
21.86,48.17,648.6,100.4,69.22,0.322,1797,2432
21.87,48.4,649.1,98.8,69.85,0.325,1796,2438
21.88,48.7,648.7,98,69.56,0.332,1798,2447
21.89,48.95,651.6,99.6,69.54,0.331,1797,2459
21.9,49.17,650.1,100,69.74,0.338,1797,2464
21.91,49.43,652.3,99.1,69.91,0.345,1800,2478
21.92,49.68,649.9,100,69.45,0.346,1807,2485
21.93,49.87,651.2,99.2,69.58,0.351,1793,2492
21.94,50.19,651.5,104.5,70.07,0.353,1796,2513
21.95,50.44,651.4,101.3,70.6,0.356,1794,2515
21.96,50.68,650,99,69.94,0.363,1797,2523
21.97,50.9,650.5,97.2,69.78,0.365,1802,2536
21.98,51.15,651.1,104.1,69.35,0.365,1802,2547
21.99,51.42,648.8,97.4,70.85,0.366,1798,2558
22,51.63,649.6,102.2,70.25,0.371,1792,2569
22.01,51.94,650.7,99.3,70.27,0.374,1800,2576
22.02,52.19,650.2,101.2,70.66,0.375,1811,2585
22.03,52.33,651.5,101.3,70.84,0.378,1799,2596
22.04,52.68,650.3,99.8,70.66,0.384,1793,2605
22.05,52.89,646.3,101.2,70.81,0.384,1795,2618
22.06,53.16,650.8,101.2,70.33,0.385,1804,2623
22.07,53.41,646.7,97.7,71.32,0.394,1793,2632
22.08,53.64,651.3,102.9,71.19,0.394,1794,2644
22.09,53.92,653.5,101.4,70.74,0.399,1790,2655
22.1,54.08,649.5,100.2,70.92,0.398,1802,2668
22.11,54.39,652.6,101.4,71.45,0.398,1802,2674
22.12,54.66,649.8,101.3,70.95,0.405,1802,2687
22.13,54.87,651,100.2,71.33,0.411,1800,2700
22.14,55.17,651.7,97.4,71.15,0.411,1803,2706
22.15,55.39,649.6,99.4,71.1,0.413,1796,2718
22.16,55.66,650.7,98.4,71.49,0.417,1806,2724
22.17,55.91,648.8,100.2,71.29,0.42,1799,2732
22.18,56.12,647.2,99.6,71.91,0.426,1788,2748
22.19,56.41,651.5,99.3,71.6,0.425,1801,2753
22.2,56.69,650.1,97.7,71.8,0.431,1809,2766
22.21,56.89,648.4,98.3,71.87,0.435,1802,2771
22.22,57.17,648.7,99.7,71.95,0.431,1797,2788
22.23,57.39,651.2,102,72.23,0.445,1792,2800
22.24,57.66,652.1,99.1,72.18,0.444,1808,2806
22.25,57.87,651.2,100.6,71.99,0.447,1799,2815
22.26,58.13,647.3,99.7,72.44,0.452,1793,2823
22.27,58.38,651.7,101.1,72.63,0.444,1803,2834
22.28,58.64,650.3,100.8,72.52,0.454,1802,2853
22.29,58.91,649.9,101.3,72.71,0.465,1797,2849
22.3,59.13,651.5,99.7,72.67,0.466,1799,2866
22.31,59.39,650.5,103.7,72.53,0.472,1800,2873
22.32,59.67,651,102,72.61,0.474,1807,2886
22.33,59.83,647.8,101.3,72.72,0.476,1801,2897
22.34,60.15,649.1,99.4,73.21,0.478,1791,2909
22.35,60.36,650.8,99.8,73.35,0.484,1803,2918
22.36,60.65,648.5,101.9,72.83,0.486,1802,2925
22.37,60.9,648.1,102.3,72.95,0.486,1800,2942
22.38,61.14,649.7,97.8,73.3,0.496,1797,2941
22.39,61.44,651.6,101,73.1,0.501,1800,2959
22.4,61.67,651.6,99,73.49,0.5,1804,2962
22.41,61.86,650.2,99.6,73.51,0.509,1818,2977
22.42,62.12,650.9,100.2,73.19,0.519,1798,2986
22.43,62.4,650.4,99.8,72.97,0.523,1791,2996
22.44,62.7,650.8,101.6,74,0.526,1800,3007
22.45,62.92,649,98.5,73.55,0.528,1804,3016
22.46,63.1,650.1,100.4,73.84,0.538,1807,3024
22.47,63.34,652,100.7,73.75,0.534,1795,3040
22.48,63.61,648.6,102.1,73.68,0.536,1800,3049
22.49,63.92,648.4,96.6,74.17,0.541,1794,3058
22.5,64.17,649.7,99.1,74.05,0.549,1789,3065
22.51,64.44,648.5,99.7,74.12,0.556,1796,3074
22.52,64.67,649,99.8,74.72,0.554,1808,3089
22.53,64.87,649.2,99.5,74.09,0.561,1802,3098
22.54,65.18,651.6,99.8,74.39,0.569,1801,3108
22.55,65.41,650.6,98.7,74.33,0.57,1798,3116
22.56,65.67,651.8,100.8,74.55,0.576,1808,3126
22.57,65.88,651.8,100.3,74.49,0.577,1789,3132
22.58,66.11,649,97.8,75,0.578,1805,3148
22.59,66.41,650.8,100.2,75.11,0.583,1795,3159
22.6,66.67,650.9,101.9,75.08,0.582,1808,3164
22.61,66.87,649.5,99.3,74.46,0.592,1790,3175
22.62,67.15,649.7,102.3,74.85,0.596,1795,3186
22.63,67.41,645.3,99,75.44,0.601,1801,3197
22.64,67.64,649.9,100.7,75.25,0.605,1799,3209
22.65,67.87,649.3,100.1,75.34,0.608,1806,3219
22.66,68.17,652.2,100.3,74.91,0.608,1804,3220
22.67,68.33,650.6,101.6,74.94,0.611,1807,3236
22.68,68.69,649.5,99.6,75.33,0.614,1796,3245
22.69,68.9,649.7,102.6,75.57,0.62,1803,3255
22.7,69.11,650.6,97.4,75.66,0.623,1800,3269
22.71,69.4,650.9,98.4,75.25,0.625,1799,3274
22.72,69.64,651.4,101.5,76.03,0.634,1812,3285
22.73,69.9,648.2,101.5,75.76,0.629,1800,3299
22.74,70.18,649.5,100.1,75.84,0.642,1798,3310
22.75,70.39,652.3,99.9,76.12,0.645,1799,3315
22.76,70.68,648.2,98.3,75.63,0.647,1790,3327
22.77,70.9,649.7,99.8,75.77,0.651,1808,3333
22.78,71.2,650.6,99.8,76.06,0.654,1804,3348
22.79,71.43,644.2,99.6,75.47,0.658,1809,3353
22.8,71.63,638.8,97.3,73.39,0.663,1797,3369
22.81,71.88,633,97.7,72.25,0.663,1802,3376
22.82,72.12,628.5,96.4,70.23,0.67,1814,3383
22.83,72.38,624.9,99.3,69.29,0.667,1796,3398
22.84,72.6,617.2,99.3,68.36,0.67,1794,3406
22.85,72.82,612.1,100.2,67.73,0.673,1801,3417
22.86,73.04,606.9,100.9,66.94,0.673,1805,3422
22.87,73.32,599.5,101.3,66.31,0.67,1801,3434
22.88,73.58,595.2,98.8,65.46,0.677,1803,3446
22.89,73.78,588.5,99.7,65.4,0.679,1797,3452
22.9,73.97,583.6,101.8,64.42,0.674,1802,3458
22.91,74.22,579.9,103.1,64.43,0.671,1808,3471
22.92,74.41,571.5,99.7,64.54,0.677,1808,3474
22.93,74.66,569,100,64.01,0.679,1807,3484
22.94,74.83,564.7,99.2,63.69,0.675,1808,3487
22.95,75.06,557.3,100.3,63.44,0.678,1798,3504
22.96,75.24,552.4,97.1,63.15,0.671,1795,3513
22.97,75.4,545.6,98.6,62.86,0.669,1801,3521
22.98,75.63,538.1,100.3,62.1,0.674,1806,3520
22.99,75.84,535,98.4,62.25,0.667,1789,3537
23,75.99,529.4,99.1,62.24,0.671,1808,3541
23.01,76.22,521.1,101.2,61.49,0.673,1789,3556
23.02,76.39,518.3,99.9,61.79,0.675,1804,3558
23.03,76.58,512.9,99.5,61.33,0.676,1800,3560
23.04,76.8,507.4,96.6,61.23,0.671,1807,3569
23.05,76.96,503,100.2,61.09,0.673,1793,3579
23.06,77.09,492.6,98.5,60.61,0.676,1795,3582
23.07,77.34,490.9,100.4,60.34,0.674,1800,3592
23.08,77.45,485,99,60.17,0.683,1804,3596
23.09,77.6,478.4,99.9,60.16,0.672,1798,3604
23.1,77.77,476.7,99.7,59.56,0.675,1798,3608
23.11,77.96,468.8,102.1,58.87,0.681,1795,3620
23.12,78.1,463.3,98.9,59.43,0.68,1804,3622
23.13,78.27,458.4,99.9,59.12,0.684,1795,3634
23.14,78.41,452.6,99.5,58.83,0.689,1793,3637
23.15,78.53,447.9,100.7,58.49,0.69,1806,3643
23.16,78.64,440.7,99,58.11,0.689,1794,3643
23.17,78.79,437,102.6,57.95,0.692,1803,3654
23.18,78.92,429.8,98.2,58.29,0.69,1790,3658
23.19,79.05,427,98.2,57.34,0.702,1801,3664
23.2,79.26,420.3,97.2,57.36,0.704,1792,3665
23.21,79.36,415.5,100.8,56.99,0.705,1795,3680
23.22,79.46,408.2,99.2,56.51,0.71,1790,3678
23.23,79.6,404.2,98.8,56.31,0.709,1805,3683
23.24,79.71,395.4,99.2,56.49,0.719,1784,3692
23.25,79.84,390.6,100.2,56.13,0.72,1804,3692
23.26,79.97,389.2,102.2,55.6,0.717,1792,3699
23.27,80.09,378.2,100.3,55.5,0.726,1802,3693
23.28,80.21,372.7,98.4,54.79,0.728,1804,3703
23.29,80.28,367.2,99.9,54.97,0.732,1798,3712
23.3,80.42,365.5,103.3,54.85,0.733,1795,3716
23.31,80.53,358.7,101.8,54.39,0.737,1788,3719
23.32,80.6,354,99.6,54.11,0.744,1798,3719
23.33,80.69,345.9,102.9,53.74,0.747,1802,3725
23.34,80.79,341.5,101.2,53.5,0.746,1798,3729
23.35,80.86,335.3,101.3,53.14,0.753,1799,3733
23.36,80.96,331.8,101.9,53.91,0.756,1801,3743
23.37,81.04,326.6,100.3,52.73,0.755,1798,3739
23.38,81.12,319.8,99.8,52.71,0.76,1794,3748
23.39,81.19,315.2,98.7,51.68,0.767,1798,3745
23.4,81.28,311,99.4,51.73,0.766,1799,3745
23.41,81.35,300,99.2,51.59,0.769,1803,3753
23.42,81.39,296.2,100.1,51.61,0.772,1791,3749
23.43,81.47,295.5,99.3,51.37,0.776,1797,3765
23.44,81.53,288.7,105.3,50.68,0.773,1809,3758
23.45,81.6,284.3,98.5,50.25,0.782,1803,3767
23.46,81.62,274.1,101,50.5,0.78,1789,3765
23.47,81.74,269.6,98.9,50.15,0.78,1799,3766
23.48,81.77,264.4,98.4,50.16,0.781,1797,3769
23.49,81.77,259.6,99.5,49.29,0.785,1806,3772
23.5,81.87,253.2,98.9,49.6,0.786,1806,3772
23.51,81.87,249.8,100.4,49.09,0.786,1796,3771
23.52,81.89,243.9,100.9,48.51,0.779,1785,3772
23.53,81.95,237.1,100.1,47.89,0.786,1802,3780
23.54,81.97,231.8,97.8,48.56,0.787,1799,3782
23.55,82.01,226,100.6,47.86,0.786,1803,3778
23.56,82.05,220.7,99.8,47.54,0.788,1799,3780
23.57,82.1,215.3,102.2,47.08,0.785,1796,3785
23.58,82.06,211.2,101.9,47.19,0.785,1802,3785
23.59,82.11,202.5,97,46.66,0.786,1789,3782
23.6,82.1,199.6,98.8,46.1,0.782,1798,3782
23.61,82.09,193,99.9,46.15,0.784,1804,3785
23.62,82.14,186.1,98.3,45.76,0.784,1800,3781
23.63,82.15,180.1,102.3,45.79,0.791,1791,3785
23.64,82.09,175.9,100.7,46.53,0.782,1800,3785
23.65,82.1,169,102.6,47.51,0.785,1794,3783
23.66,82.19,165.7,103.4,49.21,0.781,1817,3788
23.67,82.15,158.7,98.3,50.33,0.788,1798,3783
23.68,82.1,156.6,99.2,51.51,0.789,1817,3782
23.69,82.13,152.1,100.9,52.29,0.785,1799,3786
23.7,82.14,145.1,101.2,52.76,0.785,1806,3791
23.71,82.19,137.1,97,53.02,0.789,1805,3782
23.72,82.11,131.5,97.6,53.85,0.79,1803,3789
23.73,82.15,130.1,98.5,54.1,0.797,1798,3791
23.74,82.13,122.8,100.8,53.77,0.794,1799,3782
23.75,82.11,115.9,100.7,54.22,0.798,1796,3787
23.76,82.26,112,97.2,54.3,0.797,1808,3782
23.77,82.13,106.2,97.5,54.69,0.794,1801,3790
23.78,82.15,100.3,100.4,54.4,0.806,1801,3794
23.79,82.18,98.3,99.2,54.44,0.812,1792,3789
23.8,82.11,100.8,99.7,54.75,0.808,1807,3783
23.81,82.11,99.8,101.6,54.59,0.813,1793,3781
23.82,82.11,100.5,99.8,54.08,0.817,1813,3781
23.83,82.12,98.9,100.7,54.58,0.817,1799,3786
23.84,82.12,101,100.7,54.78,0.822,1803,3786
23.85,82.22,97.6,100.2,54.84,0.828,1804,3786
23.86,82.18,97.9,99.6,54.13,0.828,1800,3785
23.87,82.11,97.9,100.6,54.6,0.828,1809,3791
23.88,82.16,97.4,101.6,54.59,0.84,1798,3785
23.89,82.17,99.3,98.5,54.93,0.839,1800,3789
23.9,82.14,101,101,54.78,0.837,1797,3785
23.91,82.1,102.9,98.8,54.91,0.84,1794,3788
23.92,82.13,100.2,100.4,54.74,0.845,1793,3784
23.93,82.16,99.6,101.1,54.61,0.844,1794,3788
23.94,82.16,99.8,100.1,54.88,0.845,1798,3788
23.95,82.2,97.1,98.2,54.68,0.85,1798,3781
23.96,82.13,101.6,98,54.47,0.854,1803,3785
23.97,82.09,102.3,99.7,54.52,0.853,1800,3787
23.98,82.17,98.5,101.6,54.81,0.856,1808,3793
23.99,82.15,100.4,99.1,54.45,0.86,1801,3785
24,82.16,97,99,54.74,0.852,1801,3784
24.01,82.08,97.4,99.8,54.9,0.851,1803,3791
24.02,82.14,100.6,99.3,54.79,0.855,1798,3789
24.03,82.22,98.3,96.8,54.38,0.854,1805,3787
24.04,82.21,101.5,100.7,54.17,0.854,1800,3790
24.05,82.15,98.1,100.4,54.27,0.856,1797,3784
24.06,82.11,99.5,100,54.73,0.85,1792,3790
24.07,82.16,100.4,99.4,54.48,0.85,1797,3787
24.08,82.13,100.2,101.1,54.61,0.855,1806,3788
24.09,82.11,97.2,102.4,54.52,0.853,1805,3787
24.1,82.16,99.7,99.3,54.48,0.849,1804,3786
24.11,82.16,98.1,99.8,54.77,0.848,1799,3788
24.12,82.16,99.2,99,54.32,0.85,1794,3790
24.13,82.17,102.3,100.5,54.7,0.85,1808,3782
24.14,82.19,99.7,100,54.67,0.847,1795,3787
24.15,82.19,101.2,101.1,54.34,0.844,1795,3784
24.16,82.17,99.9,99.9,54.65,0.846,1799,3785
24.17,82.16,99.6,101,54.33,0.841,1791,3782
24.18,82.16,97.9,101.2,54.69,0.836,1796,3788
24.19,82.12,101.3,99.1,54.75,0.844,1799,3784
24.2,82.13,100.1,96.8,54.67,0.842,1816,3789
24.21,82.16,100.7,101.1,54.28,0.837,1802,3787
24.22,82.14,101.8,97.8,54.42,0.83,1804,3783
24.23,82.16,100.4,97.9,54.63,0.832,1789,3788
24.24,82.13,99.1,101.8,54.67,0.832,1800,3792
24.25,82.15,99.7,101,54.6,0.828,1805,3785
24.26,82.17,100.7,102.9,54.63,0.83,1805,3787
24.27,82.1,99.6,95.5,54.89,0.829,1790,3784
24.28,82.2,101,99.1,55.2,0.827,1804,3785
24.29,82.1,98.2,107.3,54.09,0.821,1793,3787
24.3,82.2,99.9,111.9,54.72,0.826,1814,3786
24.31,82.14,98.2,115,54.82,0.821,1799,3784
24.32,82.19,99.8,120.1,54.67,0.823,1797,3787
24.33,82.18,101.4,129.6,54.5,0.82,1795,3789
24.34,82.16,99,132.7,54.68,0.82,1799,3790
24.35,82.16,100,137.6,54.19,0.825,1801,3787
24.36,82.16,96.4,144.6,54.69,0.823,1803,3789
24.37,82.23,99.9,149.4,54.83,0.826,1799,3788
24.38,82.12,101.1,154.5,54.36,0.822,1807,3782
24.39,82.18,99.3,166.8,54.75,0.815,1796,3789
24.4,82.16,100.8,166,54.73,0.825,1796,3785
24.41,82.16,101.3,172.4,54.95,0.827,1809,3784
24.42,82.16,99.8,176.9,54.53,0.822,1804,3785
24.43,82.13,99.5,179.9,54.46,0.828,1806,3788
24.44,82.15,99.3,190.1,53.05,0.824,1797,3784
24.45,82.18,99.8,191.7,51.7,0.822,1798,3786
24.46,82.14,99.6,198.2,49.5,0.819,1804,3784
24.47,82.1,101.2,202.3,47.79,0.816,1805,3785
24.48,82.15,102.6,212.2,46.72,0.817,1803,3790
24.49,82.12,100.2,215.4,45.2,0.812,1784,3780
24.5,82.1,98.4,220.7,43.88,0.806,1810,3785
24.51,82.09,101.5,226.4,43.59,0.802,1794,3785
24.52,82.08,97.2,232.3,43.08,0.788,1796,3781
24.53,82.06,97.9,236.8,42.82,0.781,1792,3777
24.54,81.97,102.2,243.4,42.38,0.776,1790,3779
24.55,81.92,100.1,247.8,42.43,0.766,1806,3780
24.56,81.92,100.1,255.2,42.23,0.76,1798,3776
24.57,81.84,102.9,258.8,41.34,0.754,1797,3776
24.58,81.81,102.7,265.5,41.05,0.737,1808,3770
24.59,81.73,97.1,273.2,41.2,0.733,1804,3772
24.6,81.67,99.6,276.2,40.83,0.716,1812,3771
24.61,81.66,101.9,279.9,40.95,0.706,1813,3769
24.62,81.58,101.1,286.7,41.01,0.698,1799,3764
24.63,81.53,100.6,291,40.4,0.685,1803,3763
24.64,81.47,98.3,297.9,40.73,0.679,1809,3754
24.65,81.37,99.3,304.1,40.04,0.665,1802,3754
24.66,81.28,98.2,309,40.49,0.661,1790,3754
24.67,81.26,98.8,313.2,39.97,0.65,1795,3749
24.68,81.17,99.2,317.1,39.59,0.641,1793,3745
24.69,81.1,99.1,325.3,40.14,0.634,1792,3742
24.7,81,100.5,330.8,39.56,0.625,1796,3738
24.71,80.86,98.9,336.7,39.48,0.612,1795,3735
24.72,80.85,100.5,342.1,40.11,0.604,1788,3736
24.73,80.75,98.5,347.1,39.52,0.606,1796,3725
24.74,80.62,99.1,351,39.34,0.593,1798,3726
24.75,80.54,97,356.4,39.13,0.593,1806,3720
24.76,80.38,99.4,362.4,38.98,0.585,1803,3723
24.77,80.28,100,367.9,38.51,0.581,1789,3709
24.78,80.16,100.1,376.3,39.11,0.577,1794,3706
24.79,80.04,100.5,380.6,38.62,0.572,1796,3701
24.8,79.91,102.2,384.4,39.05,0.57,1806,3704
24.81,79.79,98.6,390.2,38.78,0.575,1807,3693
24.82,79.63,101.2,397.8,38.56,0.574,1799,3687
24.83,79.54,99.1,402.1,38.39,0.57,1800,3681
24.84,79.4,99.5,397.3,41,0.57,1799,3676
24.85,79.23,101.9,388,44.89,0.572,1802,3672
24.86,79.12,98.5,382,49.22,0.573,1790,3671
24.87,78.98,102.3,376.1,51.92,0.586,1794,3659
24.88,78.87,99.6,370,56.03,0.594,1804,3658
24.89,78.74,101,363.4,58.14,0.608,1802,3649
24.9,78.61,103,358.1,59.9,0.62,1803,3644
24.91,78.52,97,349.4,61.23,0.633,1800,3642
24.92,78.4,100.4,345.2,62.83,0.657,1799,3637
24.93,78.27,98.6,333.8,63.64,0.675,1800,3634
24.94,78.22,101.9,331.8,64.6,0.691,1797,3626
24.95,78.01,97.6,320.6,64.59,0.72,1807,3620
24.96,77.98,98.4,316.2,64.49,0.746,1796,3615
24.97,77.87,100.4,310.5,65.08,0.763,1790,3618
24.98,77.83,99,301.9,65.41,0.788,1801,3606
24.99,77.7,99.6,296.2,65.47,0.818,1803,3608
25,77.69,100.2,290.4,65.89,0.839,1792,3603
25.01,77.58,101.5,283.1,65.61,0.867,1802,3600
25.02,77.53,100.3,277.9,66.76,0.892,1806,3606
25.03,77.45,98.6,269.1,66.46,0.916,1806,3600
25.04,77.42,102.8,259,66.37,0.941,1801,3596
25.05,77.33,103.3,256.6,66.38,0.969,1804,3593
25.06,77.27,99.4,248.7,66.53,0.984,1796,3594
25.07,77.29,101.3,246.1,66.53,1.008,1789,3589
25.08,77.18,99.5,239.4,66.52,1.025,1795,3582
25.09,77.1,100.3,231.5,66.49,1.042,1801,3582
25.1,77.14,99.9,225.2,66.9,1.064,1794,3583
25.11,77.07,101.1,217.4,67.58,1.082,1811,3586
25.12,77.09,101.4,210.3,67.08,1.089,1785,3583
25.13,76.99,102.8,205.3,67.08,1.104,1788,3577
25.14,77.05,99.1,197.5,67.37,1.114,1789,3582
25.15,77.07,97.3,193.3,67.39,1.12,1803,3576
25.16,76.95,99.2,185.1,67.52,1.124,1797,3583
25.17,77.01,102.9,179.1,66.8,1.129,1804,3581
25.18,76.99,100.6,171.1,64.93,1.138,1814,3577
25.19,76.92,101.8,163.1,62.41,1.139,1798,3577
25.2,76.94,101.3,160.4,60.28,1.138,1802,3570
25.21,77,102,153.6,58.5,1.132,1805,3580
25.22,76.93,98.7,144.7,57.34,1.123,1810,3580
25.23,76.94,100.5,136.8,56.71,1.114,1804,3576
25.24,76.92,99.1,131.4,55.39,1.104,1793,3577
25.25,76.99,99.7,126.1,54.96,1.088,1802,3581
25.26,76.95,101.9,119,54.57,1.069,1793,3575
25.27,77,99.6,115,54.04,1.051,1803,3577
25.28,76.95,100.5,104.7,53.74,1.031,1809,3577
25.29,76.98,101.4,102.5,53.56,1.012,1801,3579
25.3,76.96,102.7,102.9,53.35,0.986,1808,3578
25.31,76.95,100,99.6,53.02,0.965,1802,3582
25.32,76.98,101.3,99.3,53.41,0.937,1797,3579
25.33,77,98.6,96.4,53.22,0.915,1807,3577
25.34,76.96,96.7,99.8,52.7,0.888,1803,3578
25.35,76.92,101.1,99.6,53.32,0.867,1793,3578
25.36,77,100.9,101.3,53.05,0.839,1792,3581
25.37,76.93,98.6,99.4,53.02,0.818,1795,3577
25.38,76.92,98.3,100,52.93,0.797,1804,3580
25.39,76.95,100.9,99.1,53.46,0.77,1806,3575
25.4,76.99,97.5,99.6,52.54,0.749,1794,3578
25.41,76.97,99.6,99,52.75,0.724,1799,3576
25.42,76.95,99.5,98.8,52.92,0.706,1803,3579
25.43,76.97,99.3,99.1,52.97,0.689,1784,3578
25.44,76.97,100,100.5,52.76,0.665,1806,3578
25.45,77,98.4,98.4,53.44,0.652,1793,3580
25.46,76.95,103.4,102.7,52.6,0.632,1802,3575
25.47,76.99,99.5,98.8,52.7,0.627,1802,3580
25.48,76.98,101.2,98.3,52.87,0.608,1804,3577
25.49,77.01,99.3,98.9,52.63,0.598,1804,3578
25.5,77.01,97.9,99.2,52.78,0.59,1795,3582
25.51,77,99.8,100.9,52.96,0.582,1799,3579
25.52,76.96,98.3,99.6,53.27,0.58,1802,3581
25.53,77,100.6,97.5,52.44,0.572,1803,3575
25.54,76.94,99,101.8,53.22,0.574,1804,3579
25.55,76.97,99.9,101.8,53.27,0.566,1799,3579
25.56,76.99,98.2,96.7,53.26,0.566,1796,3582
25.57,77.01,100.8,101.2,52.78,0.578,1796,3579
25.58,77,102.1,99.7,52.82,0.573,1801,3578
25.59,76.99,100.4,102,53.23,0.578,1799,3578
25.6,77,99.7,100.6,52.91,0.588,1800,3580
25.61,76.95,100,104.2,53.06,0.593,1805,3579
25.62,77.05,102,100.7,53.26,0.598,1800,3576
25.63,76.92,99.8,103.1,53.12,0.606,1801,3576
25.64,76.99,99.7,99.9,53.35,0.619,1804,3577
25.65,76.98,97.8,99.1,52.99,0.629,1799,3577
25.66,76.96,96,100.5,52.9,0.639,1800,3585
25.67,76.93,98.3,97.7,53.66,0.648,1801,3578
25.68,76.97,100,99.7,53.13,0.659,1809,3576
25.69,76.97,100.2,100,52.88,0.675,1805,3583
25.7,76.97,100.1,98.6,53.04,0.687,1791,3583
25.71,76.99,99.5,99.9,53.68,0.701,1801,3577
25.72,76.91,99.5,97.9,53.09,0.705,1811,3578
25.73,76.99,100.1,99.9,53.21,0.726,1808,3578
25.74,76.97,100.8,99,53.12,0.729,1791,3582
25.75,76.94,99.8,99.4,52.84,0.741,1802,3578
25.76,76.97,99.2,101.7,52.79,0.753,1784,3578
25.77,76.99,97,101.8,52.98,0.762,1804,3577
25.78,77.03,100.4,101.7,53.31,0.774,1805,3583
25.79,76.96,98.3,104.9,53.07,0.787,1798,3581
25.8,76.91,103.4,99.5,53.41,0.795,1797,3582
25.81,77,100.8,102,53.5,0.799,1801,3578
25.82,76.95,99.3,101.5,53.14,0.811,1793,3578
25.83,76.95,99.7,101,53.08,0.822,1796,3582
25.84,76.97,97.6,101.5,52.82,0.821,1792,3576
25.85,76.95,102.3,98.3,53.11,0.831,1787,3581
25.86,77,100.7,99.9,53.43,0.837,1795,3580
25.87,76.92,99.3,101,53.37,0.834,1810,3577
25.88,76.97,101.2,98.7,53.18,0.839,1807,3582
25.89,76.93,99.9,100,53.58,0.84,1797,3582
25.9,77,100.8,101,52.65,0.847,1795,3581
25.91,77,99.7,100.8,53.17,0.845,1793,3577
25.92,77,98.6,96.9,53.03,0.846,1805,3584
25.93,77,97.8,100.1,52.95,0.847,1796,3581
25.94,76.98,100.2,97.5,53.86,0.843,1803,3577
25.95,76.98,100.1,101.5,52.87,0.843,1798,3576
25.96,76.98,102.1,101.3,53.57,0.838,1793,3580
25.97,77.02,98.4,100,52.93,0.84,1798,3582
25.98,76.94,100.9,100.8,53.23,0.838,1802,3576
25.99,76.93,100,101.6,53.05,0.829,1799,3583
26,77.04,99.6,98.8,53.24,0.823,1793,3574
26.01,77,99,101.4,53.19,0.817,1800,3580
26.02,76.97,99.3,98,52.8,0.814,1802,3577
26.03,76.99,100.5,99.9,52.83,0.808,1795,3579
26.04,76.92,98,97.4,53.36,0.804,1799,3577
26.05,76.99,98.9,104,53.17,0.792,1800,3579
26.06,76.93,102.4,102.6,53.25,0.786,1795,3581
26.07,76.96,99.8,99.9,53.11,0.786,1807,3580
26.08,77.04,102.3,100.2,52.86,0.779,1799,3578
26.09,76.98,101.6,101.7,52.76,0.767,1795,3578
26.1,76.89,99.4,102.3,53.01,0.768,1793,3583
26.11,76.93,97.5,98.5,53,0.763,1798,3584
26.12,77,98.9,99.7,53.41,0.754,1799,3581
26.13,76.98,101.9,103.1,53.46,0.754,1802,3575
26.14,76.99,99.5,100.3,53.44,0.749,1806,3574
26.15,77.01,97.1,100.7,53.22,0.74,1802,3581
26.16,76.98,100.9,100.8,52.99,0.737,1796,3577
26.17,77.01,101.9,97.6,53.06,0.73,1802,3580
26.18,76.98,97.1,100.2,52.64,0.727,1802,3579
26.19,76.98,98.8,103.2,53.11,0.729,1807,3587
26.2,76.94,100.2,97.7,53.05,0.723,1803,3575
26.21,77.04,100,101.6,53.18,0.714,1792,3578
26.22,77,96.4,101.4,53,0.72,1792,3582
26.23,76.99,99.5,99.8,52.69,0.712,1799,3579
26.24,77.03,102.1,104.4,53.38,0.709,1809,3582
26.25,77.01,100,97.1,53,0.709,1809,3583
26.26,76.98,102.3,98.2,53.68,0.71,1791,3573
26.27,76.94,100.7,102.8,52.94,0.714,1815,3573
26.28,76.99,98.4,101.4,52.59,0.711,1808,3578
26.29,77,101.2,100.4,52.52,0.711,1803,3576
26.3,76.96,101.9,98.8,52.76,0.714,1804,3578
26.31,76.94,98,99,53.15,0.712,1806,3583
26.32,76.97,100,99.2,53.52,0.709,1803,3578
26.33,76.98,101.3,100.3,52.84,0.719,1802,3579
26.34,76.99,100.6,106.2,52.8,0.715,1793,3582
26.35,77,100.5,113,53.23,0.716,1809,3578
26.36,76.96,97.2,115.5,52.91,0.722,1792,3577
26.37,77.01,99.9,119.9,52.81,0.727,1799,3581
26.38,77,99.7,129.5,53.42,0.726,1812,3580
26.39,76.98,102.7,132.2,53.01,0.727,1801,3576
26.4,76.98,101,136.8,52.83,0.732,1804,3579
26.41,76.94,100.4,143.3,52.9,0.735,1808,3573
26.42,76.95,96.5,150.2,53.56,0.735,1803,3578
26.43,76.98,100.8,154.1,52.89,0.741,1793,3577
26.44,76.92,97.9,161,52.76,0.741,1802,3579
26.45,76.98,99.2,165.9,52.84,0.747,1792,3578
26.46,76.99,99.7,173.4,53.34,0.751,1800,3584
26.47,76.98,102.4,178.2,53.05,0.756,1796,3582
26.48,77,99.4,182.1,53.53,0.751,1784,3582
26.49,76.96,99.1,189.7,51.62,0.756,1800,3578
26.5,76.94,99.3,194.4,49.98,0.762,1788,3576
26.51,76.98,101.7,199.6,48.1,0.753,1803,3579
26.52,76.97,97.7,203.4,46.34,0.76,1798,3581
26.53,76.94,96.9,208.7,45.27,0.754,1799,3575
26.54,76.92,101.1,216.3,43.42,0.747,1807,3581
26.55,76.91,101.8,218.6,42.54,0.745,1798,3574
26.56,76.92,99,226.6,42.01,0.742,1799,3577
26.57,76.87,98.7,232.5,41.14,0.738,1816,3576
26.58,76.84,97.5,235.7,41.45,0.734,1806,3573
26.59,76.8,101,245.5,40.91,0.724,1796,3570
26.6,76.77,99.8,247.5,39.9,0.711,1804,3567
26.61,76.76,98,253.2,39.98,0.705,1804,3570
26.62,76.66,97.7,259.8,40.1,0.695,1803,3570
26.63,76.63,101.6,264.3,40.06,0.682,1807,3566
26.64,76.6,98.9,271.7,39.58,0.672,1800,3562
26.65,76.53,97.9,274.1,39.54,0.67,1805,3563
26.66,76.47,101.4,282.6,39.69,0.648,1791,3557
26.67,76.41,98.2,286.7,39.33,0.644,1809,3559
26.68,76.35,100.3,293.1,38.99,0.634,1807,3551
26.69,76.29,99.6,298.1,39.42,0.622,1809,3546
26.7,76.19,101.5,301.2,38.73,0.611,1803,3546
26.71,76.09,99.8,309.8,38.83,0.6,1796,3545
26.72,76.1,101.1,315.2,38.39,0.593,1806,3545
26.73,75.98,100.4,318.5,38.52,0.581,1798,3544
26.74,75.87,97.5,322.5,38.5,0.57,1800,3531
26.75,75.87,99.1,331,38.34,0.564,1811,3532
26.76,75.74,102.3,336.8,38.06,0.55,1790,3533
26.77,75.66,98.2,342,38.01,0.541,1794,3526
26.78,75.55,100.6,348.1,38.44,0.537,1796,3518
26.79,75.45,100.9,352,37.67,0.533,1802,3513
26.8,75.35,100,359.3,37.85,0.52,1789,3511
26.81,75.21,101.9,363.5,37.53,0.517,1793,3512
26.82,75.09,100.2,371.6,37.22,0.521,1803,3507
26.83,75,102.6,375.6,37.66,0.505,1803,3498
26.84,74.92,99.1,378.8,37.08,0.497,1803,3495
26.85,74.7,99.5,384.5,36.97,0.5,1797,3484
26.86,74.59,103.1,393.1,36.82,0.503,1791,3482
26.87,74.47,99.6,397.6,36.69,0.495,1796,3477
26.88,74.32,100.6,404.3,36.33,0.497,1808,3474
26.89,74.24,99.8,407.5,36.67,0.498,1796,3467
26.9,74.09,98,413,36.37,0.489,1793,3462
26.91,73.96,98.9,417.2,36.53,0.489,1804,3463
26.92,73.8,99.8,425,36.46,0.489,1807,3449
26.93,73.65,101.8,429.6,36.29,0.487,1802,3446
26.94,73.46,99.6,436.1,35.93,0.496,1809,3440
26.95,73.35,103,440.7,35.55,0.491,1808,3435
26.96,73.08,98.7,445,35.8,0.491,1791,3428
26.97,72.98,99.5,454.5,35.14,0.498,1800,3421
26.98,72.84,104,458.8,35.47,0.493,1804,3417
26.99,72.67,100.9,459.9,35.11,0.501,1807,3402
27,72.48,97.8,464.5,34.85,0.502,1803,3400
27.01,72.28,99.3,474.3,35.08,0.511,1807,3387
27.02,72.16,100.5,477.9,34.48,0.508,1797,3389
27.03,71.93,99.3,483.3,34.71,0.514,1789,3381
27.04,71.73,102.6,487.2,34.42,0.514,1797,3368
27.05,71.54,102.3,494.8,33.85,0.515,1799,3361
27.06,71.3,100,503.1,34.01,0.523,1805,3352
27.07,71.17,97.3,507.8,33.92,0.525,1800,3342
27.08,70.96,98.8,512.5,33.65,0.522,1796,3338
27.09,70.71,99.3,518.5,33.35,0.525,1800,3328
27.1,70.46,101.5,521,33.46,0.526,1806,3319
27.11,70.26,101.5,527.3,33.5,0.531,1800,3308
27.12,70.07,102.3,535.5,33.11,0.53,1796,3307
27.13,69.8,100.1,541.4,32.99,0.532,1804,3292
27.14,69.6,101.2,546.7,32.64,0.53,1795,3283
27.15,69.43,102.4,554.3,31.87,0.534,1795,3279
27.16,69.19,100.4,560.5,31.72,0.54,1802,3266
27.17,68.95,100.9,567.1,31.14,0.53,1803,3260
27.18,68.65,100.1,575,30.69,0.523,1802,3248
27.19,68.46,97.2,581.6,29.89,0.525,1809,3243
27.2,68.21,102.1,586.1,29.53,0.518,1806,3226
27.21,67.96,100.3,592.8,29.6,0.516,1809,3220
27.22,67.69,102.1,600.3,29.18,0.516,1813,3203
27.23,67.39,96.3,605.8,29.14,0.514,1796,3200
27.24,67.1,101.7,613,28.54,0.501,1796,3186
27.25,66.84,100.1,619.1,28.5,0.498,1804,3174
27.26,66.58,99,626.9,28.41,0.495,1793,3162
27.27,66.35,100,630.3,28.23,0.495,1795,3152
27.28,66.07,103.4,639.8,27.78,0.48,1797,3139
27.29,65.73,98.9,646,27.6,0.476,1797,3132
27.3,65.42,99.3,649.1,28.1,0.463,1802,3113
27.31,65.08,98,649.2,29.34,0.461,1804,3105
27.32,64.85,100.8,649.8,31.69,0.457,1802,3099
27.33,64.56,99.4,645.5,34.14,0.45,1798,3076
27.34,64.3,99.1,652.7,35.04,0.447,1797,3066
27.35,63.99,100.7,650.4,36.96,0.442,1796,3053
27.36,63.71,99.3,648.1,37.65,0.439,1802,3047
27.37,63.37,97.7,649.4,38.23,0.431,1804,3035
27.38,63.07,100.6,651.4,39,0.441,1803,3023
27.39,62.8,100.1,651.1,39.79,0.436,1799,3012
27.4,62.47,98.6,650.7,40.26,0.438,1807,3003
27.41,62.19,97.9,650.7,40.1,0.441,1802,2988
27.42,61.9,97.4,649.2,40.72,0.438,1805,2973
27.43,61.62,99.3,650.3,40.46,0.448,1803,2969
27.44,61.26,102,649.4,40.26,0.449,1809,2955
27.45,60.91,101.4,648.4,40.03,0.446,1800,2936
27.46,60.68,100.6,650.8,40.57,0.452,1798,2922
27.47,60.37,99.3,650.3,40.02,0.453,1805,2913
27.48,60.08,99.9,646.5,39.99,0.459,1803,2898
27.49,59.71,98.3,652.6,39.88,0.467,1801,2895
27.5,59.5,97.9,649.3,39.89,0.47,1798,2880
27.51,59.19,98.9,648.5,39.7,0.479,1800,2862
27.52,58.87,102.4,651.9,39.68,0.484,1808,2857
27.53,58.51,99.6,650,39.76,0.482,1800,2843
27.54,58.2,98.3,650.8,39.86,0.486,1791,2834
27.55,57.95,98,648.6,39.5,0.487,1793,2819
27.56,57.64,100.5,647.7,39.8,0.494,1803,2805
27.57,57.32,99,648.1,39.29,0.501,1800,2799
27.58,57.05,98.3,651.2,39.29,0.499,1797,2785
27.59,56.7,98.6,651,39.01,0.501,1801,2769
27.6,56.49,102.7,650.3,38.85,0.504,1805,2759
27.61,56.17,101.5,652,38.81,0.499,1801,2744
27.62,55.86,100.9,649.8,38.49,0.5,1794,2731
27.63,55.59,98.4,649.3,39.11,0.501,1796,2725
27.64,55.28,99.7,648.9,39.18,0.498,1803,2712
27.65,54.95,100,650.8,38.5,0.501,1793,2699
27.66,54.71,99.2,649.7,38.38,0.502,1804,2682
27.67,54.36,99.9,649.7,38.78,0.498,1796,2672
27.68,54.04,101.5,648.6,38.39,0.492,1808,2666
27.69,53.7,97.9,650.8,38.33,0.491,1793,2650
27.7,53.44,99,651.3,38.88,0.483,1793,2638
27.71,53.14,101.1,653.8,38.09,0.482,1802,2628
27.72,52.84,101.4,649.1,37.98,0.477,1801,2612
27.73,52.6,101.2,650.8,37.89,0.469,1787,2604
27.74,52.23,99.8,650.2,37.56,0.466,1799,2590
27.75,51.96,98.9,646.9,37.43,0.458,1802,2576
27.76,51.69,99,652.3,37.46,0.45,1792,2569
27.77,51.35,101.2,649.7,37.54,0.443,1790,2554
27.78,51.06,97.1,650.3,37.85,0.432,1791,2541
27.79,50.75,103.4,647.8,37.3,0.428,1807,2535
27.8,50.47,100.7,651.5,37.14,0.419,1808,2511
27.81,50.12,98.7,652,36.89,0.407,1801,2507
27.82,49.85,100.4,649,36.93,0.407,1802,2497
27.83,49.58,100.8,651,36.86,0.397,1804,2483
27.84,49.23,101.3,649.4,37.05,0.384,1802,2466
27.85,48.9,101,651.3,36.86,0.38,1801,2457
27.86,48.69,101,651.3,37.02,0.364,1795,2448
27.87,48.36,99.8,650.8,36.7,0.356,1799,2432
27.88,48.04,98.3,648.9,36.45,0.351,1810,2425
27.89,47.72,99.4,650,36.53,0.34,1800,2415
27.9,47.45,97.3,651.8,36.66,0.329,1795,2400
27.91,47.18,101.5,648.2,36.27,0.329,1797,2383
27.92,46.83,100.8,652.3,35.98,0.312,1800,2376
27.93,46.58,100.5,646.9,35.79,0.31,1804,2368
27.94,46.24,101.3,645.8,36.45,0.295,1804,2353
27.95,46.01,101.8,648.8,36.43,0.298,1816,2342
27.96,45.6,100,648.2,35.5,0.284,1793,2326
27.97,45.39,101.7,649.3,35.53,0.276,1801,2315
27.98,45.03,101.5,649.9,35.83,0.272,1795,2306
27.99,44.83,99.8,650.1,35.43,0.268,1794,2285
28,44.47,100.2,651.1,35.92,0.257,1814,2273
28.01,44.17,98.2,651.6,35.66,0.254,1803,2269
28.02,43.89,102,648.7,35.53,0.246,1792,2252
28.03,43.59,99.5,648.4,35.3,0.238,1801,2245
28.04,43.25,100.5,650.8,34.85,0.233,1802,2231
28.05,42.97,102.6,649.8,34.92,0.233,1808,2219
28.06,42.67,101.5,650.1,34.92,0.22,1799,2208
28.07,42.38,101,647.6,34.69,0.217,1786,2192
28.08,42.02,99.5,653.3,34.79,0.217,1794,2184
28.09,41.8,101.7,650.5,34.82,0.212,1807,2170
28.1,41.38,100.4,648,34.79,0.208,1801,2155
28.11,41.18,100.6,652.8,35.11,0.207,1797,2142
28.12,40.85,99.4,650.9,34.76,0.2,1796,2136
28.13,40.5,100,653,34.48,0.196,1796,2122
28.14,40.27,100.4,649,34.53,0.197,1808,2105
28.15,39.99,99.3,651.6,34.24,0.193,1806,2102
28.16,39.64,101.4,651.7,34.23,0.194,1802,2084
28.17,39.33,100.1,651.9,34.1,0.192,1799,2075
28.18,39.07,100.1,649.5,34.28,0.186,1792,2059
28.19,38.77,101.7,650.1,34.1,0.186,1801,2049
28.2,38.44,99.5,648.2,33.66,0.182,1799,2036
28.21,38.16,101.1,650.2,33.84,0.18,1804,2027
28.22,37.84,99.7,651.5,33.78,0.174,1801,2013
28.23,37.53,97.8,649.3,33.15,0.174,1804,1999
28.24,37.23,98.9,650.8,33.58,0.17,1806,1993
28.25,36.99,101.3,650.8,33.27,0.168,1795,1978
28.26,36.66,99.5,647.9,32.71,0.165,1803,1966
28.27,36.37,99.3,650.3,32.74,0.162,1807,1959
28.28,36.06,101,649.3,32.55,0.161,1802,1942
28.29,35.8,99.8,651.1,33.24,0.155,1793,1930
28.3,35.44,98.7,650.5,32.7,0.152,1797,1922
28.31,35.14,100.3,651.7,33.17,0.149,1803,1907
28.32,34.91,101.7,652.5,32.14,0.147,1801,1893
28.33,34.56,99,647.2,32.55,0.142,1800,1878
28.34,34.26,97.6,649.1,32.26,0.141,1795,1872
28.35,33.96,98.7,649.4,32.63,0.138,1808,1852
28.36,33.7,97.9,648.5,32.71,0.138,1800,1842
28.37,33.36,100.9,652.2,32.31,0.136,1803,1837
28.38,33,101.3,647.8,32.22,0.128,1792,1819
28.39,32.77,99.7,649.3,32.07,0.127,1800,1813
28.4,32.45,99.9,650,32.2,0.124,1799,1792
28.41,32.14,101.5,651.7,31.57,0.112,1803,1789
28.42,31.86,99.5,651.7,31.72,0.11,1807,1769
28.43,31.59,100.7,649.6,31.49,0.107,1795,1760
28.44,31.25,97.1,650.8,31.86,0.107,1788,1750
28.45,30.97,99.8,646.8,31.17,0.098,1806,1739
28.46,30.69,97.8,649.8,31.18,0.094,1803,1727
28.47,30.38,100.3,647.7,31.39,0.089,1801,1714
28.48,30.06,103.3,649.6,31.49,0.079,1805,1707
28.49,29.77,102.2,649.7,30.77,0.078,1803,1685
28.5,29.51,100.9,652,30.83,0.072,1800,1682
28.51,29.17,99.4,650.2,30.72,0.069,1791,1668
28.52,28.86,98.9,648.4,30.87,0.059,1800,1655
28.53,28.6,100.2,648,30.71,0.061,1799,1641
28.54,28.27,100.6,649.7,30.86,0.052,1801,1630
28.55,27.96,99.5,650.1,31.17,0.047,1805,1620
28.56,27.67,99.6,651.7,30.57,0.043,1797,1606
28.57,27.35,99.4,649,30.31,0.034,1796,1599
28.58,27.1,98.3,648.5,30.63,0.032,1801,1586
28.59,26.72,99.8,649.4,29.98,0.021,1797,1571
28.6,26.46,96.5,648.5,30.06,0.019,1795,1556
28.61,26.15,102.6,650.6,29.81,0.013,1790,1549
28.62,25.86,99,649,30.58,0.01,1796,1539
28.63,25.54,101.4,650.4,29.92,0.004,1806,1524
28.64,25.29,101.8,650.1,30.06,-0.012,1800,1514
28.65,24.94,100.2,650.1,29.73,-0.009,1795,1494
28.66,24.68,99.3,647.7,29.61,-0.013,1803,1489
28.67,24.36,99.8,651.1,29.96,-0.022,1803,1470
28.68,24.09,99.9,650.9,29.47,-0.024,1803,1465
28.69,23.74,100.3,650.8,29.53,-0.028,1806,1451
28.7,23.48,100.1,650,29.3,-0.03,1809,1439
28.71,23.12,100.6,648.1,29.23,-0.039,1799,1424
28.72,22.8,99.3,647.3,29,-0.049,1804,1415
28.73,22.55,100.4,648.7,29.59,-0.045,1814,1398
28.74,22.29,99,652.2,29.62,-0.055,1801,1389
28.75,21.98,99.9,647.9,28.75,-0.063,1796,1379
28.76,21.62,98.9,649.8,28.49,-0.06,1793,1362
28.77,21.35,103.5,650.4,28.67,-0.066,1795,1360
28.78,21.09,97.2,651.6,28.75,-0.07,1794,1346
28.79,20.8,100.2,650.2,28.49,-0.074,1798,1331
28.8,20.5,100.7,648.3,28.71,-0.076,1806,1315
28.81,20.17,100.3,650.4,28.49,-0.085,1801,1304
28.82,19.86,100.4,649.2,27.49,-0.093,1798,1294
28.83,19.58,101.2,649.1,27.86,-0.092,1800,1281
28.84,19.27,101.4,651.3,28.08,-0.1,1800,1270
28.85,18.96,98,648.4,27.71,-0.103,1801,1254
28.86,18.67,98.7,652.5,27.89,-0.11,1805,1249
28.87,18.38,102.3,635.7,31.4,-0.111,1805,1233
28.88,18.06,100.2,620.9,35.94,-0.111,1798,1217
28.89,17.79,99.9,609.6,40.22,-0.114,1796,1213
28.9,17.49,96.8,593.8,44.34,-0.119,1795,1197
28.91,17.24,98.9,585.3,47.68,-0.118,1802,1188
28.92,16.97,100.5,567,51.13,-0.116,1801,1174
28.93,16.74,101.4,552.8,52.75,-0.114,1795,1171
28.94,16.48,98.9,542,54.57,-0.106,1800,1162
28.95,16.23,99.3,528.3,55.68,-0.094,1805,1152
28.96,16.01,97.8,512.8,56.92,-0.094,1806,1139
28.97,15.84,99.9,499.1,57.56,-0.081,1800,1131
28.98,15.55,100.5,484.7,58.24,-0.074,1799,1118
28.99,15.33,100,473.8,59.47,-0.065,1809,1115
29,15.14,98.9,457.7,59.5,-0.057,1800,1107
29.01,14.94,100.1,442.9,60.14,-0.045,1806,1096
29.02,14.86,99.2,430.8,59.79,-0.034,1804,1095
29.03,14.65,99.7,415.1,60.07,-0.024,1793,1087
29.04,14.46,98.9,401.2,60.59,-0.013,1807,1076
29.05,14.34,101.7,388.4,60.52,-0.004,1799,1073
29.06,14.16,99.5,376.1,60.92,0.009,1803,1073
29.07,14.03,99.9,360.2,61.33,0.016,1796,1057
29.08,13.95,99,346.9,61.16,0.029,1800,1059
29.09,13.82,98.6,332.5,61.49,0.035,1805,1053
29.1,13.74,100.5,318.9,61.84,0.047,1797,1047
29.11,13.64,99.2,304.1,61.68,0.047,1795,1050
29.12,13.54,100.8,294.1,62.25,0.063,1792,1042
29.13,13.43,99.6,278.6,62.48,0.067,1787,1032
29.14,13.39,98.8,266.1,62.22,0.074,1803,1034
29.15,13.28,100.7,250.4,63.06,0.08,1798,1038
29.16,13.24,99.1,237.7,62.89,0.093,1798,1034
29.17,13.22,98.5,221.1,63.1,0.092,1803,1028
29.18,13.25,99.1,208.7,63.59,0.095,1798,1029
29.19,13.15,99.3,194.1,63.65,0.101,1801,1028
29.2,13.11,99,182.6,63.8,0.105,1784,1028
29.21,13.12,98.3,169.6,61.26,0.1,1801,1028
29.22,13.13,100.7,156,56.55,0.101,1790,1026
29.23,13.12,98.6,141.6,51.89,0.098,1799,1026
29.24,13.12,102.3,128.3,47.96,0.089,1799,1027
29.25,13.09,100,113.1,44.44,0.084,1804,1025
29.26,13.14,99.4,100.1,41.99,0.077,1792,1029
29.27,13.07,100.7,96.8,39.43,0.062,1800,1027
29.28,13.11,99.8,96.2,38.22,0.056,1799,1027
29.29,13.07,103,100,36.73,0.038,1797,1026
29.3,13.12,97.6,100.3,36.38,0.027,1794,1024
29.31,13.11,102.5,104.8,35.82,0.01,1792,1019
29.32,13.08,98.4,100.5,35.18,-0.012,1813,1027
29.33,13.12,99.9,99.9,35.05,-0.02,1794,1025
29.34,13.1,100.5,100,34.74,-0.038,1798,1029
29.35,13.08,102.1,102,34.41,-0.055,1796,1025
29.36,13.09,99.1,100.2,34.41,-0.083,1796,1029
29.37,13.13,100.5,100.1,34.06,-0.1,1799,1023
29.38,13.1,97.8,100.2,34.18,-0.121,1797,1026
29.39,13.11,99.2,99,34.2,-0.144,1800,1023
29.4,13.09,99.3,99.7,34.12,-0.159,1803,1024
29.41,13.06,100.9,103.3,33.88,-0.178,1799,1026
29.42,13.12,97.6,99.3,34.12,-0.195,1793,1022
29.43,13.13,102.4,101.3,34.19,-0.218,1790,1030
29.44,13.1,99.5,98,34.13,-0.227,1789,1031
29.45,13.09,101.3,100.6,33.73,-0.246,1802,1023
29.46,13.16,100.4,101.5,33.86,-0.26,1803,1025
29.47,13.15,101.7,100.5,34.15,-0.272,1802,1023
29.48,13.18,98.9,103.3,34.21,-0.291,1799,1020
29.49,13.15,98.7,98.8,33.53,-0.298,1792,1029
29.5,13.13,99.4,100.5,33.67,-0.31,1799,1024
29.51,13.08,98.8,99.3,33.85,-0.32,1798,1026
29.52,13.11,99.3,97.6,33.98,-0.334,1797,1024
29.53,13.09,97.9,101.6,34.22,-0.333,1806,1024
29.54,13.05,101.9,98.7,33.79,-0.341,1802,1031
29.55,13.12,96.8,100.5,34.24,-0.343,1789,1026
29.56,13.11,100.1,99.4,33.88,-0.351,1806,1025
29.57,13.12,100.7,99.9,33.97,-0.349,1799,1024
29.58,13.15,103,100.2,34.36,-0.346,1783,1027
29.59,13.16,100.9,100.5,33.91,-0.348,1789,1026
29.6,13.07,100.4,102.6,33.58,-0.348,1808,1025
29.61,13.13,102.3,100,33.78,-0.347,1799,1026
29.62,13.07,101.5,100.8,33.85,-0.342,1793,1027
29.63,13.16,99.4,103,33.86,-0.338,1804,1021
29.64,13.14,95.8,101.5,33.78,-0.332,1809,1023
29.65,13.11,101.1,98.9,33.63,-0.326,1795,1023
29.66,13.09,102.7,98.2,34.11,-0.317,1799,1023
29.67,13.07,97.8,101.3,33.97,-0.307,1806,1026
29.68,13.12,99.4,98.8,33.75,-0.302,1801,1023
29.69,13.09,99.3,101.2,33.79,-0.297,1799,1024
29.7,13.11,98.8,97.9,33.99,-0.283,1796,1024
29.71,13.07,99.2,102.5,34.55,-0.276,1796,1023
29.72,13.1,101,100.3,33.63,-0.27,1801,1025
29.73,13.11,100.3,101.6,34.07,-0.256,1791,1026
29.74,13.1,95.8,101.5,33.99,-0.251,1798,1025
29.75,13.15,101.2,99.7,33.5,-0.239,1797,1025
29.76,13.06,98.3,100.1,34.01,-0.228,1804,1021
29.77,13.13,100.3,100.2,34.24,-0.215,1782,1027
29.78,13.11,101.9,100.9,34.1,-0.207,1801,1023
29.79,13.11,101.6,100.2,33.96,-0.199,1800,1027
29.8,13.13,102.1,98.6,33.52,-0.195,1800,1022
29.81,13.1,98.3,98.3,34.42,-0.182,1799,1023
29.82,13.14,99.7,99.4,33.77,-0.178,1805,1027
29.83,13.12,100.9,101.6,34.34,-0.167,1805,1023
29.84,13.07,100.4,98.6,33.63,-0.162,1813,1020
29.85,13.05,99.4,99.7,33.83,-0.159,1796,1023
29.86,13.08,101.2,100.6,34.21,-0.15,1803,1024
29.87,13.09,99.6,98.5,33.69,-0.144,1796,1026
29.88,13.08,98.2,101.9,33.9,-0.144,1798,1018
29.89,13.11,100.4,99.7,33.71,-0.141,1813,1025
29.9,13.07,100.4,100,34.33,-0.138,1794,1023
29.91,13.1,101,100.2,34.21,-0.132,1807,1025
29.92,13.14,103.2,99.2,33.38,-0.136,1806,1022
29.93,13.08,100.8,97.9,33.83,-0.134,1805,1027
29.94,13.14,101.9,100.9,34.03,-0.132,1796,1026
29.95,13.11,100.3,99.7,33.89,-0.135,1799,1025
29.96,13.11,99.9,99.6,34.2,-0.132,1794,1020
29.97,13.1,99.8,100.4,34.11,-0.139,1807,1027
29.98,13.08,101.8,100.3,33.73,-0.136,1814,1023
29.99,13.07,99.1,99.5,33.8,-0.136,1806,1029
30,13.13,98.6,101.4,33.72,-0.138,1802,1029
30.01,13.09,102.1,100.1,33.98,-0.142,1804,1024
30.02,13.1,98.4,97.7,33.95,-0.146,1812,1030
30.03,13.11,101,102.8,33.56,-0.15,1794,1026
30.04,13.13,99.6,99.9,34.11,-0.149,1800,1023
30.05,13.17,100,97.6,33.9,-0.156,1811,1026
30.06,13.14,98.9,98.2,33.7,-0.163,1788,1024
30.07,13.08,97.9,100.4,33.88,-0.168,1791,1027
30.08,13.13,100.1,98.4,33.65,-0.171,1798,1028
30.09,13.11,100.9,100.8,33.55,-0.177,1803,1035
30.1,13.13,99.6,101,34.33,-0.182,1801,1030
30.11,13.09,100.5,98.9,33.47,-0.19,1789,1025
30.12,13.1,99.8,98.8,34,-0.185,1802,1020
30.13,13.08,100.4,101.1,33.91,-0.202,1804,1023
30.14,13.09,102.8,102,33.73,-0.202,1794,1024
30.15,13.1,101.4,100.9,34.17,-0.202,1800,1018
30.16,13.11,103.9,100.2,34.07,-0.201,1808,1024
30.17,13.17,99.7,101.4,33.88,-0.208,1806,1019
30.18,13.07,98.1,98.1,33.71,-0.215,1796,1021
30.19,13.05,100.6,102.5,33.72,-0.219,1796,1023
30.2,13.11,99.9,98.9,33.91,-0.219,1802,1023
30.21,13.06,100,99.2,34.1,-0.229,1801,1022
30.22,13.13,98.7,101.5,33.97,-0.224,1801,1024
30.23,13.08,99.2,99.9,33.76,-0.231,1799,1022
30.24,13.06,98.1,101.2,33.96,-0.237,1806,1024
30.25,13.13,101.4,98.6,33.72,-0.237,1802,1027
30.26,13.1,103.4,101.5,34.08,-0.236,1811,1023
30.27,13.13,101.2,99.7,33.83,-0.239,1806,1026
30.28,13.1,99.9,100.7,34.43,-0.237,1792,1023
30.29,13.09,101.6,100.9,33.93,-0.234,1804,1028
30.3,13.11,99,100.1,34.18,-0.239,1805,1023
30.31,13.09,100.7,98.5,33.76,-0.243,1799,1026
30.32,13.1,101.5,103,33.95,-0.237,1800,1022
30.33,13.06,100,100.3,33.91,-0.24,1807,1025
30.34,13.08,101.6,99.1,33.64,-0.239,1799,1027
30.35,13.17,98.9,100.4,34.01,-0.238,1802,1027
30.36,13.11,99.8,100.1,34.62,-0.232,1787,1021
30.37,13.09,114.2,99.5,34.17,-0.24,1804,1023
30.38,13.12,136,99.6,34.09,-0.23,1800,1021
30.39,13.09,150.9,100.6,34,-0.229,1807,1024
30.4,13.12,165.6,99.1,33.54,-0.236,1795,1025
30.41,13.09,183.8,100.4,33.77,-0.225,1809,1024
30.42,13.15,199,100.3,37.39,-0.219,1808,1025
30.43,13.12,216.7,99.6,42.13,-0.222,1801,1025
30.44,13.08,233.7,101,47.02,-0.215,1804,1024
30.45,13.16,247.6,97.2,51.31,-0.208,1786,1021
30.46,13.18,266,98.4,55.25,-0.2,1813,1028
30.47,13.18,280.9,97.4,58.38,-0.191,1806,1029
30.48,13.21,297.5,100.6,61.15,-0.186,1797,1031
30.49,13.32,313.8,100.6,64.68,-0.175,1794,1027
30.5,13.36,331.7,101.6,66.28,-0.163,1806,1038
30.51,13.42,348.1,101.4,68.12,-0.145,1791,1039
30.52,13.57,363.6,99.2,69.49,-0.136,1797,1043
30.53,13.58,377.7,100.9,71.1,-0.124,1809,1043
30.54,13.76,398.3,100.4,72.06,-0.111,1802,1047
30.55,13.77,412,100.5,73.32,-0.087,1803,1050
30.56,13.92,429.1,101.9,74.17,-0.072,1790,1055
30.57,14.05,447.5,98,75.2,-0.066,1800,1063
30.58,14.22,464.8,99.5,76.53,-0.047,1795,1066
30.59,14.34,476.4,100.8,77.81,-0.025,1791,1071
30.6,14.49,497.8,100.2,78.59,-0.013,1803,1076
30.61,14.65,514.1,100.8,79.59,0.008,1805,1084
30.62,14.84,528.1,103,80.22,0.018,1787,1086
30.63,14.99,544.1,98.1,81.49,0.037,1797,1101
30.64,15.19,562.2,102.5,81.94,0.05,1806,1106
30.65,15.41,578.6,99.1,82.62,0.064,1800,1113
30.66,15.55,593.4,100,84.29,0.072,1797,1122
30.67,15.8,612.8,100.3,85.04,0.088,1794,1132
30.68,15.97,629.2,99.4,85.77,0.098,1787,1140
30.69,16.2,646,100.1,86.42,0.109,1797,1154
30.7,16.48,650.9,100.2,85.51,0.123,1811,1163
30.71,16.73,651.7,97.3,82.06,0.132,1798,1169
30.72,16.99,652.8,101.6,78.03,0.139,1801,1176
30.73,17.2,650.4,99.8,74.26,0.141,1795,1188
30.74,17.48,648.3,99.6,70.95,0.144,1799,1198
30.75,17.67,649.8,101.6,68.58,0.14,1798,1209
30.76,17.95,649.1,100.6,66.08,0.137,1818,1219
30.77,18.19,648.9,99.2,65.04,0.146,1787,1225
30.78,18.46,648.5,102.9,63.69,0.134,1800,1240
30.79,18.74,650.2,100.8,62.69,0.128,1803,1245
30.8,18.98,648,97.9,62.25,0.111,1795,1253
30.81,19.17,647,99.2,62.13,0.105,1803,1266
30.82,19.49,652.5,98.2,61.86,0.094,1793,1272
30.83,19.69,650.9,101.2,61.01,0.084,1805,1291
30.84,19.93,649.7,99,61.17,0.078,1799,1292
30.85,20.13,650.4,101.6,61.35,0.054,1804,1311
30.86,20.46,648.5,103.1,61.21,0.041,1801,1321
30.87,20.7,651,100.6,60.94,0.032,1804,1326
30.88,20.92,654,102,61.67,0.011,1800,1335
30.89,21.19,649.6,99.9,60.68,-0.002,1803,1352
30.9,21.39,649.8,101.9,61.71,-0.023,1804,1353
30.91,21.66,653.7,100.5,61.98,-0.032,1797,1371
30.92,21.92,649.4,100.2,61.53,-0.047,1798,1375
30.93,22.22,649.5,100.9,61.55,-0.068,1797,1386
30.94,22.45,649.1,101,61.86,-0.076,1807,1396
30.95,22.72,650.6,102.4,61.41,-0.094,1799,1414
30.96,22.92,651.4,100.6,61.77,-0.107,1808,1420
30.97,23.18,647.2,98.3,61.48,-0.117,1801,1422
30.98,23.45,650.8,99,61.68,-0.126,1790,1440
30.99,23.68,650.4,100.6,61.77,-0.134,1806,1446
31,23.91,648.5,96.2,61.97,-0.142,1799,1455
31.01,24.23,651.3,102.5,62.01,-0.155,1804,1470
31.02,24.42,648.3,98.7,62.36,-0.152,1797,1469
31.03,24.73,649.7,101.2,62.27,-0.161,1787,1487
31.04,24.94,652.4,99.3,62.03,-0.17,1805,1496
31.05,25.2,648,103,62.57,-0.174,1794,1508
31.06,25.44,650.8,101.3,62.11,-0.175,1798,1518
31.07,25.67,651.3,100.8,62.41,-0.173,1797,1532
31.08,25.92,649.1,99.2,62.29,-0.168,1814,1538
31.09,26.15,649.2,101.4,62.38,-0.164,1799,1545
31.1,26.41,651,98.8,62.54,-0.161,1808,1559
31.11,26.76,650.7,103.3,62.74,-0.159,1795,1565
31.12,26.95,649.8,100.8,62.81,-0.151,1794,1576
31.13,27.18,649.4,100.7,63.03,-0.146,1813,1591
31.14,27.45,650.1,102.2,63.63,-0.143,1801,1599
31.15,27.64,647,103.4,62.9,-0.127,1800,1610
31.16,27.96,649.2,99.2,63.14,-0.116,1808,1618
31.17,28.21,649.5,99.9,62.96,-0.11,1803,1628
31.18,28.44,647,97.8,63.08,-0.1,1797,1643
31.19,28.67,651,98.2,63.77,-0.086,1792,1646
31.2,28.89,650.8,102.2,63.64,-0.073,1797,1660
31.21,29.19,651.9,100.4,63.75,-0.06,1788,1669
31.22,29.44,647.7,96.4,64.35,-0.045,1805,1678
31.23,29.72,647.4,102.1,63.74,-0.033,1805,1689
31.24,29.9,648.4,100,64,-0.022,1797,1697
31.25,30.18,652,100.1,63.69,-0.011,1802,1704
31.26,30.42,637.6,98.6,61.92,0.003,1802,1717
31.27,30.63,630.4,98.2,58.84,0.01,1794,1728
31.28,30.96,617.5,100.9,56.03,0.024,1796,1732
31.29,31.17,609.4,101.4,53.28,0.038,1806,1746
31.3,31.39,599.5,97.8,51.11,0.045,1798,1757
31.31,31.62,592.5,100.2,49.54,0.056,1803,1765
31.32,31.79,582.6,101.8,47.56,0.066,1801,1772
31.33,32.07,570.7,100.1,46.17,0.073,1797,1783
31.34,32.29,561.5,100.8,45.22,0.08,1793,1787
31.35,32.47,553.4,98.5,44.28,0.085,1799,1796
31.36,32.66,540.3,100.9,43.45,0.088,1809,1804
31.37,32.85,531,98.3,42.62,0.091,1802,1812
31.38,33.06,522.2,99.2,42.35,0.092,1798,1821
31.39,33.26,513.6,98.8,41.13,0.096,1814,1829
31.4,33.46,502.4,99.8,40.97,0.093,1797,1835
31.41,33.64,493.6,100.3,40,0.098,1807,1845
31.42,33.78,482.2,98.7,39.73,0.094,1805,1850
31.43,33.99,472.1,99,39.04,0.089,1802,1861
31.44,34.12,461.1,100.6,38.56,0.09,1807,1866
31.45,34.27,450.3,101.5,38.72,0.091,1798,1874
31.46,34.41,440.3,102.6,37.57,0.089,1793,1875
31.47,34.61,431,102.4,37.49,0.079,1802,1885
31.48,34.68,422.2,100.4,36.63,0.083,1800,1891
31.49,34.83,413.3,99.9,36.67,0.076,1809,1892
31.5,34.97,404.9,100.5,36.19,0.065,1794,1899
31.51,35.08,393.3,102.1,35.92,0.065,1799,1900
31.52,35.21,382,100.7,34.38,0.056,1797,1905
31.53,35.29,372.6,100.7,34.37,0.054,1801,1909
31.54,35.4,366.5,99.3,34.3,0.055,1806,1911
31.55,35.49,353.3,100.9,33.4,0.038,1809,1924
31.56,35.6,342.4,97.1,32.75,0.036,1801,1924
31.57,35.67,332,97,32.09,0.034,1799,1927
31.58,35.74,322.9,102.4,31.51,0.03,1796,1935
31.59,35.91,311.4,98.5,31,0.026,1799,1938
31.6,35.97,302.5,99.1,30.57,0.019,1796,1939
31.61,36.04,293.6,103.2,29.97,0.017,1802,1940
31.62,36.1,281.1,100.1,29.77,0.017,1803,1944
31.63,36.12,275.7,99.3,29.19,0.012,1797,1948
31.64,36.15,263.4,102.8,29.11,0.009,1794,1949
31.65,36.25,253.5,100.6,27.96,0.009,1807,1951
31.66,36.23,245.5,96.6,27.76,0.003,1805,1953
31.67,36.3,233.3,102.1,27.63,0.001,1800,1953
31.68,36.37,224.5,100.8,26.63,-0.002,1797,1956
31.69,36.35,215.9,98.7,25.96,0.001,1798,1959
31.7,36.43,207.4,100.8,25.76,-0.002,1809,1960
31.71,36.44,196.3,99.2,25.07,-0.002,1792,1958
31.72,36.43,186,98.9,24.66,0,1797,1958
31.73,36.43,174.2,99.1,25.72,-0.002,1797,1955
31.74,36.4,164.1,96.9,28.08,-0.005,1793,1958
31.75,36.45,154.8,100.4,29.93,0.001,1802,1961
31.76,36.41,145.2,98,32.27,0.005,1790,1960
31.77,36.5,139,100.6,34.34,0.005,1801,1959
31.78,36.5,125.4,98.9,35.76,0.013,1788,1956
31.79,36.51,115.4,101.1,36.78,0.014,1813,1958
31.8,36.5,103.7,101,38.18,0.029,1796,1961
31.81,36.48,100.3,102.2,39.09,0.032,1795,1956
31.82,36.5,102,98.2,39.42,0.038,1806,1956
31.83,36.44,101.6,99.7,39.78,0.046,1800,1957
31.84,36.45,100.4,97.9,40.12,0.053,1797,1956
31.85,36.42,99,100.7,40.51,0.065,1795,1955
31.86,36.45,98.7,99.1,40.93,0.072,1803,1956
31.87,36.51,102,99.3,40.32,0.087,1793,1959
31.88,36.49,98.1,99.6,40.74,0.09,1810,1957
31.89,36.47,100.8,97.4,40.69,0.096,1800,1961
31.9,36.45,96.8,98.6,40.92,0.109,1792,1960
31.91,36.45,98.7,98.8,40.37,0.122,1806,1964
31.92,36.45,102.3,99.4,41.07,0.132,1797,1954
31.93,36.47,97.6,97,41.19,0.132,1801,1958
31.94,36.47,99.4,100.3,40.57,0.151,1793,1962
31.95,36.53,101.9,102.9,40.67,0.159,1807,1957
31.96,36.46,96.6,99.1,40.81,0.164,1801,1959
31.97,36.45,102.5,101.7,40.69,0.172,1806,1962
31.98,36.49,97.2,97.1,41,0.181,1795,1956
31.99,36.48,101.3,99.5,40.96,0.188,1788,1958
32,36.44,101.5,98.8,40.94,0.195,1799,1954
32.01,36.47,104.9,100,41.04,0.197,1795,1957
32.02,36.47,99.9,100.5,40.69,0.202,1800,1956
32.03,36.46,97.3,100.6,41.07,0.207,1802,1965
32.04,36.46,100.8,99.9,40.67,0.21,1804,1958
32.05,36.5,99.3,99.2,41.11,0.217,1804,1956
32.06,36.49,100.1,99.9,40.77,0.211,1803,1954
32.07,36.43,100.4,98.2,40.79,0.22,1796,1956
32.08,36.43,99,99.1,41.34,0.215,1796,1956
32.09,36.5,98.6,99.3,40.75,0.218,1800,1954
32.1,36.51,100.7,99.2,41.17,0.221,1799,1958
32.11,36.48,100.5,101.4,41.05,0.215,1808,1959
32.12,36.47,98.7,98.4,40.8,0.221,1800,1960
32.13,36.46,101.4,98.9,40.75,0.214,1791,1960
32.14,36.47,99.8,102.9,41.1,0.213,1806,1957
32.15,36.44,101.2,98.9,41.21,0.213,1790,1961
32.16,36.45,101.3,98.3,40.88,0.206,1791,1959
32.17,36.5,99.2,99.5,40.97,0.206,1801,1951
32.18,36.45,101.1,101.1,40.75,0.206,1799,1959
32.19,36.51,99.4,99,40.56,0.196,1805,1957
32.2,36.5,98.9,99,40.92,0.192,1807,1958
32.21,36.5,97.7,97.2,41.15,0.197,1796,1960
32.22,36.5,100.6,102.6,41.19,0.189,1804,1956
32.23,36.46,101,97.7,40.76,0.181,1795,1955
32.24,36.41,99.7,100.5,40.6,0.177,1808,1956
32.25,36.45,100.9,100.8,41.3,0.167,1800,1960
32.26,36.44,100.7,100.5,40.77,0.165,1794,1961
32.27,36.44,100.6,100.9,40.6,0.162,1800,1960
32.28,36.45,102.1,98.7,40.89,0.157,1800,1956
32.29,36.5,99.8,101.2,41.2,0.151,1790,1957
32.3,36.48,99.5,96.5,40.99,0.145,1797,1957
32.31,36.45,100.5,100.9,40.93,0.147,1795,1962
32.32,36.47,100.6,102.9,41.01,0.143,1794,1958
32.33,36.48,100.3,100.8,40.95,0.135,1808,1970
32.34,36.43,99.2,100.7,41.06,0.133,1789,1959
32.35,36.45,103.9,101.2,40.94,0.125,1797,1958
32.36,36.51,98.3,99.1,41.1,0.121,1803,1959
32.37,36.49,99.7,103.6,40.94,0.122,1804,1956
32.38,36.46,101.2,98.9,40.45,0.123,1809,1961
32.39,36.48,101.3,105.1,40.65,0.122,1798,1960
32.4,36.51,100.1,100.8,40.45,0.114,1799,1961
32.41,36.45,100.5,102.7,41.19,0.117,1805,1962
32.42,36.52,100.5,100.8,40.3,0.112,1808,1962
32.43,36.47,99.5,98.9,40.96,0.109,1800,1960
32.44,36.46,99.4,101,40.98,0.112,1806,1956
32.45,36.46,99.6,100,41.13,0.112,1805,1963
32.46,36.47,99.5,101,40.59,0.11,1800,1959
32.47,36.48,100.2,102,40.82,0.112,1797,1963
32.48,36.45,99.9,101.2,40.97,0.111,1793,1961
32.49,36.46,98.8,101.7,41.05,0.113,1793,1961
32.5,36.53,99.6,101,41,0.113,1798,1952
32.51,36.45,98.5,100.5,41.04,0.118,1808,1963
32.52,36.47,100.8,98.4,41.04,0.116,1809,1956
32.53,36.49,100.3,100.6,40.83,0.112,1799,1959
32.54,36.44,101.7,100.1,41.02,0.12,1796,1954
32.55,36.46,102.5,100.3,41.08,0.122,1793,1963
32.56,36.43,100,98.1,40.94,0.124,1800,1954
32.57,36.46,99.5,101.7,40.94,0.128,1796,1961
32.58,36.51,101.6,98.5,41.22,0.129,1798,1958
32.59,36.51,101.7,99.7,41.52,0.13,1803,1952
32.6,36.45,98.3,99.3,41.03,0.13,1805,1959
32.61,36.45,101.3,101.3,41.03,0.134,1806,1958
32.62,36.46,101.4,101,41.42,0.129,1808,1959
32.63,36.46,99.8,99.7,40.91,0.138,1794,1960
32.64,36.39,98.7,100.2,41.07,0.145,1798,1956
32.65,36.43,99.7,101.1,41.31,0.146,1810,1958
32.66,36.47,98.9,100.4,41.39,0.151,1796,1958
32.67,36.46,100,98.6,41.06,0.144,1799,1957
32.68,36.47,100.1,101.1,40.73,0.154,1802,1961
32.69,36.45,100.3,100.3,40.73,0.154,1798,1959
32.7,36.43,100,97.7,41.19,0.152,1787,1963
32.71,36.44,102.3,100.7,40.66,0.155,1803,1955
32.72,36.51,102,98.7,40.68,0.158,1803,1956
32.73,36.49,98.7,98.9,41.03,0.161,1802,1960
32.74,36.48,102.2,101.5,41.3,0.158,1788,1958
32.75,36.49,100.5,100.5,40.88,0.167,1795,1956
32.76,36.51,107,100.6,40.61,0.161,1806,1960
32.77,36.45,116.4,100.6,41.17,0.158,1806,1960
32.78,36.48,124.9,100.9,41.07,0.163,1805,1963
32.79,36.5,132.1,98.8,41.16,0.169,1805,1960
32.8,36.47,140.7,100.7,40.92,0.16,1808,1958
32.81,36.45,149.3,100.3,41.34,0.161,1802,1958
32.82,36.46,158.1,99.2,40.87,0.166,1800,1959
32.83,36.45,166.7,98.3,40.86,0.166,1799,1957
32.84,36.51,173.2,99.6,40.96,0.163,1808,1958
32.85,36.46,180.6,99.8,41.03,0.162,1801,1963
32.86,36.46,190.1,101.7,42.43,0.166,1798,1962
32.87,36.46,201.4,96.5,44.98,0.159,1796,1958
32.88,36.47,206.6,97.9,46.98,0.17,1804,1957
32.89,36.45,215.5,98,50,0.169,1809,1960
32.9,36.47,223.1,98,52,0.172,1807,1960
32.91,36.5,233.7,101.1,53.76,0.179,1795,1959
32.92,36.54,239,96.4,54.9,0.18,1798,1964
32.93,36.55,248.6,99.6,55.86,0.181,1799,1966
32.94,36.59,258.3,98.8,57.33,0.189,1799,1965
32.95,36.62,264.4,102.3,57.82,0.192,1798,1965
32.96,36.62,274,100.9,58.71,0.192,1804,1968
32.97,36.7,284,99.7,59.56,0.207,1809,1967
32.98,36.75,290.5,99.2,60.1,0.211,1797,1973
32.99,36.85,300.1,99.9,60.89,0.22,1798,1977
33,36.9,306.6,101.7,61.23,0.228,1800,1975
33.01,37,317.5,100.4,61.7,0.233,1806,1974
33.02,37.02,322.4,98,62.29,0.247,1802,1982
33.03,37.04,327.6,99.5,62.73,0.252,1795,1981
33.04,37.16,341,100.8,63.18,0.259,1799,1990
33.05,37.25,347,100.7,63.5,0.271,1803,1990
33.06,37.32,356.4,101,63.94,0.279,1796,1995
33.07,37.43,365.5,100.6,64.69,0.285,1801,1998
33.08,37.52,371.6,104.4,64.91,0.295,1806,1995
33.09,37.59,379.5,100.4,66.04,0.305,1795,2004
33.1,37.74,387.3,99.1,65.82,0.309,1810,2009
33.11,37.81,396.1,100,66.45,0.314,1795,2013
33.12,37.94,404.2,102.5,66.76,0.324,1802,2012
33.13,38,413.1,102.4,67.22,0.332,1808,2013
33.14,38.13,420.8,100.7,67.73,0.337,1800,2028
33.15,38.34,430.1,99.2,68.48,0.341,1799,2029
33.16,38.42,436.9,101,68.66,0.349,1803,2036
33.17,38.51,444.4,97.7,69.29,0.352,1794,2043
33.18,38.66,454.3,99.8,69.49,0.356,1799,2046
33.19,38.72,464.4,100.9,70.48,0.367,1800,2049
33.2,38.95,470.5,100.3,70.82,0.364,1803,2055
33.21,39.15,478.7,100.5,71.18,0.377,1799,2061
33.22,39.24,488,100.9,71.44,0.37,1803,2064
33.23,39.41,495,103.3,72.44,0.38,1803,2078
33.24,39.56,502.2,100.3,72.94,0.379,1801,2084
33.25,39.75,511.2,99.5,72.5,0.376,1812,2084
33.26,39.97,521.6,101.1,73.92,0.379,1793,2097
33.27,40.1,529,98.8,74.36,0.378,1794,2100
33.28,40.29,539.3,97,75.01,0.382,1805,2109
33.29,40.41,544.4,101.5,75.01,0.387,1801,2121
33.3,40.72,554.3,99.4,75.92,0.383,1803,2124
33.31,40.83,564.9,102.4,75.66,0.387,1813,2130
33.32,41.05,570.8,97.3,77.05,0.384,1807,2145
33.33,41.24,579.2,97.9,77.19,0.385,1798,2150
33.34,41.45,587.8,102.3,77.77,0.387,1796,2161
33.35,41.72,594.7,99.8,77.9,0.386,1806,2160
33.36,41.9,603.7,100,78.79,0.384,1810,2181
33.37,42.13,609.2,98,79.08,0.384,1798,2178
33.38,42.33,617.6,100.5,79.23,0.383,1806,2194
33.39,42.56,628.4,100.1,79.79,0.383,1795,2201
33.4,42.78,635.1,103.1,80.27,0.383,1805,2211
33.41,43.05,645.3,100.4,81.3,0.383,1794,2220
33.42,43.34,647.6,96.8,81.23,0.381,1793,2231
33.43,43.51,650.6,99.7,79.5,0.382,1797,2239
33.44,43.79,649.1,101.4,78.05,0.385,1817,2252
33.45,44,648.3,100.1,75.42,0.379,1805,2259
33.46,44.26,648.4,99.7,74.13,0.381,1806,2267
33.47,44.5,648.4,98.8,73.06,0.373,1802,2279
33.48,44.75,648,100.9,71.48,0.366,1802,2293
33.49,45.03,653.2,101.1,71.03,0.371,1792,2297
33.5,45.28,647.1,100.6,69.93,0.362,1791,2310
33.51,45.52,650.3,101,69.75,0.361,1806,2322
33.52,45.67,650.3,102.6,69.61,0.352,1788,2335
33.53,45.94,649.6,99.8,69.38,0.343,1802,2340
33.54,46.25,651.4,98.6,68.87,0.347,1807,2351
33.55,46.52,650.1,101.3,68.54,0.334,1799,2355
33.56,46.79,650.6,100.1,69.34,0.331,1799,2370
33.57,47.04,648.8,98.9,68.59,0.33,1805,2379
33.58,47.28,649.3,99.7,69,0.323,1799,2390
33.59,47.5,649.3,101.3,68.88,0.315,1797,2397
33.6,47.76,651.7,103.5,69.27,0.311,1806,2410
33.61,47.99,650.8,99.2,69.53,0.308,1798,2416
33.62,48.22,650.8,100.6,69.44,0.301,1793,2433
33.63,48.56,641.9,101.2,67.05,0.295,1804,2439
33.64,48.72,628.3,100.4,64.46,0.291,1805,2455
33.65,48.98,620.8,101.6,62.28,0.283,1798,2465
33.66,49.22,613.1,100.8,58.82,0.278,1806,2471
33.67,49.4,601.6,97.6,57.11,0.275,1786,2482
33.68,49.68,590.2,101.1,54.5,0.272,1810,2487
33.69,49.9,582.3,101.9,53.23,0.267,1798,2494
33.7,50.14,573.2,101.4,51.76,0.261,1798,2507
33.71,50.34,565.2,99.8,51.64,0.263,1794,2511
33.72,50.58,559.1,99.4,52.45,0.253,1796,2525
33.73,50.75,555.4,101.1,52.4,0.25,1795,2533
33.74,50.9,547.7,97.6,52.97,0.248,1802,2537
33.75,51.18,545.1,101.1,53.19,0.244,1807,2553
33.76,51.34,536.5,99.8,53.42,0.241,1803,2552
33.77,51.55,532.9,98.9,53.52,0.244,1804,2565
33.78,51.73,527,102.1,53.46,0.242,1789,2568
33.79,51.96,521.4,100.8,54.16,0.24,1797,2574
33.8,52.14,515.8,98.4,53.51,0.244,1808,2585
33.81,52.36,510.5,99.2,53.7,0.241,1799,2596
33.82,52.45,504.1,99.8,53.16,0.244,1797,2597
33.83,52.7,501.8,103.2,53.02,0.248,1791,2606
33.84,52.84,495,98.1,53.27,0.246,1800,2614
33.85,53.05,485.9,99.3,53.2,0.256,1800,2626
33.86,53.15,480.8,100,52.4,0.259,1814,2632
33.87,53.36,475,99.6,52.39,0.26,1807,2635
33.88,53.49,472.4,101.1,52.32,0.266,1802,2636
33.89,53.6,465.2,99.4,52.22,0.27,1799,2645
33.9,53.75,460.3,101.5,51.83,0.275,1794,2654
33.91,53.94,455,100.4,51.69,0.28,1799,2662
33.92,54.1,449.3,103.5,51.47,0.287,1804,2659
33.93,54.25,444.6,99.6,51.08,0.3,1799,2669
33.94,54.41,436.4,101.6,50.62,0.3,1801,2679
33.95,54.53,431.6,99.9,50.11,0.31,1804,2686
33.96,54.65,427.4,101.5,50.36,0.318,1801,2690
33.97,54.78,423.7,98,50.16,0.323,1790,2687
33.98,54.92,417.7,101.2,49.99,0.33,1808,2699
33.99,55.05,411.4,100.2,49.62,0.339,1796,2706
34,55.2,406.9,101.3,49.28,0.35,1797,2704
34.01,55.28,401.2,103.4,49.21,0.354,1793,2714
34.02,55.38,394.4,99,48.79,0.358,1801,2715
34.03,55.51,388.5,98.4,48.8,0.369,1796,2725
34.04,55.75,383.3,103.2,48.12,0.377,1791,2725
34.05,55.74,380,99.6,48.28,0.378,1798,2733
34.06,55.84,373.1,100.4,47.65,0.383,1813,2732
34.07,55.97,367.5,98.6,47.98,0.391,1792,2737
34.08,56.06,360.8,101.6,47.18,0.397,1807,2747
34.09,56.15,354.6,99.5,46.91,0.408,1795,2751
34.1,56.3,348.2,100.4,46.7,0.409,1801,2752
34.11,56.43,344.9,99.6,46.74,0.412,1802,2757
34.12,56.41,339.8,99.2,46.12,0.416,1799,2758
34.13,56.56,333.5,102.2,46.08,0.419,1802,2765
34.14,56.64,329.8,100.9,45.48,0.427,1802,2766
34.15,56.72,325,98.5,45.52,0.428,1797,2767
34.16,56.79,317.4,101.4,45.1,0.432,1806,2770
34.17,56.9,310.2,100.3,45.03,0.432,1811,2773
34.18,56.89,307.2,100.8,44.67,0.427,1803,2780
34.19,56.97,300.7,98.6,44.14,0.436,1799,2783
34.2,57.08,293.9,100.1,44.06,0.433,1801,2782
34.21,57.15,290.1,96.7,43.64,0.44,1805,2789
34.22,57.21,286.5,101,43.71,0.437,1791,2788
34.23,57.27,280.3,99.4,42.87,0.441,1807,2788
34.24,57.33,275.1,99.8,42.98,0.437,1791,2787
34.25,57.36,267.5,99.8,43.14,0.443,1793,2796
34.26,57.4,266.7,100.2,42.07,0.439,1792,2799
34.27,57.45,256.3,99.6,42.2,0.441,1801,2798
34.28,57.48,253.5,99.4,41.74,0.438,1811,2796
34.29,57.51,246.4,97.8,41.83,0.435,1805,2803
34.3,57.58,240.5,97.3,40.87,0.435,1803,2803
34.31,57.61,237,101.5,40.77,0.434,1805,2802
34.32,57.65,231.2,99.9,40.79,0.428,1796,2806
34.33,57.65,223.7,101.7,41.06,0.428,1799,2802
34.34,57.7,221.1,101.8,40.27,0.423,1805,2807
34.35,57.71,214,99.3,39.73,0.424,1789,2809
34.36,57.71,207.6,98.8,39.85,0.416,1793,2806
34.37,57.76,201.7,100.1,39.52,0.424,1799,2808
34.38,57.74,199.9,97.9,38.68,0.419,1789,2812
34.39,57.76,190.3,100.7,38.72,0.414,1796,2808
34.4,57.75,184.7,99.2,38.38,0.407,1800,2810
34.41,57.78,180.1,101.4,38.47,0.415,1804,2809
34.42,57.83,171.3,98.6,39.64,0.41,1789,2806
34.43,57.73,169.3,100.6,40.77,0.405,1800,2808
34.44,57.78,165.4,98.1,41.97,0.406,1798,2814
34.45,57.82,158.3,100,43.35,0.408,1804,2814
34.46,57.81,153.1,100.2,43.98,0.405,1799,2815
34.47,57.88,147.2,98.6,45.42,0.405,1796,2811
34.48,57.79,141.9,100,46.24,0.408,1784,2819
34.49,57.75,136.2,99.1,46.15,0.41,1807,2814
34.5,57.8,133.2,100.6,46.44,0.413,1796,2809
34.51,57.78,124.9,100.7,46.77,0.414,1796,2813
34.52,57.77,120.9,100.2,46.49,0.412,1792,2808
34.53,57.76,115.1,100.9,46.99,0.411,1796,2812
34.54,57.77,107.9,100.4,47.08,0.416,1793,2813
34.55,57.78,102.2,98.7,47.19,0.419,1805,2808
34.56,57.73,99.9,101.8,47.1,0.43,1804,2807
34.57,57.82,99,101.1,47.23,0.434,1804,2811
34.58,57.79,100.6,100.6,47.69,0.432,1811,2813
34.59,57.76,99.3,101.2,47.07,0.439,1799,2816
34.6,57.86,99.7,100.1,47.69,0.439,1803,2814
34.61,57.79,99,100.4,46.82,0.438,1808,2807
34.62,57.82,102,99.1,46.72,0.449,1799,2813
34.63,57.77,103.1,100.1,47.46,0.453,1806,2809
34.64,57.82,101.2,99.7,47.39,0.458,1797,2814
34.65,57.79,99.2,101.2,47.16,0.457,1801,2809
34.66,57.8,100.3,99.6,47.37,0.461,1800,2814
34.67,57.78,99.4,97.7,47.72,0.47,1797,2817
34.68,57.79,100.1,101.8,47.36,0.469,1797,2810
34.69,57.82,101.2,99.3,46.76,0.473,1794,2809
34.7,57.83,100.9,99.2,47.17,0.473,1807,2812
34.71,57.77,97.9,98.5,47.12,0.479,1806,2815
34.72,57.78,99.6,99,47.29,0.487,1797,2812
34.73,57.78,96.7,100,47.58,0.486,1792,2817
34.74,57.8,99.6,99.5,47.71,0.498,1799,2816
34.75,57.78,100.3,98.4,47.35,0.489,1804,2812
34.76,57.82,101.1,100.8,47.5,0.494,1806,2808
34.77,57.79,100.3,99.8,47.02,0.495,1795,2812
34.78,57.78,100.2,101.3,46.87,0.492,1806,2814
34.79,57.79,99.8,101.5,47.2,0.492,1798,2807
34.8,57.78,97.4,100.8,47.18,0.494,1803,2808
34.81,57.87,98.9,99.3,47.43,0.501,1799,2818
34.82,57.79,98.6,99.6,47.39,0.496,1809,2802
34.83,57.8,103,101.6,47.25,0.497,1795,2811
34.84,57.77,100.1,99.3,47.32,0.499,1801,2818
34.85,57.77,100.6,98.9,47.19,0.498,1791,2813
34.86,57.79,98.5,100.4,46.78,0.493,1805,2810
34.87,57.79,98.1,101.5,47.62,0.496,1805,2815
34.88,57.81,99.6,100.5,47.19,0.497,1808,2808
34.89,57.79,98.7,103.6,47.38,0.49,1801,2809
34.9,57.82,98.7,99.3,47.32,0.489,1794,2808
34.91,57.78,100,103.9,47.24,0.492,1798,2815
34.92,57.81,99.5,101.7,47.12,0.484,1808,2809
34.93,57.83,98.3,99.6,47.16,0.478,1804,2810
34.94,57.82,99.7,99.2,47.06,0.485,1793,2812
34.95,57.81,103.1,101.7,46.84,0.484,1795,2811
34.96,57.84,100.1,100.9,47.04,0.482,1799,2815
34.97,57.8,101.8,103.9,47.42,0.478,1806,2807
34.98,57.78,100,100,47.36,0.477,1806,2810
34.99,57.77,102.7,100.8,47.04,0.478,1797,2811
35,57.8,99.7,99.2,47.92,0.471,1804,2815
35.01,57.8,101.6,102.1,47.92,0.469,1816,2808
35.02,57.78,100.8,100.9,47.24,0.462,1799,2818
35.03,57.76,97.7,99.9,47.14,0.468,1798,2814
35.04,57.74,99.7,102,47.52,0.46,1790,2812
35.05,57.78,99,101.5,47.53,0.462,1788,2811
35.06,57.78,98.4,97.9,47.27,0.469,1799,2810
35.07,57.79,103.7,100,47.83,0.462,1796,2811
35.08,57.84,98.5,101.8,47.24,0.463,1799,2804
35.09,57.84,99.7,98.1,47.2,0.456,1799,2817
35.1,57.82,99.2,98.3,47.24,0.454,1798,2808
35.11,57.77,99,100.1,47.6,0.454,1807,2815
35.12,57.84,99.6,99.2,47.61,0.457,1799,2807
35.13,57.82,102.9,107.7,47.09,0.454,1793,2815
35.14,57.74,98.2,114.7,47.66,0.454,1810,2812
35.15,57.75,102.4,119,47.09,0.453,1807,2810
35.16,57.78,101.6,127.2,47.65,0.455,1803,2809
35.17,57.86,99.4,131.8,47.57,0.457,1803,2819
35.18,57.77,98.3,138.6,47.25,0.455,1810,2810
35.19,57.79,101.2,146,47.02,0.453,1794,2813
35.2,57.83,99.3,154.1,47.05,0.453,1796,2811
35.21,57.8,101.1,158.4,47.12,0.45,1813,2808
35.22,57.77,99.1,167.1,47.25,0.449,1796,2817
35.23,57.77,99.7,173.1,47.24,0.451,1797,2816
35.24,57.82,99.2,180.7,47.67,0.454,1788,2812
35.25,57.8,99.4,188.2,46.6,0.459,1801,2809
35.26,57.78,100.4,192.9,44.5,0.459,1800,2810
35.27,57.81,101.5,198.5,42.1,0.458,1802,2806
35.28,57.76,99.9,205.5,40.1,0.452,1803,2815
35.29,57.76,97.7,212.8,38.14,0.447,1804,2812
35.3,57.71,101.4,219.1,37.17,0.442,1795,2814
35.31,57.76,99.6,225.8,35.61,0.443,1798,2811
35.32,57.72,100.4,231.4,34.69,0.43,1797,2810
35.33,57.65,100.9,237.2,33.53,0.432,1804,2813
35.34,57.67,100.4,246,33.49,0.424,1799,2805
35.35,57.65,101.1,251.5,32.93,0.413,1804,2806
35.36,57.62,100.6,257.4,32.21,0.406,1799,2802
35.37,57.53,98.5,265.3,31.53,0.396,1804,2796
35.38,57.48,100.3,272.2,31.75,0.387,1802,2798
35.39,57.43,99,279.2,31.62,0.381,1797,2795
35.4,57.35,99.1,285.4,31.58,0.373,1796,2791
35.41,57.26,99.3,294,30.89,0.359,1797,2789
35.42,57.23,96.8,300.4,30.49,0.354,1801,2791
35.43,57.18,102,302.4,31.06,0.341,1817,2787
35.44,57.06,97.4,310.2,30.52,0.326,1793,2784
35.45,57.02,98.6,315.6,30.36,0.316,1798,2782
35.46,56.95,98.8,324.9,30.59,0.309,1804,2774
35.47,56.84,100.3,332.8,30.36,0.295,1802,2776
35.48,56.78,100,331.7,29.8,0.291,1806,2763
35.49,56.7,100.3,341.7,29.76,0.279,1798,2766
35.5,56.54,102.5,351.2,29.94,0.268,1790,2757
35.51,56.47,98.3,359.6,29.68,0.268,1796,2759
35.52,56.34,102.9,363.6,29.31,0.256,1792,2753
35.53,56.23,100.9,371.5,29.07,0.254,1799,2750
35.54,56.07,97.8,379.4,29.3,0.239,1804,2750
35.55,56,102.3,381.7,29.49,0.237,1796,2745
35.56,55.83,100.5,389.1,29.32,0.23,1801,2730
35.57,55.72,98.2,399.9,28.87,0.224,1786,2721
35.58,55.57,101.9,405,28.62,0.22,1795,2726
35.59,55.43,100.3,409.9,28.22,0.214,1806,2722
35.6,55.31,100.3,417.4,28.29,0.216,1798,2712
35.61,55.18,100.8,424.8,28.02,0.21,1798,2709
35.62,55.02,97.9,430.5,28.01,0.203,1794,2702
35.63,54.9,101.1,436.2,28.03,0.206,1795,2698
35.64,54.69,100.3,444,27.91,0.203,1794,2692
35.65,54.52,100.7,447.9,27.5,0.201,1790,2682
35.66,54.34,95.8,457.9,27.24,0.199,1799,2674
35.67,54.24,100.1,460.7,27.33,0.204,1797,2676
35.68,54.03,100.1,468.6,27.2,0.202,1796,2657
35.69,53.87,100,476.2,26.51,0.204,1805,2653
35.7,53.68,100.6,480.6,26.33,0.2,1807,2649
35.71,53.52,102.1,491.8,26.52,0.206,1809,2642
35.72,53.28,100.8,494.9,26.65,0.203,1800,2630
35.73,53.06,98.3,502,26.17,0.21,1806,2626
35.74,52.91,98.1,508,26.19,0.211,1797,2613
35.75,52.73,100.5,519.1,26.01,0.209,1802,2606
35.76,52.49,100.3,524.2,25.48,0.205,1797,2598
35.77,52.31,100,529,25.68,0.219,1800,2591
35.78,52.06,98.3,537.2,25.25,0.217,1800,2589
35.79,51.79,100.9,544.7,25.25,0.217,1813,2569
35.8,51.58,100.7,550.3,24.77,0.221,1802,2566
35.81,51.38,100.2,554.6,24.63,0.224,1797,2552
35.82,51.12,97,562,24.81,0.222,1804,2546
35.83,50.89,102.8,570.1,24.34,0.225,1806,2533
35.84,50.66,99.2,575.6,24.21,0.23,1801,2528
35.85,50.44,100.9,582.7,24.07,0.223,1813,2519
35.86,50.12,97.5,589.3,23.94,0.224,1794,2500
35.87,49.87,100.3,595.1,23.59,0.23,1802,2501
35.88,49.6,97.8,604.9,23.03,0.231,1797,2485
35.89,49.39,103.5,610.8,21.75,0.219,1801,2478
35.9,49.09,102.2,623.1,21.26,0.226,1806,2468
35.91,48.85,99.8,632.6,19.76,0.221,1802,2447
35.92,48.58,101.5,636.1,19.51,0.214,1797,2440
35.93,48.25,98.9,648.6,18.31,0.219,1794,2431
35.94,47.92,98.6,649.5,19.84,0.215,1796,2418
35.95,47.67,100.6,650,21.97,0.211,1797,2406
35.96,47.34,101.6,651.3,24.32,0.209,1794,2399
35.97,47.09,99,648.1,27.02,0.203,1808,2385
35.98,46.81,99.4,650.3,29.16,0.204,1801,2370
35.99,46.5,101.2,649.7,30.24,0.201,1797,2356
36,46.19,100.3,652.5,32.17,0.205,1805,2344
36.01,45.88,102.7,649.7,33.37,0.203,1798,2336
36.02,45.53,101.7,650.3,33.81,0.206,1803,2324
36.03,45.32,102.5,649.3,34.28,0.205,1805,2312
36.04,44.98,100.3,648.2,34.51,0.206,1798,2298
36.05,44.65,98.4,650,34.32,0.21,1800,2288
36.06,44.4,99.8,648.9,34.66,0.213,1791,2273
36.07,44.12,102.1,649.9,34.89,0.211,1797,2264
36.08,43.78,100.9,648.8,35.07,0.213,1797,2251
36.09,43.53,98.6,652,35.08,0.222,1806,2239
36.1,43.19,98.4,647.6,34.92,0.223,1803,2228
36.11,42.87,100.3,650.6,34.72,0.226,1794,2212
36.12,42.56,101.7,649.4,34.94,0.23,1797,2205
36.13,42.27,98.6,646.4,35.09,0.235,1802,2195
36.14,41.94,102.1,640.1,37.67,0.233,1802,2179
36.15,41.71,100.5,628.1,41.17,0.242,1796,2167
36.16,41.43,97.8,618.8,45.08,0.245,1804,2152
36.17,41.1,101.6,606,48.44,0.252,1811,2146
36.18,40.84,99.8,594,50.98,0.258,1797,2135
36.19,40.58,97.5,583.5,52.52,0.271,1791,2120
36.2,40.32,100.5,573.1,54.78,0.28,1794,2105
36.21,40.01,101.1,562,55.96,0.284,1808,2099
36.22,39.75,98.3,552.7,57.02,0.3,1801,2093
36.23,39.57,100.7,540,58.15,0.315,1807,2080
36.24,39.32,98.6,528.9,58.63,0.318,1799,2078
36.25,39.06,99.4,518.5,58.82,0.337,1808,2069
36.26,38.84,98,506.3,59.58,0.34,1815,2060
36.27,38.65,99.6,491,59.7,0.356,1790,2044
36.28,38.45,100.5,488.5,60.4,0.376,1819,2039
36.29,38.27,99.8,474.4,60.46,0.378,1799,2030
36.3,38.05,102.3,463.2,60.5,0.397,1794,2020
36.31,37.84,100.4,452.9,60.84,0.407,1794,2016
36.32,37.67,101.2,441.8,60.64,0.415,1795,2006
36.33,37.48,100.4,426.4,61.2,0.431,1804,2000
36.34,37.28,104.4,420.9,61.03,0.433,1810,1996
36.35,37.19,99.2,407.7,61.18,0.446,1794,1989
36.36,37.08,98.5,396.5,61.4,0.453,1804,1984
36.37,36.9,100.4,385.6,61.64,0.457,1814,1974
36.38,36.7,98.4,376.3,61.64,0.465,1805,1971
36.39,36.63,100.8,366.1,62.41,0.469,1800,1963
36.4,36.5,97.5,355.9,62.2,0.48,1809,1959
36.41,36.35,100.1,345.7,61.84,0.478,1801,1956
36.42,36.34,100.3,329.2,62.01,0.474,1798,1954
36.43,36.15,100.2,318.5,62.68,0.479,1799,1949
36.44,36.08,98.4,310,62.56,0.477,1795,1944
36.45,36,98,296.6,63.57,0.481,1805,1939
36.46,35.88,101,285.3,62.59,0.478,1808,1935
36.47,35.79,100.7,273.3,63.17,0.474,1806,1936
36.48,35.75,99.4,264.1,63.19,0.475,1798,1933
36.49,35.69,100.3,253.9,63.59,0.468,1804,1930
36.5,35.61,100.3,243.4,63.66,0.464,1807,1931
36.51,35.6,99.5,232.5,64.14,0.46,1793,1926
36.52,35.55,101.7,220.7,64.15,0.457,1809,1929
36.53,35.54,99.4,212.4,64.32,0.447,1792,1918
36.54,35.52,99.4,199.5,64.17,0.449,1798,1924
36.55,35.48,99.4,188.1,64.42,0.435,1800,1921
36.56,35.49,99.1,177.2,63.35,0.427,1795,1912
36.57,35.44,100.5,165.7,60.23,0.418,1789,1918
36.58,35.44,98.2,156.1,56.65,0.404,1804,1916
36.59,35.42,99.6,146,53.55,0.398,1801,1923
36.6,35.47,97.2,133.6,50.4,0.382,1801,1916
36.61,35.48,100.5,122.3,48.26,0.371,1798,1923
36.62,35.47,101.5,110,46.24,0.349,1796,1919
36.63,35.47,98.8,100.1,44.22,0.338,1795,1920
36.64,35.42,101.1,99.6,43.61,0.325,1802,1918
36.65,35.48,98.9,100.4,42.81,0.3,1799,1920
36.66,35.48,100.3,101,41.91,0.281,1803,1914
36.67,35.41,99.3,101.3,41.64,0.269,1818,1918
36.68,35.44,100.4,97.2,41.18,0.243,1802,1921
36.69,35.48,100.6,99.2,40.95,0.228,1804,1918
36.7,35.47,98.5,99.4,41.18,0.207,1796,1920
36.71,35.47,97.8,98.3,41.56,0.186,1802,1918
36.72,35.49,99.5,100.5,40.98,0.168,1801,1913
36.73,35.48,99.2,100.3,41.31,0.152,1798,1917
36.74,35.51,100,99.4,40.94,0.132,1797,1916
36.75,35.43,101.9,99.7,41.12,0.12,1808,1920
36.76,35.46,99.9,100,40.76,0.095,1791,1921
36.77,35.46,101.2,98.6,40.2,0.08,1809,1921
36.78,35.43,100.5,103,40.4,0.069,1808,1918
36.79,35.38,102.6,99.5,40.65,0.053,1798,1923
36.8,35.47,98.8,99.1,41.06,0.047,1795,1914
36.81,35.48,98.3,100.5,40.38,0.031,1801,1917
36.82,35.48,100.9,100.2,40.72,0.02,1807,1919
36.83,35.46,101,102.6,40.84,0.018,1799,1920
36.84,35.45,101.8,99.9,40.7,0.007,1792,1919
36.85,35.45,100.7,99.9,40.58,0.002,1805,1912
36.86,35.41,102.1,99.3,40.85,-0.005,1800,1919
36.87,35.43,101.4,101.8,40.67,-0.005,1801,1922
36.88,35.45,97.9,103.2,40.57,-0.015,1800,1918
36.89,35.48,102.3,101.3,40.86,-0.009,1804,1913
36.9,35.46,99.8,101.2,40.36,-0.012,1795,1923
36.91,35.46,101.7,99.5,40.07,-0.009,1793,1919
36.92,35.44,99.6,102,40.67,-0.007,1791,1919
36.93,35.44,99.3,97.3,40.48,-0.006,1794,1917
36.94,35.49,102.6,99.3,40.8,-0.007,1808,1917
36.95,35.47,100.1,98.5,40.23,0.006,1791,1917
36.96,35.41,97.4,100.7,40.82,0.004,1801,1916
36.97,35.45,100.2,102.1,40.47,0.01,1811,1917
36.98,35.48,99.3,101,40.61,0.024,1807,1916
36.99,35.46,101.6,101.7,40.92,0.027,1806,1921
37,35.39,101.4,98.8,40.51,0.041,1799,1916
37.01,35.44,99.4,100.1,40.38,0.045,1798,1924
37.02,35.48,98.2,102.8,40.89,0.055,1802,1917
37.03,35.41,99.9,98.3,40.69,0.066,1808,1914
37.04,35.45,100.2,100.3,40.77,0.074,1796,1916
37.05,35.48,101,99.9,40.75,0.081,1798,1920
37.06,35.45,100.3,99.9,40.67,0.09,1812,1918
37.07,35.43,101.1,100.9,40.12,0.098,1790,1917
37.08,35.47,98.2,99.3,40.76,0.113,1801,1915
37.09,35.44,101.4,102.1,40.41,0.121,1799,1920
37.1,35.41,96,99.9,40.28,0.124,1797,1914
37.11,35.47,100.1,98,40.42,0.138,1805,1915
37.12,35.47,101.2,100.4,40.46,0.146,1803,1920
37.13,35.47,100.3,100.3,40.9,0.149,1800,1919
37.14,35.43,99.8,102.4,40.52,0.16,1795,1915
37.15,35.51,100.5,99.7,40.52,0.17,1805,1920
37.16,35.47,101.5,100.1,40.83,0.177,1791,1922
37.17,35.44,98.1,99.1,40.64,0.178,1805,1924
37.18,35.46,102.2,99,40.74,0.186,1807,1919
37.19,35.48,98.4,97.9,40.27,0.188,1797,1909
37.2,35.49,101,101,40.61,0.194,1796,1916
37.21,35.49,96.8,94.3,40.99,0.201,1798,1916
37.22,35.42,101.3,100.1,40.75,0.202,1811,1915
37.23,35.49,99.7,100.6,40.44,0.2,1803,1917
37.24,35.47,98.2,99.6,40.88,0.205,1802,1925
37.25,35.5,99.6,101.6,40.66,0.204,1799,1920
37.26,35.51,101.8,100.4,40.77,0.201,1796,1918
37.27,35.41,99.1,100,40.48,0.204,1797,1911
37.28,35.43,100.2,99.1,41.02,0.209,1796,1916
37.29,35.51,100.4,98.8,40.78,0.199,1795,1921
37.3,35.42,99.2,100.9,40.8,0.2,1818,1917
37.31,35.43,98.4,101,40.37,0.196,1797,1919
37.32,35.49,101.2,100.5,40.17,0.196,1803,1920
37.33,35.47,98.4,97,40.26,0.191,1784,1919
37.34,35.48,98.1,98.7,40.72,0.189,1797,1915
37.35,35.46,96.9,100.2,41.08,0.177,1807,1914
37.36,35.45,99,101.1,40.63,0.183,1802,1919
37.37,35.5,96.6,99.6,40.67,0.182,1803,1919
37.38,35.48,100.1,100.9,40.99,0.167,1800,1922
37.39,35.43,97.9,100.3,40.47,0.168,1795,1914
37.4,35.42,98.3,98.9,40.72,0.165,1804,1919
37.41,35.44,101.9,101.3,40.21,0.16,1806,1921
37.42,35.45,99.8,98.6,40.43,0.15,1804,1918
37.43,35.46,99.9,101.5,40.42,0.151,1799,1915
37.44,35.43,100,100.4,40.36,0.143,1803,1919
37.45,35.45,98.6,100.1,40.79,0.14,1801,1917
37.46,35.43,100.6,99.3,40.31,0.138,1788,1918
37.47,35.43,100.2,102.2,40.69,0.137,1795,1919
37.48,35.47,100.4,100.7,40.88,0.126,1804,1921
37.49,35.44,100.7,99.5,40.5,0.119,1783,1916
37.5,35.47,102.5,99.9,40.61,0.121,1794,1917
37.51,35.45,100.1,100.6,40.85,0.119,1796,1921
37.52,35.47,101.8,97.6,40.84,0.114,1811,1922
37.53,35.42,99.7,99.6,40.57,0.107,1802,1913
37.54,35.45,100,100.5,40.74,0.111,1809,1921
37.55,35.47,98.5,101.1,40.08,0.102,1800,1915
37.56,35.41,101.1,101,40.68,0.104,1804,1916
37.57,35.46,98.7,100.6,40.71,0.103,1802,1924
37.58,35.42,96.1,101.3,41.01,0.102,1806,1917
37.59,35.46,100.6,102.4,40.5,0.095,1795,1921
37.6,35.45,101.1,98.2,40.96,0.1,1798,1919
37.61,35.45,103.6,101.2,40.67,0.095,1807,1918
37.62,35.56,103,103.2,41.31,0.098,1805,1914
37.63,35.52,100.5,101.5,40.61,0.093,1793,1919
37.64,35.43,109.8,98.3,40.31,0.094,1805,1919
37.65,35.49,116.4,102.2,40.57,0.104,1791,1920
37.66,35.45,122.9,101.8,40.08,0.095,1791,1918
37.67,35.45,131.9,100.8,40.49,0.1,1803,1920
37.68,35.43,140.9,98.6,40.59,0.099,1788,1917
37.69,35.49,149.5,97.1,41.16,0.102,1792,1919
37.7,35.45,157.5,100.8,40.07,0.106,1797,1919
37.71,35.45,165,98.2,40.48,0.106,1801,1914
37.72,35.44,175.7,98.9,40.7,0.105,1801,1920
37.73,35.47,183.1,98.5,40.88,0.115,1798,1915
37.74,35.43,191.2,99.4,43.02,0.114,1798,1915
37.75,35.43,195.3,98,44.79,0.117,1795,1919
37.76,35.48,207.7,101.1,47.12,0.117,1801,1918
37.77,35.5,215.1,100,49.53,0.128,1804,1915
37.78,35.52,224,100.7,51.46,0.134,1802,1923
37.79,35.49,233.3,100.3,53.37,0.13,1797,1919
37.8,35.51,243.7,100,54.24,0.148,1794,1923
37.81,35.56,247.6,101.5,55.75,0.153,1805,1926
37.82,35.59,257.2,99.9,56.94,0.164,1806,1927
37.83,35.58,266.7,101.2,57.88,0.169,1798,1925
37.84,35.73,273.3,101.3,58.41,0.175,1804,1926
37.85,35.75,279.5,100,59.33,0.189,1804,1928
37.86,35.79,290.9,100.4,60.18,0.201,1794,1931
37.87,35.82,296.3,102.5,60.17,0.208,1796,1931
37.88,35.9,306.2,99.9,60.71,0.219,1791,1931
37.89,35.95,313.8,100,61.4,0.23,1791,1938
37.9,35.99,322.1,100.4,62.05,0.241,1817,1942
37.91,36.1,331.1,103.3,62.25,0.249,1800,1941
37.92,36.12,336.6,95,62.98,0.261,1795,1950
37.93,36.25,346.8,100,63.45,0.273,1799,1951
37.94,36.28,354.2,100.1,63.39,0.279,1806,1955
37.95,36.38,364.7,101.2,64.59,0.291,1793,1955
37.96,36.5,372.1,100.2,64.54,0.302,1800,1953
37.97,36.57,380.4,101.3,65.27,0.308,1790,1966
37.98,36.64,387,101,65.5,0.322,1805,1965
37.99,36.79,398.7,102.5,66.22,0.325,1791,1976
38,36.92,404.6,98.2,66.4,0.331,1799,1983
38.01,37.01,415,98.8,67.1,0.335,1801,1985
38.02,37.1,419.8,100.6,67.65,0.347,1792,1988
38.03,37.23,428.4,101.2,67.57,0.345,1801,1993
38.04,37.37,442.7,97.1,68.21,0.357,1810,1994
38.05,37.47,447.7,99.4,68.45,0.362,1790,1996
38.06,37.63,455.1,99.9,69.51,0.36,1799,2008
38.07,37.83,460.7,101.3,69.7,0.366,1800,2012
38.08,37.97,472.4,99.8,70.49,0.371,1799,2020
38.09,38.1,480.3,101.9,70.62,0.37,1795,2022
38.1,38.16,487.5,103.4,71.39,0.37,1801,2027
38.11,38.41,496.1,100,71.75,0.379,1809,2040
38.12,38.56,503.4,98.6,72.7,0.377,1809,2047
38.13,38.75,512.8,100.4,72.9,0.372,1803,2052
38.14,38.91,518.8,100.1,73.27,0.371,1809,2055
38.15,39.09,527.8,102.2,73.71,0.374,1800,2062
38.16,39.24,537,99.6,74.46,0.374,1803,2071
38.17,39.44,547.3,100.1,75.16,0.378,1808,2077
38.18,39.68,555.6,99.1,75.74,0.374,1803,2081
38.19,39.86,561.5,98.1,76,0.369,1805,2097
38.2,40,571.4,99.4,76.22,0.371,1801,2101
38.21,40.23,576.7,96,77.02,0.366,1807,2109
38.22,40.42,584.8,100.3,77.38,0.372,1806,2117
38.23,40.69,593.1,98.8,78.12,0.366,1797,2126
38.24,40.9,599.6,99,78.04,0.366,1811,2137
38.25,41.11,612.5,101.7,78.57,0.365,1803,2142
38.26,41.3,619.6,101.4,79.61,0.361,1802,2153
38.27,41.52,625.3,98.2,79.82,0.36,1801,2158
38.28,41.76,639.2,98.9,80.2,0.362,1801,2170
38.29,42.01,648,99.1,80.89,0.361,1797,2186
38.3,42.25,650.2,98.2,80.7,0.359,1783,2192
38.31,42.5,648.8,99.6,79.4,0.36,1801,2200
38.32,42.73,647.8,101.6,77.31,0.353,1805,2215
38.33,42.98,651.4,98.3,75.66,0.351,1800,2222
38.34,43.25,648.1,101.8,73.6,0.354,1795,2235
38.35,43.52,650.2,98.4,72.4,0.352,1799,2241
38.36,43.77,648.9,98.4,71.35,0.344,1799,2251
38.37,43.99,650.6,101.4,71.11,0.342,1799,2262
38.38,44.28,650.8,99.3,69.8,0.331,1805,2275
38.39,44.53,648.3,101.3,69.43,0.335,1792,2277
38.4,44.78,649.6,98.4,69.31,0.332,1796,2288
38.41,44.98,648,98.7,69.19,0.324,1793,2295
38.42,45.32,648.5,99.5,68.89,0.316,1812,2307
38.43,45.49,652,97.6,69.16,0.313,1813,2312
38.44,45.75,649.4,98.6,68.36,0.304,1803,2334
38.45,45.93,650.1,99.3,69.3,0.303,1798,2339
38.46,46.25,650.7,100.3,68.92,0.299,1795,2353
38.47,46.48,648.6,100.1,68.91,0.293,1799,2358
38.48,46.77,653.4,102.3,69.3,0.285,1793,2370
38.49,46.97,647.9,101.8,69.1,0.283,1794,2379
38.5,47.25,649.6,100,68.93,0.27,1795,2387
38.51,47.48,650.5,101.5,69.32,0.281,1793,2405
38.52,47.76,651.9,101.4,69.13,0.273,1805,2401
38.53,48.02,649.1,100.7,69.13,0.266,1797,2417
38.54,48.3,651.3,97.5,69.18,0.267,1795,2432
38.55,48.5,650.2,98.8,69.39,0.268,1796,2444
38.56,48.69,649.9,99.2,69.63,0.267,1802,2450
38.57,48.98,649.9,96,69.87,0.26,1808,2458
38.58,49.27,651,101.5,69.91,0.266,1801,2471
38.59,49.54,649.6,98.8,69.54,0.267,1798,2471
38.6,49.74,651,101.4,69.47,0.266,1788,2490
38.61,50.01,649,100,69.95,0.27,1792,2498
38.62,50.24,652.8,99.6,70,0.268,1785,2511
38.63,50.5,650.3,100.4,69.95,0.28,1796,2516
38.64,50.82,650.5,99.7,70.36,0.284,1793,2529
38.65,50.98,649.5,100.6,70.23,0.279,1804,2542
38.66,51.32,650.3,101.4,70.01,0.287,1804,2550
38.67,51.44,649.7,103.4,70.26,0.29,1799,2559
38.68,51.76,649.4,97.7,70.34,0.298,1800,2571
38.69,51.94,651.1,99.5,70.34,0.303,1807,2580
38.7,52.25,648.6,100.3,70.39,0.312,1794,2594
38.71,52.47,651.7,99.1,70.31,0.322,1815,2601
38.72,52.75,651.7,100.3,70.91,0.323,1807,2606
38.73,52.98,650.2,101.8,70.84,0.335,1800,2623
38.74,53.23,650.7,98.8,70.69,0.342,1796,2627
38.75,53.48,653.3,99.9,70.97,0.348,1791,2643
38.76,53.77,650.2,99.1,70.82,0.358,1801,2651
38.77,54.02,651.7,99,71.03,0.367,1797,2658
38.78,54.31,650.4,98.3,71.01,0.377,1796,2675
38.79,54.48,651.3,101.5,71.08,0.379,1799,2683
38.8,54.7,650.7,100.3,71.1,0.385,1791,2691
38.81,55.03,649,99.3,71.66,0.398,1801,2698
38.82,55.24,651.4,99.8,71.13,0.409,1797,2710
38.83,55.51,650.1,99.6,71.74,0.413,1794,2722
38.84,55.71,651.7,100.6,71.9,0.424,1800,2729
38.85,56.05,648.9,100.5,72.17,0.429,1808,2745
38.86,56.26,649.8,103,71.6,0.429,1791,2753
38.87,56.5,649.8,100.3,71.77,0.443,1798,2760
38.88,56.76,649.7,99.5,72.25,0.448,1809,2769
38.89,57.01,649.1,101.7,71.91,0.453,1800,2779
38.9,57.26,648.8,101.3,72.23,0.462,1812,2793
38.91,57.54,651.1,97.4,71.46,0.47,1804,2800
38.92,57.75,652.1,99.7,72.23,0.474,1807,2809
38.93,58.01,648.1,101.7,72.06,0.481,1796,2814
38.94,58.24,651.6,100.1,72.57,0.49,1799,2826
38.95,58.49,651.4,102.5,72.57,0.493,1797,2841
38.96,58.77,649.4,100.6,71.88,0.496,1788,2848
38.97,59.06,650.9,101.7,72.79,0.503,1789,2866
38.98,59.25,651.9,98.3,72.27,0.51,1804,2867
38.99,59.56,644.2,102.5,72.85,0.509,1797,2884
39,59.76,647.4,101,72.54,0.514,1802,2894
39.01,60,648.7,100.7,72.58,0.521,1800,2903
39.02,60.24,651.3,99.6,72.66,0.522,1793,2907
39.03,60.47,649.4,100.3,73.37,0.525,1802,2920
39.04,60.78,650.8,98.1,73.05,0.525,1798,2924
39.05,60.97,651.8,98,73.27,0.529,1807,2941
39.06,61.23,648.9,98.6,73.4,0.537,1807,2952
39.07,61.49,647.7,100.1,73.31,0.531,1800,2957
39.08,61.75,651.7,99.5,73.71,0.537,1803,2962
39.09,62.02,651.3,98.5,73.75,0.541,1803,2976
39.1,62.28,653.2,98.3,73.21,0.541,1794,2991
39.11,62.48,647.7,98,73.4,0.543,1796,2993
39.12,62.71,652.9,97.7,73.68,0.547,1800,3015
39.13,62.96,651.2,98.7,73.89,0.548,1807,3020
39.14,63.17,649.5,99.3,73.84,0.547,1810,3031
39.15,63.48,650.1,102.1,73.72,0.545,1801,3041
39.16,63.75,649.2,101.1,73.98,0.551,1804,3050
39.17,64.01,652.9,100.9,73.7,0.551,1808,3056
39.18,64.29,648.6,100.4,74.13,0.555,1798,3074
39.19,64.52,650.7,102.6,74.01,0.557,1791,3079
39.2,64.68,649.9,103.2,74.26,0.56,1802,3091
39.21,65.1,650.9,100.9,74.53,0.557,1811,3102
39.22,65.24,648.1,100.3,74.54,0.56,1799,3111
39.23,65.47,648.4,100.9,74.13,0.556,1802,3122
39.24,65.77,648.4,97.7,73.97,0.565,1799,3132
39.25,66.05,648.5,101.3,74.65,0.569,1801,3141
39.26,66.24,646.2,101,73.98,0.57,1797,3146
39.27,66.44,638.4,100.2,71.84,0.576,1800,3158
39.28,66.74,633.4,100.5,70.19,0.575,1807,3171
39.29,67.03,629.2,101.1,68.5,0.57,1796,3181
39.3,67.21,622.9,98.1,67.95,0.578,1819,3191
39.31,67.45,616.7,99.7,66.46,0.58,1808,3201
39.32,67.66,610.3,102.2,66.01,0.576,1801,3206
39.33,67.99,607.3,99.8,64.81,0.578,1801,3213
39.34,68.13,600,99.8,64.12,0.581,1804,3228
39.35,68.42,594.3,101.8,64.13,0.58,1803,3234
39.36,68.62,588.2,99.8,63.35,0.584,1801,3241
39.37,68.8,583.7,100.6,63.25,0.582,1793,3261
39.38,69.05,581,101,62.94,0.589,1801,3265
39.39,69.24,574.3,100.2,62.1,0.583,1809,3271
39.4,69.49,568.8,100.8,62.58,0.584,1800,3283
39.41,69.69,560.2,96.8,61.74,0.583,1800,3290
39.42,69.86,553.9,101.6,61.78,0.581,1802,3298
39.43,70.06,553.2,97.5,61.04,0.583,1796,3307
39.44,70.34,545.9,102.2,61.07,0.583,1803,3311
39.45,70.43,539.8,96.7,60.91,0.58,1811,3318
39.46,70.67,534.9,98.8,60.98,0.59,1806,3328
39.47,70.93,529.6,100.5,60.61,0.586,1794,3337
39.48,71.06,525.3,98.5,60.21,0.589,1804,3351
39.49,71.24,517.2,99.4,60.52,0.592,1799,3350
39.5,71.44,512.9,102.1,60.28,0.59,1807,3358
39.51,71.59,507,101.1,59.87,0.595,1807,3364
39.52,71.86,501.8,101.8,59.04,0.595,1789,3372
39.53,71.98,492.8,101,59.66,0.592,1800,3377
39.54,72.11,489.4,98.9,58.97,0.6,1800,3387
39.55,72.28,485.5,101.6,58.74,0.595,1811,3392
39.56,72.5,478.8,99,58.45,0.6,1794,3394
39.57,72.65,474.6,98.6,58.42,0.601,1800,3406
39.58,72.82,469,101.5,58.01,0.603,1788,3409
39.59,72.96,465.1,99.4,57.24,0.607,1790,3415
39.6,73.06,458.4,98,57.4,0.609,1803,3427
39.61,73.27,452.3,98.4,56.88,0.619,1807,3429
39.62,73.36,445.4,100.3,56.76,0.618,1809,3433
39.63,73.46,441.8,101.4,56.86,0.621,1793,3436
39.64,73.7,434.2,102.1,56.88,0.621,1803,3449
39.65,73.79,427.8,100.4,55.97,0.628,1802,3448
39.66,73.93,423.9,101.6,55.63,0.63,1790,3460
39.67,74.09,418.5,101.1,55.42,0.634,1797,3459
39.68,74.21,414.5,97.6,55.16,0.636,1799,3470
39.69,74.31,408.1,100.1,55.35,0.637,1797,3475
39.7,74.49,402.6,100.8,54.92,0.648,1793,3483
39.71,74.57,397.6,98.9,55.01,0.64,1798,3480
39.72,74.71,391.9,101.8,54.48,0.654,1799,3488
39.73,74.8,388.1,100.9,54.1,0.651,1792,3495
39.74,74.97,383,99.3,53.76,0.659,1806,3498
39.75,75.04,371.4,101.5,53.61,0.661,1800,3506
39.76,75.17,367.5,99.6,53.48,0.664,1800,3506
39.77,75.22,364.2,101.4,53.31,0.667,1794,3515
39.78,75.36,360.7,99.5,52.87,0.663,1798,3513
39.79,75.42,350.6,99.5,52.63,0.67,1808,3518
39.8,75.53,347.9,100.3,52.4,0.673,1804,3513
39.81,75.61,342.2,103.3,51.78,0.676,1798,3527
39.82,75.67,335.7,101.4,51.8,0.678,1789,3530
39.83,75.77,331,101.7,51.69,0.684,1794,3532
39.84,75.9,325,101.3,50.98,0.688,1802,3529
39.85,75.96,324.3,100,50.96,0.687,1788,3542
39.86,75.98,310.6,101.6,50.38,0.69,1811,3543
39.87,76.12,308.2,98.9,50.67,0.694,1796,3551
39.88,76.19,304.7,100.1,50.05,0.698,1807,3545
39.89,76.28,294.5,99.6,50.23,0.695,1803,3548
39.9,76.36,292.6,98.8,49.47,0.694,1810,3549
39.91,76.36,289.2,100.4,48.92,0.701,1801,3551
39.92,76.43,283.9,98.7,49.64,0.699,1796,3553
39.93,76.47,274.3,101.3,48.8,0.701,1794,3563
39.94,76.51,268.7,99,48.46,0.699,1803,3555
39.95,76.57,263.3,98.7,48.17,0.695,1800,3565
39.96,76.63,259.7,96.6,47.82,0.705,1804,3569
39.97,76.69,256.1,101.5,47.61,0.702,1802,3566
39.98,76.68,248.2,101.2,47.25,0.699,1795,3563
39.99,76.73,243.4,100.3,47.33,0.704,1801,3570
40,76.77,238.3,98.5,46.83,0.71,1800,3572
40.01,76.83,234.8,101.9,46.58,0.71,1805,3569
40.02,76.83,225.5,98.1,46.09,0.705,1803,3574
40.03,76.87,219.3,100.8,46.22,0.702,1798,3580
40.04,76.86,213.5,98.7,45.74,0.706,1793,3576
40.05,76.95,206.8,98.9,45.48,0.704,1803,3577
40.06,76.91,205.1,99.2,45.33,0.702,1805,3574
40.07,76.97,199.8,99.8,45.18,0.703,1792,3575
40.08,76.95,195,99.5,44.24,0.706,1793,3575
40.09,76.97,187.4,98.3,44.29,0.703,1798,3583
40.1,77.05,183,99.9,43.91,0.702,1794,3580
40.11,77.01,178.9,99.2,44.8,0.699,1796,3579
40.12,77.03,172.5,100.6,46.55,0.704,1799,3582
40.13,76.98,166.9,99,47.73,0.704,1799,3583
40.14,76.99,161.2,98.6,49.02,0.705,1807,3581
40.15,76.93,153.4,99.8,50.09,0.709,1792,3580
40.16,76.98,150.5,102.9,50.82,0.701,1800,3574
40.17,76.99,146.7,98.1,51.06,0.71,1798,3583
40.18,76.98,136,97.4,51.91,0.709,1801,3581
40.19,76.97,132.8,101.4,52.16,0.715,1804,3579
40.2,76.96,126.2,100.7,52.55,0.714,1805,3586
40.21,77,120.9,98.9,52.68,0.713,1800,3578
40.22,76.99,119.7,100.2,52.69,0.717,1794,3581
40.23,76.99,110.8,99.3,52.54,0.723,1805,3573
40.24,77.02,104.9,100.1,52.81,0.728,1798,3582
40.25,77.01,102.5,98.9,52.41,0.726,1804,3584
40.26,77,99,99.2,52.54,0.726,1790,3580
40.27,76.98,100,98.2,53.17,0.73,1799,3584
40.28,77.01,99.2,98.9,53.02,0.735,1795,3579
40.29,77.03,100.3,101.3,53.58,0.739,1803,3582
40.3,77.03,101.6,100.2,52.78,0.746,1808,3580
40.31,77.01,98.5,100.9,52.57,0.75,1794,3581
40.32,76.94,97.2,100.9,52.75,0.75,1801,3576
40.33,76.97,98.9,98.4,53,0.75,1799,3577
40.34,77,98.8,98.3,53.01,0.753,1798,3579
40.35,76.99,100,101.6,52.75,0.761,1812,3584
40.36,77,101.5,99.2,53.05,0.763,1787,3579
40.37,77.04,101.4,99.6,53.13,0.763,1796,3584
40.38,77.02,100.9,97.4,53.56,0.763,1799,3581
40.39,76.98,104.2,101.9,53.08,0.77,1804,3579
40.4,77,100.5,102.8,53.53,0.767,1795,3580
40.41,76.96,100.1,98.1,52.88,0.773,1806,3580
40.42,77.04,99,100.1,53.08,0.771,1805,3577
40.43,77.01,99.7,97.4,53.47,0.779,1798,3571
40.44,77.06,100.2,97.4,52.93,0.781,1795,3580
40.45,77,96.9,99.8,53.42,0.779,1792,3581
40.46,76.99,101.1,98.4,53.26,0.781,1811,3580
40.47,77,99.5,98.9,52.97,0.779,1799,3581
40.48,77.02,96.9,102,52.91,0.78,1804,3588
40.49,77.02,100.3,99.5,52.91,0.787,1791,3575
40.5,76.99,101.7,100.8,53.26,0.779,1792,3584
40.51,77.01,101.8,98.1,53.03,0.781,1808,3583
40.52,76.99,100.3,98.7,52.87,0.778,1805,3582
40.53,77.02,100.3,103.3,53.18,0.778,1799,3583
40.54,77.01,98.4,99.2,52.35,0.771,1803,3584
40.55,76.98,100.4,101.2,53.18,0.779,1799,3579
40.56,76.99,98.5,102.6,53.39,0.779,1793,3581
40.57,76.98,99.9,99.6,52.77,0.775,1801,3579
40.58,76.98,100.8,99.1,52.99,0.775,1798,3579
40.59,76.99,101.2,100.3,53.1,0.77,1801,3574
40.6,76.98,99.2,100.5,53.07,0.77,1804,3578
40.61,76.94,102,103.2,53.35,0.767,1792,3581
40.62,77.03,97.5,100.8,53.63,0.766,1803,3577
40.63,76.99,101.7,101.5,53.64,0.767,1798,3578
40.64,76.99,100.3,100.5,53.13,0.762,1803,3581
40.65,76.95,101.2,101.9,53.17,0.765,1802,3582
40.66,76.99,99.3,100.3,53.18,0.765,1801,3580
40.67,76.99,101.1,100.5,52.98,0.765,1809,3579
40.68,77.03,102.6,100.9,53.38,0.758,1799,3582
40.69,76.98,100.9,99.5,53.35,0.76,1800,3579
40.7,77.04,100,101.8,53,0.756,1806,3576
40.71,77.03,99.6,100.5,53.1,0.754,1801,3584
40.72,77.05,98.4,100.7,53.19,0.758,1794,3577
40.73,76.95,100.3,99.6,53.17,0.752,1804,3578
40.74,77.01,100.5,100.2,53.46,0.749,1802,3578
40.75,76.95,99.5,97.6,53.12,0.749,1800,3582
40.76,76.97,99.3,108.6,53.15,0.746,1791,3579
40.77,76.96,99.1,111.4,52.96,0.75,1805,3579
40.78,77.01,99.6,117.3,52.94,0.752,1806,3578
40.79,77.02,100.9,122.6,52.97,0.743,1800,3583
40.8,76.98,99.9,128.4,52.41,0.742,1805,3582
40.81,77,99.8,136.1,52.92,0.748,1794,3576
40.82,77,99,138.5,52.63,0.742,1805,3575
40.83,77.07,101.6,141.5,53.47,0.746,1798,3581
40.84,76.99,98.2,149.2,53.52,0.747,1808,3582
40.85,77.03,101.1,156.9,53.24,0.741,1795,3577
40.86,76.98,98.5,159.9,52.64,0.746,1805,3584
40.87,76.97,97.9,164.7,53.05,0.74,1799,3575
40.88,77.01,101.3,171.5,53.42,0.737,1804,3576
40.89,76.99,100.2,175.3,52.94,0.743,1798,3584
40.9,76.93,99.5,181.5,53.56,0.741,1805,3582
40.91,76.99,99.9,186.9,52,0.748,1801,3580
40.92,76.98,101,194.5,50.03,0.746,1788,3582
40.93,76.96,99.8,196.7,47.98,0.745,1791,3579
40.94,76.95,97.5,200.6,46.49,0.742,1799,3578
40.95,76.96,98,208.8,44.58,0.733,1794,3572
40.96,76.92,97.8,214.3,43.72,0.733,1804,3584
40.97,76.91,101.5,219.6,43.06,0.729,1795,3573
40.98,76.86,98.3,226.2,42.4,0.724,1794,3579
40.99,76.86,102.6,232.7,41.76,0.714,1798,3576
41,76.93,98.5,236.8,40.82,0.703,1801,3568
41.01,76.83,98.3,244,40.37,0.698,1801,3569
41.02,76.77,101.1,248.1,40.49,0.696,1799,3570
41.03,76.74,100.8,254.7,40.05,0.684,1795,3570
41.04,76.72,102.4,259.8,40.36,0.681,1799,3572
41.05,76.65,100.6,266.4,39.85,0.664,1793,3565
41.06,76.66,101.2,267.4,39.63,0.649,1800,3564
41.07,76.56,98,278.3,39.44,0.647,1804,3569
41.08,76.48,98.8,282.8,38.84,0.641,1799,3558
41.09,76.45,98.5,286.2,39.11,0.628,1798,3560
41.1,76.4,99.3,294.4,39.35,0.625,1796,3559
41.11,76.32,102.5,295.8,39.31,0.608,1794,3553
41.12,76.21,99.7,302.5,38.86,0.6,1801,3548
41.13,76.18,96.9,309.3,38.35,0.587,1800,3545
41.14,76.08,100.3,313.8,38.61,0.577,1810,3546
41.15,76.04,99.5,320.7,37.83,0.575,1807,3541
41.16,75.95,100.6,322.8,38.34,0.56,1803,3542
41.17,75.85,100.4,334,37.96,0.556,1813,3534
41.18,75.7,97.4,335.4,38.28,0.547,1801,3528
41.19,75.7,101.4,342.3,38.47,0.541,1806,3528
41.2,75.54,102.3,349.7,37.61,0.533,1806,3524
41.21,75.45,97.2,353,37.9,0.523,1791,3518
41.22,75.33,101.2,359.3,37.76,0.52,1801,3517
41.23,75.25,100.7,364.4,37.61,0.522,1800,3516
41.24,75.07,98.2,370.7,37.57,0.517,1797,3510
41.25,75.03,97.9,373.5,37.54,0.509,1799,3500
41.26,74.87,100,379.9,36.79,0.509,1801,3494
41.27,74.76,99.3,384.4,37.17,0.505,1795,3492
41.28,74.66,99.8,392.5,36.58,0.506,1806,3490
41.29,74.46,100.4,397.4,36.61,0.505,1792,3481
41.3,74.43,99.6,402,36.36,0.503,1806,3478
41.31,74.23,101.9,406.5,36.61,0.5,1799,3472
41.32,74.08,99.8,414.6,36.38,0.499,1803,3461
41.33,73.98,98.7,421.9,36.13,0.5,1802,3463
41.34,73.77,101.5,422.7,36.56,0.503,1804,3447
41.35,73.65,99.7,431,35.9,0.499,1794,3448
41.36,73.47,100.3,435.2,35.76,0.504,1797,3441
41.37,73.38,101.4,441.5,36,0.5,1808,3431
41.38,73.16,101.6,445.3,35.23,0.506,1796,3429
41.39,73.01,99.4,453.3,35.45,0.506,1798,3421
41.4,72.86,99.1,456.8,35.53,0.511,1802,3418
41.41,72.73,96.6,462.1,35.25,0.515,1796,3409
41.42,72.43,101.8,467.6,35.13,0.516,1798,3399
41.43,72.32,100.9,475.1,35.18,0.518,1796,3396
41.44,72.1,98.4,479.4,34.05,0.521,1797,3383
41.45,71.88,101.8,488,34.47,0.524,1798,3378
41.46,71.79,102.1,491,34.71,0.524,1806,3372
41.47,71.53,100.9,495,33.89,0.529,1795,3359
41.48,71.41,101.7,502.2,33.71,0.534,1798,3354
41.49,71.07,97.4,506.3,33.73,0.529,1793,3341
41.5,70.94,100.1,511.7,33.75,0.535,1793,3340
41.51,70.71,99.7,518,33.2,0.534,1797,3335
41.52,70.5,103.8,522.5,33.38,0.533,1801,3321
41.53,70.28,100.7,531,33.14,0.54,1799,3311
41.54,70.08,100,535,33.34,0.532,1802,3306
41.55,69.83,100.4,538.8,32.99,0.536,1805,3300
41.56,69.64,97.9,545.8,32.29,0.538,1786,3290
41.57,69.44,100.7,551.7,32.3,0.537,1799,3277
41.58,69.18,99.1,560.2,31.25,0.534,1810,3264
41.59,68.96,101.4,566.1,30.92,0.53,1797,3261
41.6,68.73,100.8,572.8,30.19,0.527,1799,3250
41.61,68.46,103.1,579.5,30.29,0.522,1814,3237
41.62,68.23,99.9,586,29.95,0.52,1791,3231
41.63,67.94,99.1,593,29.74,0.515,1793,3222
41.64,67.72,97.4,600.1,29.16,0.509,1804,3211
41.65,67.44,103.1,604.5,29.23,0.512,1811,3197
41.66,67.17,101,610.5,28.82,0.501,1797,3180
41.67,66.81,99.3,620,28.66,0.493,1793,3178
41.68,66.6,100.3,622.2,28.17,0.486,1790,3161
41.69,66.31,100.4,629.3,27.87,0.483,1795,3157
41.7,66.04,99.2,639.8,27.73,0.475,1798,3146
41.71,65.77,98.9,646.2,27.6,0.473,1807,3131
41.72,65.49,101.1,649.8,27.66,0.464,1813,3117
41.73,65.17,100.4,651.6,29.53,0.454,1795,3111
41.74,64.89,100.1,651.3,31.75,0.452,1797,3090
41.75,64.59,100.5,648.8,33.52,0.44,1797,3080
41.76,64.36,98.7,647.9,35.8,0.446,1798,3071
41.77,63.98,99.6,648,36.34,0.438,1794,3053
41.78,63.65,101.5,648.5,37.51,0.43,1800,3048
41.79,63.37,99,651.5,38.9,0.431,1800,3039
41.8,63.06,102,649,38.89,0.432,1808,3020
41.81,62.8,99.7,650.4,39.54,0.435,1808,3014
41.82,62.47,100.9,652.6,39.86,0.432,1796,3000
41.83,62.16,100,648.3,39.99,0.438,1810,2984
41.84,61.85,99.1,652.7,40.45,0.444,1809,2977
41.85,61.56,101.8,648.5,40.62,0.437,1813,2961
41.86,61.31,98.9,650.7,40.55,0.45,1795,2951
41.87,60.94,99.3,650.4,40,0.45,1808,2942
41.88,60.69,101.1,649.9,40.23,0.452,1794,2926
41.89,60.39,100.2,648.4,40.27,0.459,1803,2914
41.9,60.11,99,648.7,39.95,0.463,1801,2898
41.91,59.78,98.7,648.8,39.74,0.467,1808,2892
41.92,59.43,99.9,652.2,39.94,0.466,1800,2881
41.93,59.2,98.9,651,39.72,0.473,1796,2865
41.94,58.88,100.3,649.5,40.06,0.477,1804,2859
41.95,58.65,99.8,652.8,40.07,0.481,1805,2841
41.96,58.25,100.4,649.6,40.41,0.483,1809,2841
41.97,58,100.6,647.6,39.33,0.49,1807,2819
41.98,57.72,99.5,649.2,39.42,0.494,1789,2806
41.99,57.36,101.4,649.4,39.21,0.498,1791,2796
42,56.99,99.9,650.9,39.14,0.501,1788,2783
42.01,56.77,100.2,650.1,39.16,0.508,1803,2772
42.02,56.46,100.3,649.7,39.52,0.506,1811,2756
42.03,56.17,102.6,647.9,39.08,0.51,1805,2746
42.04,55.91,99.8,648,39.17,0.504,1801,2736
42.05,55.62,99.9,650.6,39.19,0.508,1794,2724
42.06,55.28,99.2,650.9,38.72,0.503,1802,2704
42.07,55,97.3,650.8,38.21,0.502,1799,2698
42.08,54.64,101.7,651.8,38.93,0.502,1793,2693
42.09,54.37,102.3,651.9,38.42,0.499,1799,2673
42.1,54.11,99.4,649.3,38.6,0.493,1799,2661
42.11,53.81,100.7,651,38.11,0.494,1803,2649
42.12,53.52,99.1,649.6,38.29,0.486,1806,2641
42.13,53.16,98.3,650.5,37.88,0.484,1796,2633
42.14,52.84,99,652.8,37.79,0.478,1807,2615
42.15,52.6,101.1,648.5,38.02,0.469,1801,2601
42.16,52.22,98.1,648.4,37.81,0.466,1798,2593
42.17,51.94,98.3,649.6,37.52,0.459,1808,2577
42.18,51.74,100,651.6,37.73,0.455,1809,2571
42.19,51.35,100.3,649.9,37.32,0.444,1798,2554
42.2,51.08,99.3,650.8,37.76,0.442,1805,2540
42.21,50.72,101.2,650,37.43,0.432,1794,2528
42.22,50.43,101.1,650.3,37.23,0.425,1798,2521
42.23,50.18,103.2,648.5,36.95,0.413,1794,2509
42.24,49.87,100.5,647,37.12,0.402,1801,2497
42.25,49.55,99.6,651.9,36.61,0.401,1803,2484
42.26,49.27,97.4,652.6,37.52,0.39,1785,2464
42.27,48.97,100.2,651.1,36.55,0.38,1794,2458
42.28,48.62,102.9,648.8,36.75,0.362,1802,2440
42.29,48.42,102.1,648.5,36.72,0.361,1802,2433
42.3,48.1,99.5,649.7,36.44,0.351,1805,2424
42.31,47.79,101,650.9,36.64,0.341,1806,2411
42.32,47.5,100.3,650.2,36.71,0.332,1801,2402
42.33,47.16,100.8,651.7,36.46,0.323,1798,2389
42.34,46.9,102,649.3,36.3,0.317,1787,2374
42.35,46.58,97,650.2,35.85,0.308,1801,2364
42.36,46.28,98.8,650.7,35.85,0.297,1804,2347
42.37,45.93,101.3,650.7,36.2,0.291,1801,2342
42.38,45.68,96.7,651.1,35.79,0.287,1797,2330
42.39,45.37,101.5,653.1,35.98,0.279,1790,2311
42.4,45.06,100.6,650.8,35.96,0.269,1804,2302
42.41,44.75,97.8,649.6,35.55,0.266,1798,2289
42.42,44.45,99.3,651,35.81,0.253,1803,2283
42.43,44.15,102,649.3,35.27,0.248,1793,2270
42.44,43.9,99.4,647.8,35.51,0.24,1800,2252
42.45,43.57,98,650.3,35.24,0.243,1801,2240
42.46,43.26,100.2,650.8,34.71,0.234,1797,2231
42.47,42.94,99.8,649.3,34.7,0.228,1801,2221
42.48,42.69,99.7,652.2,34.7,0.225,1799,2203
42.49,42.41,99.7,650.1,34.88,0.22,1803,2198
42.5,42.04,101.5,651.1,34.54,0.217,1799,2185
42.51,41.78,99,649.2,34.79,0.217,1801,2174
42.52,41.5,101.4,646.9,34.54,0.214,1798,2157
42.53,41.14,100.5,649.9,34.54,0.211,1794,2149
42.54,40.88,100.5,653.3,34.32,0.201,1796,2135
42.55,40.59,100.1,650.3,34.33,0.193,1810,2121
42.56,40.26,99.9,652.2,34.29,0.2,1803,2114
42.57,39.99,100.7,653.4,34.29,0.196,1800,2103
42.58,39.69,99.1,651.8,34.59,0.191,1803,2082
42.59,39.43,98.4,649.6,34.15,0.185,1809,2076
42.6,39.09,100.5,646.6,33.94,0.183,1795,2061
42.61,38.82,103.7,649.4,33.38,0.184,1803,2051
42.62,38.48,100.5,650.7,34.35,0.179,1797,2042
42.63,38.18,99.9,651.6,33.36,0.179,1791,2024
42.64,37.88,100,650.8,33.3,0.174,1792,2013
42.65,37.56,101,650.5,33.36,0.166,1799,2004
42.66,37.31,97.3,650.2,33.09,0.174,1799,1990
42.67,36.99,102,647.9,33.46,0.167,1806,1982
42.68,36.66,99.8,651.8,32.83,0.165,1800,1964
42.69,36.41,101,651.6,32.99,0.163,1798,1951
42.7,36.05,96.7,652.5,32.5,0.164,1792,1948
42.71,35.8,100.8,649.8,33.21,0.156,1807,1926
42.72,35.45,100.7,649,32.66,0.16,1803,1918
42.73,35.2,100.9,649.7,32.46,0.152,1812,1910
42.74,34.93,101.1,649.3,32.77,0.147,1804,1898
42.75,34.55,101.2,651,32.7,0.145,1797,1874
42.76,34.29,103,650.9,32.42,0.144,1799,1871
42.77,33.95,98.1,649.2,32.41,0.141,1799,1863
42.78,33.65,103.4,651.1,32.43,0.135,1799,1848
42.79,33.41,102.3,650.3,32.03,0.127,1800,1834
42.8,33.02,100.5,651,31.68,0.124,1811,1827
42.81,32.76,100.3,647.2,31.83,0.125,1792,1811
42.82,32.47,99.7,646.8,32.01,0.126,1802,1801
42.83,32.18,97.3,650.3,31.3,0.114,1799,1783
42.84,31.87,101.9,649.1,31.78,0.114,1791,1771
42.85,31.61,100.5,649.2,31.57,0.109,1793,1766
42.86,31.27,99.8,650,31.64,0.105,1797,1753
42.87,30.97,100.1,649,31.31,0.101,1805,1737
42.88,30.66,97.3,649.2,31.58,0.095,1805,1727
42.89,30.35,98.1,647.3,31.23,0.09,1801,1708
42.9,30.06,98.2,652.7,31.37,0.082,1802,1696
42.91,29.75,98.8,650.7,31.03,0.082,1793,1689
42.92,29.48,99.3,649,31.45,0.07,1798,1683
42.93,29.17,99.5,648.2,31.35,0.075,1789,1667
42.94,28.84,99.9,649.8,30.88,0.06,1792,1654
42.95,28.48,98.7,648.9,30.52,0.058,1797,1640
42.96,28.31,101.8,651.6,30.78,0.051,1796,1632
42.97,27.93,98.3,650.9,30.6,0.052,1810,1619
42.98,27.69,99.1,649.7,30.34,0.041,1810,1611
42.99,27.34,98.1,650.1,30.68,0.03,1808,1588
43,27.08,97.8,650.4,30.13,0.03,1812,1583
43.01,26.78,98.6,649.2,30.17,0.026,1799,1567
43.02,26.44,99.8,649.7,29.74,0.015,1790,1559
43.03,26.16,99.6,650.7,30,0.013,1806,1543
43.04,25.87,101.4,650.5,29.62,0.008,1802,1541
43.05,25.58,99.7,650,29.7,0.001,1788,1528
43.06,25.31,101.7,649.1,29.79,0.001,1807,1512
43.07,25.04,100.5,649.9,29.8,-0.008,1791,1496
43.08,24.63,97.9,650.8,29.76,-0.013,1804,1491
43.09,24.38,99.1,649.3,29.47,-0.018,1794,1478
43.1,24.1,98.6,647.8,28.94,-0.024,1805,1465
43.11,23.78,98.1,649.1,28.97,-0.027,1808,1452
43.12,23.44,99.7,651.9,29.18,-0.032,1800,1432
43.13,23.13,102.4,652.4,29.75,-0.041,1817,1421
43.14,22.89,100.8,647.5,29.33,-0.04,1803,1413
43.15,22.59,101.6,652.8,29.07,-0.046,1803,1403
43.16,22.3,100.2,649.7,28.54,-0.051,1795,1391
43.17,21.95,99.4,652.1,28.82,-0.062,1799,1382
43.18,21.7,101,648.7,28.22,-0.063,1798,1372
43.19,21.38,99.1,649.2,28.87,-0.067,1793,1357
43.2,21.03,100.2,651.7,28.83,-0.075,1801,1342
43.21,20.79,99.8,650.5,28.02,-0.076,1809,1332
43.22,20.49,100.2,650.3,28.31,-0.084,1805,1317
43.23,20.17,102.6,649.5,28,-0.087,1809,1305
43.24,19.89,100.9,644.3,28.35,-0.097,1803,1296
43.25,19.52,101.4,651.4,28.06,-0.094,1799,1282
43.26,19.29,103.6,646.8,27.8,-0.097,1798,1272
43.27,18.97,101.7,648.9,27.79,-0.1,1806,1256
43.28,18.67,98.5,650.8,28.29,-0.106,1802,1245
43.29,18.4,100.5,651.3,27.87,-0.111,1803,1232
43.3,18.13,101.4,648.8,27.24,-0.121,1798,1231
43.31,17.77,98.9,648.7,27.44,-0.118,1788,1207
43.32,17.41,98.8,648.5,27.38,-0.126,1805,1204
43.33,17.23,99.6,649.1,27.54,-0.131,1798,1186
43.34,16.83,99.6,650.7,27.32,-0.136,1789,1175
43.35,16.61,103.1,637,30.59,-0.135,1801,1161
43.36,16.31,99.3,625.2,35.18,-0.14,1795,1152
43.37,15.95,102,607.7,39.25,-0.142,1804,1145
43.38,15.75,101.5,596.3,43.95,-0.141,1801,1128
43.39,15.45,98.9,580.7,47.15,-0.139,1805,1118
43.4,15.22,100.5,569,49.65,-0.137,1800,1107
43.41,14.92,102,556.3,52.68,-0.129,1798,1102
43.42,14.69,99.6,539.4,54.47,-0.136,1791,1084
43.43,14.48,98.2,527,55.28,-0.121,1805,1077
43.44,14.19,99.6,512.2,56.41,-0.116,1791,1067
43.45,13.95,99.1,498.2,57.34,-0.109,1794,1057
43.46,13.79,102.3,482.2,57.8,-0.098,1800,1054
43.47,13.56,101.7,471.2,58.68,-0.091,1802,1041
43.48,13.44,100,457,58.67,-0.082,1808,1039
43.49,13.19,95.7,445.1,59.29,-0.072,1798,1026
43.5,13,101.9,430,59.5,-0.063,1809,1024
43.51,12.85,97.2,415.9,59.68,-0.053,1805,1012
43.52,12.7,97.4,400.2,60.42,-0.041,1795,1012
43.53,12.64,99.8,388.4,60.32,-0.03,1802,1010
43.54,12.36,101.8,374.7,60.03,-0.024,1797,996
43.55,12.31,99.7,360.5,60.19,-0.008,1801,992
43.56,12.14,101.3,344.7,61.56,0,1795,986
43.57,12.09,102.7,333.5,61.01,0.004,1797,982
43.58,11.98,99.6,319.2,61.73,0.013,1808,979
43.59,11.87,101.1,306.5,61.79,0.023,1801,976
43.6,11.76,99,292.1,61.63,0.031,1802,971
43.61,11.64,99.7,277.2,61.91,0.039,1806,968
43.62,11.6,98.1,267.1,62.16,0.045,1796,962
43.63,11.57,98.9,252.6,62.12,0.047,1806,961
43.64,11.53,101,235.8,62.06,0.054,1801,963
43.65,11.37,101.8,223,62.63,0.055,1797,958
43.66,11.4,100.2,211.2,62.99,0.063,1806,958
43.67,11.42,100.3,195.3,63.04,0.064,1793,952
43.68,11.41,100.4,183.8,63.27,0.069,1802,951
43.69,11.37,96.6,169.6,60.93,0.062,1799,957
43.7,11.4,99.7,154.5,55.82,0.066,1799,957
43.71,11.3,102.1,140.6,51.19,0.061,1800,952
43.72,11.37,101.2,129.7,47.63,0.06,1796,953
43.73,11.33,99.3,113.8,44.13,0.053,1799,958
43.74,11.33,100.8,97.5,41.59,0.049,1794,953
43.75,11.35,101.3,99,39.36,0.03,1790,950
43.76,11.32,99.2,100.9,37.33,0.022,1802,954
43.77,11.38,99,99,36.88,0.007,1801,954
43.78,11.27,101.9,102.6,35.71,-0.011,1807,952
43.79,11.35,99.2,100.6,35.01,-0.02,1804,957
43.8,11.36,100.2,99.2,34.4,-0.042,1798,951
43.81,11.31,98.7,99.6,34.4,-0.058,1802,949
43.82,11.3,102.6,100.8,34.23,-0.074,1801,956
43.83,11.32,101.4,98.9,33.94,-0.095,1797,953
43.84,11.39,96,100.9,33.59,-0.112,1807,953
43.85,11.29,98.9,99.7,33.83,-0.128,1792,956
43.86,11.29,100.9,100.5,33.71,-0.149,1796,953
43.87,11.38,101,97.9,33.45,-0.169,1796,951
43.88,11.24,100.6,99.1,33.29,-0.188,1801,949
43.89,11.32,100.8,99.1,33.27,-0.204,1795,954
43.9,11.34,100.3,102.5,33.54,-0.226,1799,951
43.91,11.27,99.7,100,32.74,-0.238,1808,957
43.92,11.29,98.4,102.3,33.12,-0.258,1811,951
43.93,11.36,99.9,99.7,33.57,-0.273,1804,947
43.94,11.32,99.8,99.5,33.49,-0.292,1795,955
43.95,11.4,96.8,97.9,33.63,-0.297,1803,951
43.96,11.38,100.4,102,33.46,-0.316,1805,956
43.97,11.36,97.9,98.7,33.83,-0.328,1799,953
43.98,11.34,101.4,103,33.45,-0.333,1795,955
43.99,11.3,101.3,101.8,33.56,-0.34,1797,958
44,11.39,97.1,101.7,33.62,-0.36,1811,954
44.01,11.36,99.7,99,33.06,-0.36,1802,954
44.02,11.32,102.1,100.9,33.75,-0.363,1797,951
44.03,11.31,104.6,99.5,33.61,-0.371,1787,953
44.04,11.34,99.1,101.8,33.44,-0.373,1803,950
44.05,11.34,101.6,104.5,33.32,-0.368,1794,947
44.06,11.34,99.4,101,33.53,-0.373,1796,951
44.07,11.36,96.7,99.5,33.31,-0.366,1792,950
44.08,11.3,102.3,100,33.57,-0.376,1794,951
44.09,11.37,99.3,97.6,33.78,-0.369,1795,952
44.1,11.34,101.6,99.7,32.97,-0.361,1807,955
44.11,11.36,101.1,98.3,33.67,-0.359,1797,950
44.12,11.32,100.4,101.1,33.32,-0.354,1804,955
44.13,11.31,99.2,100,33.38,-0.348,1817,949
44.14,11.35,99.9,96.2,33.31,-0.34,1804,950
44.15,11.33,100.2,101,33.59,-0.328,1801,953
44.16,11.31,97.8,99,33.31,-0.326,1803,957
44.17,11.33,98.6,99.5,33.36,-0.31,1807,954
44.18,11.29,96.4,100.3,33.59,-0.304,1804,954
44.19,11.33,99,100.7,33.31,-0.301,1806,951
44.2,11.32,99.9,97.5,33.55,-0.293,1792,954
44.21,11.31,99.2,100.7,33.36,-0.282,1796,953
44.22,11.29,101.8,98.6,33.01,-0.267,1809,955
44.23,11.34,99.1,101.3,33.84,-0.266,1796,952
44.24,11.31,99.7,98.9,33.45,-0.25,1808,948
44.25,11.27,100,97.9,33.39,-0.242,1799,952
44.26,11.34,100.1,99.1,32.85,-0.232,1804,955
44.27,11.36,98,100.3,33.74,-0.225,1791,949
44.28,11.26,101,100.7,33.3,-0.223,1804,961
44.29,11.33,101.4,98.6,33.59,-0.208,1783,957
44.3,11.3,100.5,100.5,33.14,-0.205,1793,955
44.31,11.33,100.6,99.4,33.26,-0.193,1806,951
44.32,11.33,98.8,98.6,33.81,-0.196,1799,958
44.33,11.35,100.6,98.2,33.3,-0.184,1812,954
44.34,11.41,98.7,99.3,33.2,-0.177,1800,954
44.35,11.31,102.3,97.9,33.35,-0.175,1800,949
44.36,11.34,99.5,100.2,33.49,-0.173,1799,952
44.37,11.36,101.7,98.5,32.87,-0.171,1795,954
44.38,11.32,100,98.6,33.55,-0.17,1796,951
44.39,11.34,101,101.7,33.25,-0.161,1805,957
44.4,11.36,99,103.4,33.37,-0.16,1800,947
44.41,11.31,102.3,98.7,33.33,-0.157,1795,954
44.42,11.27,97.9,97.8,33.26,-0.16,1803,947
44.43,11.31,101,100.3,33.62,-0.157,1806,953
44.44,11.37,100.4,100.2,33.12,-0.161,1803,958
44.45,11.35,99.3,101.3,33.47,-0.161,1792,953
44.46,11.36,100.6,99.9,33.24,-0.165,1808,952
44.47,11.34,99.3,98.8,33.41,-0.165,1805,955
44.48,11.3,101.6,100.3,33.49,-0.169,1793,955
44.49,11.35,102.7,100.7,32.72,-0.165,1810,953
44.5,11.3,101.1,100.4,33,-0.171,1784,955
44.51,11.32,98.6,99.1,33.93,-0.183,1795,946
44.52,11.33,99.7,101.4,33.02,-0.181,1819,955
44.53,11.3,98.7,99.5,33.16,-0.189,1806,955
44.54,11.39,102.4,101.8,33.27,-0.184,1791,950
44.55,11.35,99,100.9,33.48,-0.197,1796,951
44.56,11.31,100,97.5,33.63,-0.198,1802,953
44.57,11.33,99.8,101.3,33.31,-0.204,1796,956
44.58,11.31,100.3,101.5,32.96,-0.205,1800,951
44.59,11.32,98.6,96.4,33.56,-0.218,1807,953
44.6,11.37,98.6,96.7,33.33,-0.215,1799,956
44.61,11.34,101.4,99.1,33.36,-0.218,1800,955
44.62,11.31,100.2,101.5,33.53,-0.224,1811,954
44.63,11.38,100.9,100.2,33.76,-0.234,1798,958
44.64,11.32,99.9,99.1,33.17,-0.233,1814,956
44.65,11.36,99.5,101.1,33.45,-0.239,1798,957
44.66,11.36,97.8,99,33.7,-0.24,1803,953
44.67,11.39,99.6,100.6,33.17,-0.244,1808,954
44.68,11.28,100.3,100.7,33.58,-0.25,1803,954
44.69,11.36,99.6,99.1,33.35,-0.248,1806,955
44.7,11.32,98.8,100.1,33.53,-0.246,1797,954
44.71,11.33,100.6,103.7,33.61,-0.259,1804,955
44.72,11.35,98,100,33.73,-0.255,1807,953
44.73,11.36,101.4,99.4,33.42,-0.258,1794,953
44.74,11.36,100.7,99.4,33.55,-0.261,1795,957
44.75,11.32,100.2,100,33.31,-0.26,1804,947
44.76,11.28,101.4,100.2,32.84,-0.261,1800,954
44.77,11.37,100.6,100.2,33.23,-0.262,1797,959
44.78,11.3,101.7,101.5,32.89,-0.265,1799,953
44.79,11.3,99.9,100.5,33.58,-0.264,1809,951
44.8,11.29,101.3,100,33.56,-0.27,1801,957
44.81,11.35,101.3,101.9,33.29,-0.26,1800,956
44.82,11.36,97.8,100,33.4,-0.265,1802,955
44.83,11.38,101.3,100.7,33.52,-0.262,1793,950
44.84,11.31,100.1,99.6,33.64,-0.263,1813,948
44.85,11.32,99.1,96.7,33.14,-0.255,1797,956
44.86,11.36,98,99.9,33.61,-0.255,1804,954
44.87,11.29,100.4,99.7,33.56,-0.253,1799,954
44.88,11.29,99.6,104.5,33.35,-0.26,1796,953
44.89,11.31,98.1,101.7,33.83,-0.251,1798,957
44.9,11.3,100.4,98.3,33.34,-0.25,1806,956
44.91,11.33,101.2,101.5,33.73,-0.253,1808,951
44.92,11.34,99.4,98,33.47,-0.249,1805,955
44.93,11.37,101.3,100.5,33.57,-0.243,1795,948
44.94,11.32,100.3,99.3,33.26,-0.237,1799,950
44.95,11.36,100.6,100.2,33.39,-0.241,1806,952
44.96,11.3,99.7,99.8,33.18,-0.227,1801,952
44.97,11.36,100.7,99.4,33.41,-0.236,1810,953
44.98,11.3,99.3,99.8,33.54,-0.231,1801,954
44.99,11.38,99.5,101.4,33.56,-0.227,1798,954
45,11.4,99,99.7,33.1,-0.227,1800,956
45.01,11.31,102.3,102.2,33.63,-0.225,1808,961
45.02,11.31,98.1,98.5,33.77,-0.226,1802,952
45.03,11.32,102,102.5,33.54,-0.227,1800,952
45.04,11.29,98.3,100.1,33.56,-0.218,1806,955
45.05,11.39,102.9,101.8,33.48,-0.223,1806,956
45.06,11.31,100.8,103,33.46,-0.22,1810,953
45.07,11.33,98.8,101.4,33.38,-0.22,1800,956
45.08,11.27,102.9,101.3,33.23,-0.211,1803,950
45.09,11.32,100.4,99.5,33.64,-0.215,1810,954
45.1,11.31,102,99.4,33.58,-0.22,1807,952
45.11,11.31,97.2,99.8,33.31,-0.213,1793,955
45.12,11.32,96.9,98.7,33.13,-0.214,1793,956
45.13,11.32,100.6,97.1,33.33,-0.218,1807,955
45.14,11.27,101.8,101.3,33.19,-0.212,1798,958
45.15,11.34,98.5,98.9,33.58,-0.217,1797,954
45.16,11.38,99.5,98.2,33.26,-0.211,1805,952
45.17,11.31,99.6,100.3,33.56,-0.216,1801,949
45.18,11.38,102,99.5,33.34,-0.21,1801,955
45.19,11.3,102.4,99.3,32.87,-0.217,1803,951
45.2,11.33,99.1,98.5,33.62,-0.214,1809,956
45.21,11.33,100.2,99.3,33.37,-0.214,1802,958
45.22,11.38,98.1,102.3,33.33,-0.219,1797,956
45.23,11.33,97.5,103.3,33.42,-0.219,1804,951
45.24,11.33,99.4,96.8,33.55,-0.22,1798,957
45.25,11.35,101.3,97.7,33.61,-0.225,1812,953
45.26,11.34,102.2,99.7,33.08,-0.223,1788,954
45.27,11.31,98.8,98.8,33.3,-0.223,1797,961
45.28,11.37,99.4,100.4,33.76,-0.221,1804,957
45.29,11.36,101.2,97.9,33.59,-0.225,1792,947
45.3,11.35,99.6,99.3,33.14,-0.225,1796,957
45.31,11.42,98.4,102.2,33.05,-0.225,1801,955
45.32,11.32,101.3,101,33.35,-0.224,1808,954
45.33,11.41,99.9,99.1,33.86,-0.224,1802,956
45.34,11.34,99.6,100.3,33.13,-0.228,1801,956