Time[s],EEC1::EngSpeed[rpm],Body_IMU_Angle_SQ::PitchAngle[deg],LASP::FFD3_BoomAnglePercentage,LABHRP::FFD2_ArmCylinderHeadPressure,LOGI_::AngleSensorVoltage_Arm[mV],LOGE_::EPPR_ArmUp[mA],LOGE_::EPPR_ArmDown[mA]
0,0,0,0,0,0,0,0
0.01,1803,-0.006,5.04,30.7,699,101.5,101.2
0.02,1805,-0.013,5.06,30.91,698,100.4,100.9
0.03,1803,-0.018,5,31.1,699,100.8,101.2
0.04,1797,-0.021,5.01,30.92,698,100.6,98.2
0.05,1803,-0.037,5.04,31.24,705,98.3,101.3
0.06,1807,-0.053,5.01,31.48,704,102.3,98.7
0.07,1799,-0.064,5.02,31.37,698,99,99.7
0.08,1800,-0.08,4.99,31.22,699,100.9,98.7
0.09,1794,-0.096,4.98,31.73,698,98,102.1
0.1,1805,-0.108,5.04,31.88,699,99.5,99.2
0.11,1795,-0.13,4.98,31.56,696,98.4,100.4
0.12,1800,-0.149,5.03,31.92,698,99.8,101.5
0.13,1801,-0.177,5.01,31.47,695,101.5,100.1
0.14,1792,-0.197,5.04,31.89,703,102.5,99.9
0.15,1803,-0.217,4.96,31.47,700,99.1,100.2
0.16,1792,-0.234,4.98,31.25,700,100.6,100.2
0.17,1806,-0.259,5.04,31.34,698,102.4,99.8
0.18,1805,-0.281,4.97,30.96,703,99.3,98.2
0.19,1791,-0.301,4.97,31.89,697,98.9,99.3
0.2,1797,-0.323,4.99,31.8,699,97.1,100.9
0.21,1800,-0.341,5.01,31.52,697,101.5,100.6
0.22,1797,-0.36,4.93,31.32,706,98.1,101.9
0.23,1801,-0.371,4.99,31.5,697,100.8,101
0.24,1806,-0.392,5.01,31.2,699,100.1,99.4
0.25,1805,-0.407,4.99,31.58,699,102.9,99
0.26,1798,-0.424,5,31.57,702,102.5,102.2
0.27,1795,-0.432,4.99,31.62,701,102.2,100.7
0.28,1802,-0.446,4.99,31.86,703,100.2,100.5
0.29,1800,-0.454,5.03,31.31,697,99.1,104.1
0.3,1802,-0.463,4.98,31.25,697,100.7,100.9
0.31,1801,-0.468,5.01,31.42,704,101.3,100.1
0.32,1800,-0.474,4.99,31.87,698,100,100.8
0.33,1811,-0.476,5,31.08,697,98.6,99.2
0.34,1801,-0.483,5.01,31.36,701,97.3,99.8
0.35,1791,-0.487,5.03,31.61,700,100.4,100.5
0.36,1800,-0.487,5.03,30.94,696,99.8,100.5
0.37,1796,-0.481,4.99,31.17,702,100.4,101.6
0.38,1792,-0.479,5,31.31,706,101,101.2
0.39,1811,-0.476,5.02,31.49,699,98.5,101.3
0.4,1809,-0.473,4.97,31.31,696,99.2,101.7
0.41,1812,-0.463,5.02,31.89,705,100.3,100.1
0.42,1802,-0.467,4.97,31.25,704,99.2,101.4
0.43,1804,-0.455,4.94,31.17,704,102.1,101.3
0.44,1803,-0.445,4.98,31.56,700,98.7,97.8
0.45,1805,-0.439,4.95,31.31,696,103.3,97.6
0.46,1799,-0.427,4.91,31.72,696,101.4,100.3
0.47,1793,-0.42,4.98,31.62,702,100.7,99.6
0.48,1804,-0.411,5.04,31.55,697,100.9,99.1
0.49,1795,-0.396,4.97,32.02,702,100.8,100.5
0.5,1804,-0.389,4.97,31.6,696,100.9,100.6
0.51,1803,-0.378,5,31.77,703,101.6,99.4
0.52,1801,-0.37,5.02,31.4,701,99.5,99.7
0.53,1808,-0.355,5.03,31.62,701,100.8,101
0.54,1809,-0.349,4.97,31.76,700,100.3,100.6
0.55,1790,-0.339,5.02,31.73,699,100,98.9
0.56,1803,-0.33,5.01,31.72,701,99.3,102.8
0.57,1796,-0.323,5,31.24,707,99.7,97.3
0.58,1801,-0.309,4.97,31.38,700,99.6,99.6
0.59,1803,-0.299,4.96,31.37,696,100.4,99.5
0.6,1803,-0.294,4.96,31.2,702,99.5,100.8
0.61,1798,-0.288,5.02,31.24,694,99.1,100.6
0.62,1793,-0.283,4.99,31.72,697,100.5,100.8
0.63,1812,-0.275,4.99,31.67,704,101.2,98
0.64,1804,-0.268,4.98,31.76,699,99.7,99.8
0.65,1790,-0.257,5.02,31.45,699,100.2,100.8
0.66,1810,-0.257,5.01,31.31,698,99.7,100.9
0.67,1798,-0.252,4.99,32.23,702,101.3,100.4
0.68,1802,-0.253,5.05,31.49,700,98.5,98.9
0.69,1800,-0.249,5.04,31.89,697,98.4,99.7
0.7,1804,-0.252,5.06,32.02,702,99.1,101.1
0.71,1793,-0.242,4.98,31.8,702,100.1,102
0.72,1798,-0.243,5.03,31.34,698,98.5,100.4
0.73,1797,-0.253,5.03,31.47,699,96.4,99.3
0.74,1799,-0.256,4.98,31.45,698,101.4,102.7
0.75,1812,-0.252,5.03,31.01,703,100.2,97.6
0.76,1801,-0.252,5.02,31.31,703,99.5,99.4
0.77,1813,-0.25,4.96,31.28,703,98.9,100.1
0.78,1797,-0.26,4.95,31.9,704,102.7,100.9
0.79,1798,-0.258,5.04,31.78,705,102.3,99.9
0.8,1802,-0.265,4.96,31.08,701,100.4,98.5
0.81,1793,-0.267,5.06,31.17,696,98.7,100.7
0.82,1803,-0.271,5.04,31.74,699,101,99.2
0.83,1789,-0.275,5.04,31.2,702,100.4,99.6
0.84,1803,-0.278,4.99,31.33,701,101.4,98.6
0.85,1804,-0.29,4.99,31.2,699,98.7,98.8
0.86,1802,-0.286,5.02,31.63,703,97.8,100.6
0.87,1799,-0.3,4.99,31.4,700,99.9,99.9
0.88,1804,-0.303,4.97,31.27,698,100.3,101.1
0.89,1791,-0.303,4.96,30.94,698,99.1,98.4
0.9,1797,-0.308,5,31.35,700,101.4,97
0.91,1807,-0.318,4.96,31.64,700,99.7,98.5
0.92,1811,-0.322,5.02,31.49,703,97.3,97.2
0.93,1794,-0.325,5.01,31.18,700,99.3,97.9
0.94,1798,-0.33,5.05,31.35,701,102.2,99.1
0.95,1797,-0.34,4.97,31.22,701,99.5,97.9
0.96,1807,-0.34,4.93,31.57,698,99.4,98.3
0.97,1795,-0.338,5.02,31.77,700,100.9,98.2
0.98,1789,-0.348,4.99,31.75,703,95.5,99.3
0.99,1798,-0.349,5.03,30.9,705,100.5,99.9
1,1811,-0.351,5.03,31.44,698,100.7,99.9
1.01,1805,-0.356,4.98,31.15,695,99.7,96.5
1.02,1801,-0.358,5.06,32.05,698,99.8,98.5
1.03,1808,-0.362,4.98,31.58,700,97.6,100.2
1.04,1788,-0.357,5.01,31.26,698,96.9,102
1.05,1808,-0.365,4.99,31.93,698,100,98.2
1.06,1794,-0.362,4.98,31.54,701,100.3,100.7
1.07,1796,-0.367,4.94,31.86,703,98.8,99.9
1.08,1799,-0.362,5,31.6,697,100.3,99.1
1.09,1799,-0.358,5.04,30.8,702,99,98
1.1,1794,-0.359,4.94,31.91,701,100.5,98.2
1.11,1800,-0.36,4.95,31.85,701,101.3,100.5
1.12,1805,-0.361,5.05,31.89,697,99.2,99.5
1.13,1802,-0.358,5.03,31.42,701,99.1,98.2
1.14,1795,-0.354,5.01,32.04,699,101,99.9
1.15,1789,-0.352,4.95,31.5,700,98.6,101.3
1.16,1794,-0.355,5,31.59,705,102.1,99.1
1.17,1807,-0.35,5.02,31.63,704,96.6,100.1
1.18,1788,-0.353,5.01,31.2,702,100.3,99.1
1.19,1798,-0.346,4.98,31.66,700,100.7,99.7
1.2,1810,-0.349,5.04,31.67,702,99.7,97.5
1.21,1806,-0.34,4.97,31.77,699,102.8,98.8
1.22,1810,-0.344,5.03,31.74,704,97.8,99.6
1.23,1805,-0.345,5,31.69,704,103.4,98.7
1.24,1806,-0.336,5.02,31.28,695,102.7,100.9
1.25,1791,-0.339,4.96,31.11,697,98.5,100.5
1.26,1795,-0.339,4.94,31.62,703,97.7,99.2
1.27,1810,-0.331,4.95,31.85,702,100.2,96.5
1.28,1806,-0.328,5.02,31.86,697,99.3,100.2
1.29,1811,-0.328,4.98,31.68,699,101.1,99.1
1.3,1793,-0.323,5.03,31.62,695,98.9,99.8
1.31,1798,-0.322,5,31.41,702,102.2,100.9
1.32,1800,-0.313,4.98,31.22,701,99.3,100.7
1.33,1793,-0.316,4.94,31.42,692,101.3,100.3
1.34,1804,-0.317,5.01,31.61,700,100,102.5
1.35,1813,-0.313,5,31.34,700,99.2,102.1
1.36,1792,-0.31,4.99,31.57,700,97.6,99.3
1.37,1796,-0.312,5.02,31.5,703,100.7,99.8
1.38,1798,-0.314,5.01,31.56,704,98.1,102
1.39,1802,-0.305,4.98,31.44,693,100.7,99.2
1.4,1801,-0.312,4.96,31.54,698,101.4,98.6
1.41,1803,-0.308,5.03,31.48,701,99.8,99.1
1.42,1800,-0.303,4.94,31.1,699,96.6,100.7
1.43,1795,-0.301,4.99,31.73,699,98.8,97.6
1.44,1795,-0.307,4.98,31.57,702,99.6,101.7
1.45,1796,-0.307,5.05,31.52,703,99.3,100.1
1.46,1802,-0.307,4.99,31.56,707,99.4,100.8
1.47,1794,-0.309,5,31.33,704,98.9,100.1
1.48,1800,-0.307,5.01,31.97,697,98.9,98.9
1.49,1795,-0.312,4.97,31.23,704,97.9,100.6
1.5,1795,-0.309,4.93,31.22,694,100.5,102.2
1.51,1797,-0.31,5.01,30.97,699,99.3,100.6
1.52,1802,-0.307,4.99,31.08,700,97.7,101
1.53,1793,-0.311,5.04,31.3,698,96.2,97.8
1.54,1804,-0.309,5.02,31.4,695,100.6,101.2
1.55,1795,-0.318,5.02,31.74,702,99.6,100.9
1.56,1800,-0.313,5,32.3,702,97,97.8
1.57,1794,-0.317,4.95,31.37,698,99.5,100.3
1.58,1796,-0.317,5.01,31.35,703,100.6,99
1.59,1802,-0.319,4.93,31.22,702,99.7,100.1
1.6,1797,-0.317,5.02,31.48,708,99,99
1.61,1797,-0.317,5.01,31.38,700,100.5,101.2
1.62,1788,-0.317,5.02,31.97,701,98.9,98.6
1.63,1800,-0.322,4.96,31.77,701,98.2,100.6
1.64,1808,-0.322,4.97,31.58,701,100.6,101.6
1.65,1787,-0.328,5.01,31.58,701,100.8,99
1.66,1798,-0.324,5.01,31.34,698,100.4,102.9
1.67,1796,-0.333,4.99,31.62,696,102.3,101.2
1.68,1793,-0.326,4.99,31.36,705,101.2,99.2
1.69,1798,-0.325,5.02,31,697,100.8,101.5
1.7,1794,-0.326,4.94,31.43,701,99.4,101.1
1.71,1804,-0.328,5.03,31.6,698,101.6,98.9
1.72,1795,-0.332,5.03,31.63,700,96,100.2
1.73,1806,-0.333,5,31.33,699,97.1,97.8
1.74,1799,-0.334,4.95,31.41,695,100.1,98.2
1.75,1806,-0.335,4.99,31.71,697,99.9,100.8
1.76,1796,-0.33,5.04,31.7,701,99,100.2
1.77,1803,-0.329,4.97,31.75,697,97.2,99.3
1.78,1805,-0.336,5.02,31.57,701,101.4,98.3
1.79,1807,-0.333,5,31.34,696,99.7,98.9
1.8,1797,-0.336,4.98,31.09,700,99.3,101.9
1.81,1799,-0.332,5.07,31.2,700,100.5,102
1.82,1802,-0.338,5.02,31.17,696,99.8,99
1.83,1796,-0.336,4.98,31.55,701,98.6,100.5
1.84,1801,-0.333,5.01,31.08,699,99,99.3
1.85,1803,-0.329,4.95,31.53,699,100.8,100.3
1.86,1812,-0.33,4.96,31.61,699,100.1,101.2
1.87,1790,-0.333,5,31.45,699,100.8,101.3
1.88,1796,-0.334,5,31.38,702,97.1,102
1.89,1798,-0.331,4.97,31.31,703,99.8,102.4
1.9,1793,-0.336,4.97,31.37,697,98.3,102
1.91,1795,-0.331,4.99,31.56,704,99.1,99.7
1.92,1807,-0.338,5.02,31.52,697,98.3,99.1
1.93,1814,-0.332,4.98,31.64,698,100.6,100.4
1.94,1810,-0.329,5.02,31.35,701,99.5,99.4
1.95,1805,-0.329,5.06,31.41,697,99.6,103.5
1.96,1804,-0.33,4.98,31.6,704,99.2,102.1
1.97,1797,-0.329,5.04,31.55,700,100.6,99.8
1.98,1809,-0.328,5.06,31.66,700,99.3,100.4
1.99,1790,-0.331,5,31.36,699,101.8,99.9
2,1786,-0.329,5.05,31.08,699,99,100.9
2.01,1810,-0.326,5.01,31.34,697,99.8,97.5
2.02,1798,-0.324,5.03,31.64,701,100.2,98
2.03,1795,-0.325,4.99,31.53,705,99.9,99.1
2.04,1804,-0.324,4.97,31.71,701,100.4,96.6
2.05,1796,-0.324,4.96,31.34,704,99.3,98.8
2.06,1803,-0.328,5.06,31.81,701,101.4,97.8
2.07,1814,-0.325,4.98,31.26,700,99.8,100.3
2.08,1793,-0.324,4.98,31.52,701,97.9,101.4
2.09,1798,-0.322,4.99,31.85,703,102.9,100.6
2.1,1808,-0.32,5,31.71,701,102.6,100.8
2.11,1801,-0.324,4.97,31.14,697,99.3,100.6
2.12,1799,-0.32,5.02,31.45,698,100.9,100.8
2.13,1797,-0.325,5.04,31.12,699,99.5,100.3
2.14,1792,-0.324,5.05,31.47,698,98.6,101
2.15,1798,-0.315,4.97,31.36,697,99.6,100.2
2.16,1807,-0.311,5.03,32.03,700,99.3,100.4
2.17,1798,-0.32,5.02,31,701,99.2,99.5
2.18,1804,-0.32,4.96,30.98,701,102.7,99.4
2.19,1809,-0.32,4.95,31.32,700,99.5,100.5
2.2,1808,-0.325,4.97,31.58,698,99.4,98.8
2.21,1792,-0.316,5.02,31.17,699,100.2,97.3
2.22,1788,-0.321,5.03,31.26,696,98.4,102.2
2.23,1802,-0.32,5.04,31.36,700,97.5,101.5
2.24,1797,-0.322,5.11,31.76,700,100.3,98
2.25,1810,-0.323,4.96,31.29,703,100.5,100.7
2.26,1797,-0.318,5.05,31.84,697,101.5,99.2
2.27,1800,-0.329,5.01,30.94,700,100.1,100.2
2.28,1802,-0.32,5.03,31.57,701,100.5,97.7
2.29,1796,-0.324,5,31.45,702,98.1,98.9
2.3,1805,-0.32,5,31.83,701,97.9,100.9
2.31,1799,-0.322,4.96,31.71,696,96.5,100.8
2.32,1801,-0.325,5,31.33,702,101.6,101.9
2.33,1797,-0.324,4.98,30.87,701,98.4,98.2
2.34,1804,-0.319,5.04,31.36,700,100,101
2.35,1794,-0.321,4.94,31.67,699,98.8,99.7
2.36,1799,-0.328,5.05,31.14,701,101.4,97.9
2.37,1797,-0.328,4.94,31.02,696,103,101
2.38,1796,-0.326,5,31.13,697,101.1,101.9
2.39,1804,-0.325,4.94,31.54,705,99.2,99.2
2.4,1798,-0.327,4.98,31.56,702,100.4,98.8
2.41,1810,-0.324,5.02,31.16,703,99,102.3
2.42,1799,-0.324,5,31.73,704,97.9,99.3
2.43,1805,-0.325,4.99,31.29,701,97.5,100.1
2.44,1799,-0.325,5.05,31.65,695,101.2,97.7
2.45,1794,-0.329,4.99,31.41,703,100.7,101.2
2.46,1799,-0.331,4.93,31.2,704,102.6,99.8
2.47,1804,-0.322,5.02,31.5,704,101.2,99.8
2.48,1810,-0.329,4.99,31.06,703,98.8,99.3
2.49,1798,-0.326,4.98,31.89,699,100.6,98.9
2.5,1798,-0.327,5.01,31.28,700,101.3,99.2
2.51,1798,-0.327,4.99,31.38,697,101.1,101.2
2.52,1792,-0.33,5.01,31.29,701,99.3,97.5
2.53,1809,-0.326,4.96,31.4,696,99.4,99.1
2.54,1804,-0.33,5,31.46,702,100.3,98.8
2.55,1799,-0.329,4.99,31.24,700,99.9,100.6
2.56,1799,-0.328,4.93,31.96,702,98,101.1
2.57,1796,-0.326,4.98,31.28,701,100.4,100.8
2.58,1805,-0.325,5.03,31.23,699,99,100.8
2.59,1795,-0.33,5.01,31.74,701,102.6,102.4
2.6,1800,-0.326,4.97,30.8,692,98.5,97.5
2.61,1798,-0.328,5.02,32.02,704,100.5,96.5
2.62,1801,-0.327,5,31.48,703,100.9,98.4
2.63,1801,-0.324,4.97,31.88,699,100.8,99.2
2.64,1796,-0.331,4.98,31.29,700,100.6,101
2.65,1794,-0.331,4.98,31.52,697,100,98.7
2.66,1807,-0.325,5.03,31.44,702,100.5,100.7
2.67,1797,-0.328,4.94,31.21,703,101.1,100
2.68,1805,-0.322,5.04,31.56,697,102.5,102
2.69,1809,-0.325,4.95,31.2,701,99.4,100.4
2.7,1800,-0.32,5.02,31.27,698,101.8,102.8
2.71,1798,-0.328,5,30.97,704,99.2,99.3
2.72,1802,-0.322,4.99,31.84,698,100.7,100.7
2.73,1802,-0.325,5.03,31.45,703,100.5,100.3
2.74,1797,-0.325,5.04,31.73,697,100.9,100.4
2.75,1806,-0.321,4.99,31.87,703,98.8,100
2.76,1801,-0.322,4.99,31.34,701,100,99.1
2.77,1804,-0.32,5,31.58,703,98,99.6
2.78,1803,-0.324,4.97,31.67,698,100.1,99.4
2.79,1799,-0.328,5.03,31.48,701,101.7,100.8
2.8,1799,-0.327,4.99,31.04,698,98.8,99.3
2.81,1800,-0.325,4.96,32.03,697,97.9,97.8
2.82,1809,-0.32,5,31.05,698,100.1,101.3
2.83,1801,-0.324,5,31.61,696,104.3,100.9
2.84,1790,-0.324,5,31.6,704,101.9,101.8
2.85,1799,-0.322,5.03,31.55,704,100.3,100.3
2.86,1803,-0.32,4.97,31.34,699,98.6,99
2.87,1796,-0.32,5,31.34,697,98,99.3
2.88,1790,-0.323,5.08,31.65,700,100.1,102.1
2.89,1795,-0.323,5.01,31.42,704,99.3,101.6
2.9,1797,-0.323,5.04,31.93,700,99.3,101.3
2.91,1803,-0.325,4.96,31.53,701,99.4,100.8
2.92,1801,-0.325,4.98,31.33,704,100.1,101.5
2.93,1798,-0.322,5.02,31.59,705,100.8,101.3
2.94,1807,-0.326,5.01,31.13,701,100.5,98
2.95,1808,-0.324,5,31.45,699,97.8,100.9
2.96,1798,-0.332,5.04,31.63,701,100.6,100.2
2.97,1798,-0.318,5,31.18,698,99.7,102.7
2.98,1797,-0.326,4.94,31.43,696,98.5,97.6
2.99,1802,-0.319,4.93,31.71,701,98.5,102.7
3,1796,-0.328,4.96,31.66,698,99.9,97.7
3.01,1794,-0.324,5,31.75,705,100.6,101.6
3.02,1795,-0.326,5.09,31.73,703,99.1,99.9
3.03,1802,-0.329,5.07,31.66,700,98.3,100
3.04,1800,-0.32,4.97,31.7,700,98.9,100
3.05,1795,-0.327,5,31.39,695,100.4,102.1
3.06,1802,-0.327,5.02,31.23,702,100.8,100.6
3.07,1796,-0.321,4.96,31.23,700,100.7,99.7
3.08,1805,-0.324,5.03,31.26,699,98.9,100.3
3.09,1795,-0.33,4.99,31.61,697,102.2,100.2
3.1,1806,-0.324,5.04,31.41,700,99.8,96.8
3.11,1809,-0.327,4.94,31.7,701,101.1,100.3
3.12,1800,-0.332,4.94,31.09,701,101,99.6
3.13,1801,-0.319,5.01,31.37,701,100.5,99.1
3.14,1809,-0.319,4.99,31.28,701,98.8,100.5
3.15,1804,-0.327,4.97,31.19,702,99.4,101.2
3.16,1793,-0.325,5,31.68,700,100.5,99.2
3.17,1812,-0.322,5.03,31.66,704,102.3,98.6
3.18,1799,-0.326,5.02,31.69,706,99.9,100
3.19,1803,-0.319,5.01,30.99,702,101.2,99.8
3.2,1786,-0.328,4.98,32,702,96.5,97.9
3.21,1813,-0.323,5.03,31.58,704,102.3,101.9
3.22,1802,-0.33,5.04,31.36,701,98.2,97.5
3.23,1795,-0.33,5,31.71,702,100.4,100.1
3.24,1797,-0.322,4.97,31.67,705,101.4,98.6
3.25,1808,-0.322,4.97,31.76,702,101.7,101
3.26,1806,-0.324,5,31.02,701,100.4,98.2
3.27,1806,-0.327,5.01,31.2,702,97.4,98.7
3.28,1804,-0.325,5.05,31.29,703,101.7,102.5
3.29,1801,-0.326,4.99,31.48,701,99.7,99
3.3,1797,-0.329,5,31.89,697,100.9,98.1
3.31,1789,-0.324,5.05,31.57,709,99.6,102.3
3.32,1799,-0.328,5.01,31.54,698,102,100.5
3.33,1804,-0.321,4.99,31.63,699,100.5,99.6
3.34,1809,-0.322,5.01,31.45,702,99.9,100.8
3.35,1799,-0.322,4.98,31.35,702,99.3,101.6
3.36,1785,-0.325,4.99,31.23,701,99.6,100.1
3.37,1813,-0.325,5,32.49,702,99.5,96.6
3.38,1783,-0.322,5.02,32.13,702,100.6,100.6
3.39,1800,-0.323,5.03,31.99,706,99.8,98.8
3.4,1799,-0.324,4.99,31.89,700,99.3,99.7
3.41,1800,-0.326,5.03,31.4,694,99.6,99.9
3.42,1803,-0.326,5.03,31.88,701,100.1,101.3
3.43,1797,-0.323,4.9,31.32,705,100.4,100.5
3.44,1794,-0.328,4.99,31.78,698,100.3,98.3
3.45,1799,-0.326,5.02,31.49,697,100.3,100.1
3.46,1799,-0.326,5.05,31.46,695,98.7,98.9
3.47,1804,-0.328,5.02,31.41,703,100,99.6
3.48,1801,-0.329,5,31.34,701,98.7,100.8
3.49,1808,-0.323,5.01,31.22,699,99.9,99.5
3.5,1801,-0.323,4.98,31.49,703,99.5,99.2
3.51,1804,-0.32,4.97,31.46,697,99.2,102.6
3.52,1803,-0.325,4.95,31.65,699,97.8,99.7
3.53,1802,-0.326,4.98,31.99,696,98.5,97.6
3.54,1809,-0.323,4.99,31.25,697,101,101.3
3.55,1805,-0.327,4.99,31.91,703,100.7,101.8
3.56,1797,-0.322,5.04,31.5,705,101.2,98.7
3.57,1795,-0.327,4.97,31.66,700,100.9,98
3.58,1807,-0.323,5.02,32.15,702,99.6,100.5
3.59,1812,-0.321,4.98,31.46,704,98.5,99.9
3.6,1815,-0.322,4.96,31.74,696,99.3,100.3
3.61,1800,-0.325,5.02,31.56,699,100.5,101.6
3.62,1806,-0.323,4.97,31.4,708,101.1,99.4
3.63,1806,-0.323,4.98,31.16,700,102.7,100
3.64,1796,-0.32,4.98,31.96,700,98.5,96
3.65,1804,-0.319,4.99,31.7,700,101.7,102.8
3.66,1802,-0.324,4.93,31.6,701,99.5,99.5
3.67,1801,-0.325,5.04,31.66,698,102.2,100.6
3.68,1799,-0.331,4.98,31.37,697,99.9,98.4
3.69,1798,-0.328,5.03,31.48,705,100,99.7
3.7,1792,-0.323,4.99,31.41,699,97.6,99
3.71,1797,-0.331,5,30.89,701,100.8,96.6
3.72,1801,-0.322,5.02,31.68,702,98.1,100.4
3.73,1809,-0.326,4.98,31.61,705,99,99.6
3.74,1807,-0.325,4.97,32.01,700,97.7,100.3
3.75,1798,-0.323,5.03,31.26,701,101.8,102.6
3.76,1793,-0.324,5.05,31.18,698,98.2,98.4
3.77,1791,-0.324,4.95,31.55,699,101.2,98.4
3.78,1794,-0.322,5,31.22,705,99.5,100.3
3.79,1798,-0.322,4.98,31.46,694,100.1,98.6
3.8,1802,-0.322,4.99,31.58,690,97.6,101.1
3.81,1801,-0.324,5.08,31.3,703,101.5,100.2
3.82,1793,-0.331,4.97,31.63,697,98.6,98.1
3.83,1805,-0.325,5.01,31.73,693,99.5,99.2
3.84,1812,-0.321,5.09,31.63,700,100.6,98.3
3.85,1793,-0.327,5.01,30.98,701,98.7,100.1
3.86,1793,-0.328,5.02,31.48,693,101.5,100.7
3.87,1801,-0.326,5.01,31.62,698,98.6,98.8
3.88,1810,-0.33,5.05,31.35,703,99.1,102.1
3.89,1807,-0.322,4.98,31.15,699,100.6,101
3.9,1798,-0.324,5.01,31.07,693,99.9,99.4
3.91,1811,-0.327,5.06,31.75,700,100,101.7
3.92,1812,-0.32,4.98,31.89,697,100.8,100.6
3.93,1796,-0.318,5.05,31.71,702,99.2,98.9
3.94,1803,-0.324,5.04,31.57,702,102.1,100.4
3.95,1811,-0.328,4.98,31.21,699,98.9,100.1
3.96,1801,-0.321,4.99,31.63,698,102.6,103
3.97,1805,-0.33,4.99,31.14,699,101.3,97.1
3.98,1798,-0.317,4.95,31.27,697,99.6,99
3.99,1796,-0.324,5.01,31.44,699,98.3,101.5
4,1799,-0.323,5.03,31.26,702,98.6,101.7
4.01,1806,-0.33,5.05,31.64,704,99.4,102.8
4.02,1806,-0.325,5,31.69,699,100.8,103.8
4.03,1802,-0.324,4.97,31.21,704,99.9,102
4.04,1790,-0.322,4.97,31.14,698,100,98.5
4.05,1806,-0.324,4.99,31.52,703,102.5,101.6
4.06,1807,-0.324,4.99,31.62,697,99.3,99.8
4.07,1806,-0.323,4.97,31.17,702,99.4,102.8
4.08,1801,-0.326,5.02,31.5,696,95.9,100.8
4.09,1793,-0.329,5,31.43,706,99,101
4.1,1812,-0.322,5,31.27,708,98.5,100.1
4.11,1799,-0.331,5.01,31.51,699,101.9,99
4.12,1793,-0.325,5,31.78,700,98.7,100.2
4.13,1811,-0.32,4.96,31.56,700,101.5,100.6
4.14,1811,-0.321,5.02,31.49,701,102.4,100.4
4.15,1804,-0.317,5.01,31,695,99.1,102.4
4.16,1800,-0.326,5.03,31.4,699,100.1,100.8
4.17,1797,-0.323,4.97,31.51,701,96.9,101.3
4.18,1797,-0.324,4.97,31.19,698,102.5,101.6
4.19,1791,-0.322,4.93,31.69,701,101.4,100
4.2,1794,-0.331,5.04,31.51,705,97.4,100.9
4.21,1807,-0.323,5,31.91,698,102,99.8
4.22,1808,-0.324,5.03,31.45,701,101.9,101.5
4.23,1792,-0.323,5.01,31.57,700,100.4,100.6
4.24,1806,-0.326,4.97,31.39,697,99.6,100.3
4.25,1792,-0.323,5.03,31.41,700,97.8,98.7
4.26,1791,-0.326,5.03,31.39,701,99.8,102.4
4.27,1792,-0.324,5.02,31.11,698,101.4,102.3
4.28,1789,-0.33,5,31.51,696,100.6,100.5
4.29,1808,-0.329,4.98,31.46,698,99,99.8
4.3,1788,-0.324,4.98,31.63,697,98.4,102.5
4.31,1811,-0.331,5.02,31.33,700,98.2,102.6
4.32,1805,-0.322,4.95,31.61,696,100.8,98.1
4.33,1804,-0.321,5,31.6,702,97.4,99.3
4.34,1789,-0.32,4.99,31.77,702,98.4,99.1
4.35,1807,-0.323,5.01,31.47,697,100.7,100.6
4.36,1802,-0.322,5.03,31.33,704,97.7,100.8
4.37,1794,-0.32,5.08,31.59,703,97.3,99.9
4.38,1799,-0.328,5.04,31.37,704,100.3,102.3
4.39,1802,-0.327,5.01,31.56,698,101.3,98.5
4.4,1811,-0.327,5.08,31.99,704,101.8,98.7
4.41,1802,-0.32,4.97,31.66,698,100.6,97.3
4.42,1794,-0.323,4.98,31.13,700,100.1,99.9
4.43,1802,-0.323,5.01,31.28,694,99,100.6
4.44,1797,-0.327,5.01,31.81,699,100.9,96.8
4.45,1805,-0.328,5.01,31.65,700,101.1,100.9
4.46,1793,-0.322,4.95,31.66,698,100.8,100
4.47,1814,-0.321,4.98,31.64,708,100.1,98.5
4.48,1805,-0.326,4.94,31.43,697,101.7,98.4
4.49,1805,-0.328,5.06,31.37,697,98.3,101.2
4.5,1796,-0.319,5.01,31.2,701,99.3,100.1
4.51,1794,-0.327,5.05,31.55,700,99.2,102.2
4.52,1807,-0.326,5.06,31.65,697,98.9,100.7
4.53,1809,-0.325,4.98,32.02,696,100.2,101.7
4.54,1800,-0.323,4.96,31.38,705,103.8,97.3
4.55,1787,-0.323,4.99,31.61,701,98.8,102.3
4.56,1804,-0.324,4.95,31.36,696,101.9,99.2
4.57,1797,-0.324,5,31.16,705,98.9,98.3
4.58,1792,-0.32,4.99,31.04,702,100,97.8
4.59,1797,-0.328,4.97,31.73,699,100,98.5
4.6,1806,-0.326,5.02,31.3,703,101.4,101.8
4.61,1800,-0.324,4.97,31.53,701,101.7,102.2
4.62,1802,-0.324,5.02,31.07,703,99.5,98.1
4.63,1797,-0.323,5.04,31.66,700,101.3,101
4.64,1798,-0.329,5,31.5,698,100.7,101.3
4.65,1801,-0.324,4.99,31.62,697,100.3,101
4.66,1803,-0.321,4.93,31.45,704,101.6,102.5
4.67,1794,-0.321,5.04,31.24,700,97.9,97.3
4.68,1799,-0.323,5,31.53,699,101.5,99.3
4.69,1794,-0.321,4.97,31.45,698,99.1,104.4
4.7,1795,-0.323,4.99,31.21,705,101.2,98.5
4.71,1799,-0.321,5,31.26,703,101.1,100.1
4.72,1806,-0.323,5.01,31.39,695,96.2,100.5
4.73,1803,-0.323,4.96,31.32,698,98.9,99.2
4.74,1805,-0.325,5.05,31.78,699,101.7,100.6
4.75,1807,-0.324,4.96,31.01,709,98.9,102.9
4.76,1800,-0.327,5.03,31.9,705,99.7,101.3
4.77,1808,-0.326,4.95,31.49,703,98.1,99.4
4.78,1798,-0.327,4.98,31.15,698,99.4,99.3
4.79,1796,-0.321,4.97,31.69,701,98.5,99.3
4.8,1795,-0.324,5.03,31.41,706,99.9,102.5
4.81,1802,-0.325,5.03,31.53,701,99,99.2
4.82,1800,-0.324,4.99,31.51,699,98.5,98.8
4.83,1791,-0.325,4.99,31.56,701,98.7,102.6
4.84,1807,-0.319,4.95,31.82,698,99.9,96.8
4.85,1805,-0.318,5.02,31.81,698,101.2,101.4
4.86,1805,-0.324,5.06,31.7,697,99.2,96.4
4.87,1789,-0.327,4.98,31.45,698,102.2,100.6
4.88,1800,-0.326,4.98,31.29,701,98.2,102.9
4.89,1798,-0.325,5,32.2,701,99.6,100.7
4.9,1807,-0.324,4.98,31.61,707,100.9,101
4.91,1804,-0.324,5.01,31.14,703,100.2,101.3
4.92,1810,-0.324,4.96,31.72,699,99.4,103.1
4.93,1803,-0.326,5.03,31.69,704,101.7,103.5
4.94,1796,-0.322,5.03,31.33,697,100.1,99.5
4.95,1814,-0.323,4.98,31.6,701,101.1,103
4.96,1801,-0.324,4.97,31.17,699,101.4,100
4.97,1794,-0.33,4.97,31.44,697,101.8,102.1
4.98,1805,-0.324,5,31.66,700,102.1,100
4.99,1801,-0.321,4.98,31.64,698,103.4,102.4
5,1803,-0.327,5.05,31.67,697,100.6,100.8
5.01,1798,-0.321,5.01,31.51,703,98.3,100.3
5.02,1798,-0.327,5.02,31.72,700,100.9,99.7
5.03,1805,-0.324,4.98,31.46,700,101.8,97.1
5.04,1795,-0.328,4.96,31.15,706,101.1,100.6
5.05,1812,-0.326,5,31.09,701,99.8,100.4
5.06,1793,-0.329,5,31.83,698,99.7,102.1
5.07,1803,-0.322,4.96,31.29,696,97.8,99.6
5.08,1794,-0.327,5.03,31.42,700,100.8,101.3
5.09,1801,-0.324,4.98,31.55,696,101,101.2
5.1,1803,-0.324,5.04,31.04,704,99.3,103.8
5.11,1805,-0.328,4.97,31.52,706,99.5,100.6
5.12,1793,-0.326,5.02,31.55,695,100.6,101.4
5.13,1801,-0.324,5.02,31.68,698,102.3,100.1
5.14,1804,-0.321,4.98,31.93,702,97.8,98.2
5.15,1806,-0.326,5.01,31.28,699,100.7,100.3
5.16,1802,-0.326,4.97,31.3,695,98.8,100
5.17,1805,-0.325,5.02,31.54,698,99.6,101.5
5.18,1798,-0.327,4.98,31.28,698,100.5,103.2
5.19,1804,-0.33,4.96,31.72,700,100.1,99
5.2,1801,-0.321,4.98,31.5,702,97.8,98.5
5.21,1803,-0.328,5.01,31.53,697,101.4,98.7
5.22,1806,-0.318,4.94,31.46,695,100.2,97.9
5.23,1813,-0.327,5.02,31.57,696,99.4,101.4
5.24,1800,-0.326,4.95,31.48,702,102.3,104
5.25,1787,-0.325,4.97,31.6,694,99.5,100.7
5.26,1802,-0.327,4.98,31.37,701,100.2,98.5
5.27,1796,-0.324,4.94,31.63,701,99.4,99.8
5.28,1790,-0.33,5,31.32,699,101,101.2
5.29,1798,-0.323,5.02,31.1,697,99.7,102
5.3,1807,-0.327,5.01,31.47,699,99.1,97.6
5.31,1807,-0.33,5,30.8,699,101.2,98.4
5.32,1788,-0.328,5.04,31.23,695,98.5,97.8
5.33,1794,-0.321,5.03,31.74,699,100.8,100.3
5.34,1803,-0.328,5.02,30.89,703,101.4,98.4
5.35,1806,-0.327,5.01,31.42,699,102.4,98.8
5.36,1798,-0.327,4.96,31.68,699,101.2,102.7
5.37,1795,-0.326,5.01,31.4,702,99.7,99.3
5.38,1803,-0.323,5.05,31.41,704,101.8,98.9
5.39,1801,-0.328,4.96,31.51,699,96.3,99.3
5.4,1799,-0.33,5.05,31.25,692,99.8,101.4
5.41,1799,-0.323,5.05,31.86,702,100.8,101.2
5.42,1789,-0.325,5.01,31.61,703,100.5,96.6
5.43,1801,-0.326,5.02,31.32,697,101.1,100
5.44,1805,-0.323,4.96,31.53,705,98.1,98.7
5.45,1806,-0.323,5,31.51,696,99,100
5.46,1801,-0.325,5,31.36,699,100.1,101.5
5.47,1795,-0.322,5.04,31.18,700,95.4,101.9
5.48,1807,-0.324,5.01,31.14,699,99.1,100.1
5.49,1795,-0.319,4.98,31.68,696,98.5,100.1
5.5,1805,-0.323,4.95,31.41,703,98.6,100.3
5.51,1793,-0.325,5.06,31.24,699,100.7,100.7
5.52,1804,-0.332,5.03,31.44,698,99.7,102.7
5.53,1793,-0.326,5.06,31.44,705,101.5,97.8
5.54,1803,-0.325,5.01,30.95,704,97.7,100.9
5.55,1804,-0.325,5.02,31.32,703,100.8,100.2
5.56,1800,-0.325,4.98,31.73,699,100.9,101.5
5.57,1792,-0.329,4.99,31.68,702,102.9,100.2
5.58,1792,-0.324,5.01,31.22,700,100,99.9
5.59,1808,-0.327,5.01,31.32,698,99.3,100
5.6,1802,-0.324,5,31.31,698,98.4,101.1
5.61,1802,-0.328,5.01,31.29,698,99.5,99.6
5.62,1802,-0.323,4.98,31.85,702,99.1,99.1
5.63,1793,-0.33,5.01,31.72,699,98.6,96.5
5.64,1790,-0.323,5,31.03,696,100.1,98.3
5.65,1796,-0.327,5.02,31.41,704,100.1,96
5.66,1794,-0.325,4.99,31.37,706,102.4,100.5
5.67,1799,-0.321,4.98,31.41,703,100,100.2
5.68,1795,-0.327,5.01,31.5,698,101.5,100.7
5.69,1799,-0.325,5,31.61,699,98.1,100
5.7,1799,-0.325,5.01,31.45,702,98.9,99.6
5.71,1802,-0.326,5,31.6,696,101.4,101.5
5.72,1794,-0.325,4.98,31.54,700,99.5,97.4
5.73,1795,-0.322,5.01,31.91,700,101.2,99.7
5.74,1799,-0.328,4.99,31.24,698,99.9,102.1
5.75,1798,-0.328,5,31.58,707,100.6,101.8
5.76,1801,-0.318,4.99,31.59,700,103,97.8
5.77,1801,-0.329,4.96,31.42,696,99.8,98.4
5.78,1791,-0.324,4.96,31.08,698,100.3,99.9
5.79,1800,-0.317,4.96,31.74,699,99.1,98.5
5.8,1804,-0.327,5.06,31.63,702,100.4,99.3
5.81,1797,-0.328,4.99,31.15,697,99,101.7
5.82,1800,-0.325,5,31.26,700,100.7,97.2
5.83,1802,-0.324,5.04,31.34,703,97.1,101.6
5.84,1798,-0.321,5.02,31.45,698,97.6,99.9
5.85,1797,-0.326,5.02,31.15,699,100.4,101.1
5.86,1794,-0.316,4.98,31.03,701,99.8,101.3
5.87,1792,-0.327,5,31.78,705,101.2,101
5.88,1808,-0.321,5.04,31.67,701,100.8,98.6
5.89,1809,-0.322,4.99,31.68,698,99.2,100.6
5.9,1806,-0.323,4.95,31.8,699,99.4,103.7
5.91,1796,-0.32,4.95,31.41,704,100.8,98.1
5.92,1806,-0.325,5.03,31.33,702,99,99.3
5.93,1799,-0.327,4.98,31.53,702,102.6,99.4
5.94,1794,-0.327,4.97,31.54,704,100.4,101.8
5.95,1795,-0.323,4.93,31.67,702,100.5,99.6
5.96,1797,-0.323,4.97,31.52,702,101.9,100.5
5.97,1810,-0.326,4.93,31.55,700,102.2,100.2
5.98,1806,-0.324,5.01,31.41,695,103,100.7
5.99,1790,-0.324,5.06,31.42,694,100.2,100.9
6,1791,-0.323,4.96,31.62,695,99,98
6.01,1799,-0.327,5.01,31.42,698,100.4,97.6
6.02,1805,-0.328,5.01,31.28,700,100.6,101
6.03,1803,-0.326,5.05,31.46,705,98.1,98.7
6.04,1793,-0.326,5,31.62,702,102,101.1
6.05,1792,-0.327,5,32.02,702,98.5,98.8
6.06,1792,-0.325,5.06,31.55,700,100.9,99.3
6.07,1807,-0.325,4.98,31.7,700,99.3,100.1
6.08,1794,-0.325,4.96,31.27,695,101.7,101.5
6.09,1800,-0.328,4.97,31.68,701,101.2,101.2
6.1,1786,-0.325,5,31.4,699,99.3,98.9
6.11,1799,-0.329,5.01,31.7,698,101.4,102.2
6.12,1812,-0.324,4.98,31.5,698,100.3,101.6
6.13,1807,-0.324,4.98,31.58,700,98.3,98.7
6.14,1795,-0.325,4.94,31.43,706,101.1,98.2
6.15,1800,-0.33,5.01,31.57,695,100.9,101.4
6.16,1791,-0.319,5,31.5,699,98.6,101.7
6.17,1788,-0.326,5.03,31.74,700,99.5,97.7
6.18,1804,-0.324,5,31.35,702,99.6,99.5
6.19,1804,-0.331,5.02,31.22,697,97.1,97.8
6.2,1796,-0.33,4.99,32.04,699,102.3,99.7
6.21,1792,-0.323,5.06,31.67,695,99.2,102.9
6.22,1808,-0.327,4.99,31.66,699,100.2,98.4
6.23,1800,-0.324,5.04,31.8,698,100.7,100
6.24,1800,-0.33,5.03,31.64,700,98.5,100.2
6.25,1794,-0.325,5.03,31.73,703,100.1,104.1
6.26,1805,-0.322,5.01,31.59,695,98.7,100.3
6.27,1809,-0.324,5,31.47,701,99.8,98.2
6.28,1806,-0.33,5.04,31.61,704,100.1,99.7
6.29,1800,-0.324,4.99,31.6,705,100.4,101.6
6.3,1799,-0.322,4.97,31.26,703,98.8,101.1
6.31,1808,-0.328,5.03,31.77,700,101.8,100.7
6.32,1803,-0.325,5.03,31.68,700,99,100.7
6.33,1796,-0.329,5.02,31.49,698,97.1,97.1
6.34,1804,-0.323,5.02,31.38,705,100.3,98.9
6.35,1800,-0.324,4.97,32.08,698,98.6,99.7
6.36,1798,-0.322,4.97,31.29,696,100.6,99.1
6.37,1799,-0.329,4.95,31.38,692,99.4,99.3
6.38,1798,-0.323,5.01,31.49,698,100.5,100
6.39,1795,-0.322,4.98,31.63,699,100.1,99.2
6.4,1801,-0.328,5.02,31.62,700,99.3,101
6.41,1794,-0.332,5.01,31.49,702,99.2,99
6.42,1783,-0.322,5.01,31.66,696,98.7,100.8
6.43,1802,-0.329,5.04,31.92,703,102.9,100.1
6.44,1802,-0.325,4.94,31.39,699,100.1,99.4
6.45,1802,-0.323,4.96,31.55,701,101.1,101.8
6.46,1804,-0.329,5.03,31.08,705,99,101.3
6.47,1793,-0.326,5,31.57,700,100.3,99.3
6.48,1798,-0.319,5.04,31.81,700,98.8,99.1
6.49,1810,-0.327,4.99,30.98,700,101,98.2
6.5,1800,-0.32,5.03,31.57,699,98.4,96.3
6.51,1804,-0.326,5.03,31.06,700,98,98.7
6.52,1783,-0.328,4.98,31.37,703,99.2,98.5
6.53,1802,-0.326,5.02,31.08,701,102,100.4
6.54,1806,-0.326,5,31.41,701,100.3,100.8
6.55,1807,-0.321,4.99,31.85,699,101.7,99.2
6.56,1789,-0.328,4.91,31.67,700,101.6,103.2
6.57,1795,-0.33,5,31.95,701,100.7,96.9
6.58,1795,-0.322,4.98,31.48,703,99.6,100.6
6.59,1792,-0.322,5,31.53,703,98.7,97.5
6.6,1813,-0.325,4.92,31.54,702,100.8,97.8
6.61,1801,-0.332,5.02,31.85,702,101.7,100.2
6.62,1804,-0.326,5.05,31.57,694,99.7,101.5
6.63,1796,-0.326,4.98,31.89,696,103.5,100.9
6.64,1792,-0.32,4.95,31.32,702,100.5,100.2
6.65,1806,-0.325,4.98,31.54,702,101.1,100.3
6.66,1802,-0.327,4.95,31.85,702,102.6,100.2
6.67,1799,-0.329,4.93,31.41,698,100.5,99.2
6.68,1800,-0.324,5,31.27,703,102.3,99.2
6.69,1794,-0.325,5,31.54,703,100.4,99.8
6.7,1800,-0.325,5.01,31.67,707,100.2,100.5
6.71,1809,-0.323,5,31.7,706,97.9,100
6.72,1802,-0.323,5.02,31.63,702,97.3,100.7
6.73,1809,-0.324,4.97,31.56,700,99.1,101.9
6.74,1795,-0.321,5,31.14,700,101.5,99
6.75,1805,-0.321,5.04,31.47,703,102.4,97.4
6.76,1805,-0.329,5.02,31.56,701,98.8,98.1
6.77,1801,-0.324,4.99,31.3,695,96.9,102
6.78,1802,-0.328,4.99,31.81,701,103.2,97.5
6.79,1796,-0.328,5.04,31.25,698,102.1,99.1
6.8,1787,-0.326,5.03,31.19,699,101,98.8
6.81,1805,-0.326,5,31.9,702,100.1,99.8
6.82,1805,-0.325,5.02,31.39,705,100.3,100.7
6.83,1789,-0.329,4.97,31.69,697,102.1,99.6
6.84,1792,-0.327,5.01,31.26,698,97.1,101.8
6.85,1791,-0.322,4.97,31.56,699,99.6,97.4
6.86,1799,-0.326,5.03,31.26,705,100,98.2
6.87,1803,-0.318,5.01,31.43,696,100.6,99.3
6.88,1799,-0.326,5.02,31.29,699,97.5,99.8
6.89,1801,-0.327,4.97,31.22,705,100.1,101.6
6.9,1798,-0.326,4.99,31.22,701,100.5,99.5
6.91,1792,-0.322,5.03,31.3,702,101.3,99.2
6.92,1806,-0.328,5.02,31.36,700,98,98.7
6.93,1793,-0.322,5.04,31.29,697,99.8,98
6.94,1795,-0.326,4.99,31.32,700,100.4,98.4
6.95,1799,-0.333,4.99,31.61,699,102.3,99.5
6.96,1804,-0.32,5,31.5,697,98.3,100.1
6.97,1795,-0.328,4.98,31.35,698,99.1,99.7
6.98,1805,-0.327,4.98,31.47,698,99.2,98.6
6.99,1796,-0.327,5,31.57,703,102,102.8
7,1802,-0.326,4.99,31.19,706,99.2,101.2
7.01,1806,-0.328,4.97,31.22,697,116.8,102.8
7.02,1803,-0.324,5,31.24,698,133,99.6
7.03,1805,-0.327,5.02,31.32,706,147.9,99.7
7.04,1793,-0.33,5.04,31.35,701,164.7,101.2
7.05,1794,-0.324,4.97,31.22,700,183.9,100.4
7.06,1800,-0.327,5.05,35.23,694,197.5,99.1
7.07,1801,-0.325,4.99,39.58,700,217.8,98.9
7.08,1807,-0.323,5,44.51,698,233.1,102.7
7.09,1798,-0.318,5.04,49.32,697,246.7,100.8
7.1,1806,-0.31,5.09,52.88,700,264.5,101.6
7.11,1804,-0.312,5.08,56.84,708,281.6,101.8
7.12,1798,-0.298,5.19,59.63,702,298.4,98
7.13,1799,-0.291,5.18,61.99,712,314.7,97.6
7.14,1808,-0.284,5.23,63.81,712,331.2,98.8
7.15,1808,-0.273,5.36,65.84,715,346,100.2
7.16,1813,-0.263,5.5,67.09,718,362.6,101.4
7.17,1785,-0.25,5.6,68.57,717,383,97.2
7.18,1796,-0.245,5.6,69.82,724,398.9,101.5
7.19,1800,-0.227,5.72,70.6,732,413.2,102.3
7.2,1808,-0.214,5.83,71.83,731,429.4,100.9
7.21,1803,-0.207,5.94,72.96,739,448.3,100.9
7.22,1805,-0.194,6.1,74.05,742,462.5,100.5
7.23,1798,-0.18,6.24,75.04,743,476.9,100.2
7.24,1804,-0.161,6.42,76.15,754,496.7,101.3
7.25,1805,-0.158,6.55,76.42,756,512,100.9
7.26,1791,-0.14,6.69,77.93,771,529,98.8
7.27,1804,-0.128,6.86,78.96,774,546.5,103.7
7.28,1793,-0.113,7.09,79.32,783,561.2,101.4
7.29,1792,-0.102,7.23,80.1,791,580.3,101.3
7.3,1796,-0.093,7.49,81.65,796,594.4,100.2
7.31,1802,-0.081,7.71,82.28,805,611.9,98.9
7.32,1790,-0.066,7.91,83.39,818,627.8,99.8
7.33,1793,-0.056,8.1,84.34,824,646,100.4
7.34,1808,-0.05,8.31,82.77,831,650.3,103.1
7.35,1796,-0.043,8.58,79.36,844,649.1,99.6
7.36,1806,-0.032,8.85,75.47,847,651.5,100.2
7.37,1802,-0.033,9.07,72.08,860,648.6,99.8
7.38,1793,-0.029,9.38,69.14,879,651.8,100.7
7.39,1803,-0.025,9.54,66.23,883,651.1,103.1
7.4,1796,-0.022,9.82,63.93,890,649.1,97.3
7.41,1806,-0.023,10.14,62.43,909,650.4,98.8
7.42,1792,-0.027,10.3,61.43,909,650.7,99.1
7.43,1801,-0.039,10.6,60.53,927,649,100.5
7.44,1808,-0.042,10.77,59.93,934,650.2,102.3
7.45,1800,-0.051,11.07,59.58,948,650.7,102.1
7.46,1793,-0.055,11.35,59.36,954,649.2,99
7.47,1801,-0.068,11.6,58.82,964,648.2,99.4
7.48,1800,-0.079,11.8,58.44,976,652.6,101.8
7.49,1796,-0.087,12.1,58.69,986,650.4,102.8
7.5,1805,-0.1,12.35,58.35,998,653.1,100.4
7.51,1807,-0.116,12.56,55.39,1010,632.9,98
7.52,1799,-0.131,12.84,50.4,1010,616.6,98.9
7.53,1808,-0.138,13.02,45.59,1026,601.5,100
7.54,1810,-0.159,13.3,41.37,1030,583.3,101.5
7.55,1798,-0.173,13.5,37.29,1038,567,97.3
7.56,1805,-0.188,13.71,34.15,1055,550.5,99.6
7.57,1805,-0.207,13.91,31.34,1063,536.1,97.5
7.58,1789,-0.224,14.1,29.39,1062,515.9,102.3
7.59,1799,-0.244,14.27,26.65,1071,503.4,100.2
7.6,1810,-0.264,14.47,24.92,1077,485.4,100.9
7.61,1801,-0.28,14.67,23.66,1089,469.9,101.9
7.62,1798,-0.301,14.82,22.43,1100,452.4,99.1
7.63,1818,-0.317,14.97,21.64,1100,434.9,102
7.64,1800,-0.337,15.07,20.41,1106,421.4,101.7
7.65,1800,-0.354,15.25,19.39,1106,401.8,100.7
7.66,1802,-0.374,15.35,18.12,1109,385.6,97.7
7.67,1798,-0.385,15.48,17.09,1122,367.9,102.3
7.68,1805,-0.395,15.63,16.36,1125,352.2,99.7
7.69,1806,-0.417,15.71,15.58,1132,335.7,101.6
7.7,1794,-0.428,15.78,14.97,1130,320.4,98.4
7.71,1796,-0.44,15.89,13.61,1138,302.8,99.3
7.72,1796,-0.445,15.93,12.82,1133,286.2,99.3
7.73,1803,-0.458,16,12.11,1140,270.1,99.3
7.74,1804,-0.466,16.04,11.11,1144,254.2,99.6
7.75,1810,-0.47,16.1,9.97,1142,237.2,95.6
7.76,1792,-0.479,16.22,9.19,1142,219.9,100.4
7.77,1793,-0.48,16.19,9.09,1144,201.9,100.7
7.78,1789,-0.48,16.24,7.66,1154,191.2,99.3
7.79,1798,-0.48,16.24,9.07,1151,172.5,99.2
7.8,1791,-0.486,16.22,12.9,1146,155,96.3
7.81,1787,-0.481,16.25,17.02,1154,140.3,100.5
7.82,1794,-0.476,16.23,20.13,1153,124.5,101.3
7.83,1813,-0.465,16.3,23.69,1151,105.3,99.6
7.84,1795,-0.46,16.19,26.51,1150,99.6,98.9
7.85,1795,-0.447,16.23,28.67,1155,100.4,101.9
7.86,1800,-0.43,16.26,30.36,1147,98.4,99.7
7.87,1804,-0.414,16.25,31.75,1148,101.2,102.3
7.88,1801,-0.408,16.26,32.4,1150,102.4,101.4
7.89,1795,-0.386,16.24,33.61,1149,98,102.2
7.9,1791,-0.374,16.28,33.68,1147,100.6,101.6
7.91,1809,-0.353,16.22,34.05,1151,100.2,99.6
7.92,1790,-0.325,16.26,34.15,1148,102.4,100.8
7.93,1791,-0.308,16.24,34.57,1149,100.2,99.8
7.94,1808,-0.289,16.31,34.23,1150,96.7,101.8
7.95,1806,-0.264,16.25,34.83,1150,100.1,100.6
7.96,1800,-0.246,16.24,34.13,1147,102,98.8
7.97,1823,-0.229,16.21,34.45,1153,101.3,100.5
7.98,1802,-0.205,16.26,34.66,1151,102.8,98.8
7.99,1795,-0.185,16.28,34.57,1149,97.7,101.7
8,1790,-0.169,16.25,34.77,1149,98.3,101.9
8.01,1805,-0.147,16.23,34.71,1150,101.9,97.6
8.02,1797,-0.133,16.3,35.26,1150,100.8,101.8
8.03,1793,-0.113,16.21,35.19,1150,102.5,99.2
8.04,1803,-0.095,16.28,34.89,1154,102.7,100
8.05,1804,-0.079,16.26,35.13,1150,101.1,98.7
8.06,1791,-0.062,16.25,34.72,1153,101.5,99.1
8.07,1799,-0.054,16.24,35.22,1155,100.7,99.5
8.08,1805,-0.041,16.22,34.75,1152,96.4,101.3
8.09,1791,-0.032,16.23,34.96,1143,101.5,100.2
8.1,1793,-0.024,16.2,35.13,1157,99.9,100.3
8.11,1798,-0.01,16.29,34.8,1147,99.3,98.8
8.12,1792,-0.009,16.31,34.51,1147,101.5,100
8.13,1798,0,16.21,34.82,1148,101.4,100.5
8.14,1800,0,16.23,35.3,1151,99.1,99
8.15,1801,0,16.27,35.06,1144,96.9,100.2
8.16,1800,0.002,16.27,34.83,1152,99.5,100
8.17,1799,0.006,16.25,34.65,1151,98.5,99.4
8.18,1785,-0.002,16.26,34.81,1151,100.6,102.4
8.19,1795,-0.004,16.26,34.51,1146,102.1,97.4
8.2,1805,-0.007,16.26,34.95,1151,100,99.5
8.21,1797,-0.013,16.25,34.64,1151,101,99.6
8.22,1806,-0.017,16.27,34.65,1152,98.4,99.4
8.23,1805,-0.027,16.22,34.72,1151,98.7,103
8.24,1809,-0.031,16.31,34.96,1151,100.8,101
8.25,1791,-0.037,16.28,34.73,1153,99.2,100.2
8.26,1801,-0.05,16.22,34.48,1152,101.4,98.5
8.27,1793,-0.06,16.23,35.32,1151,100.3,101.2
8.28,1805,-0.066,16.24,34.74,1152,100.5,101.1
8.29,1800,-0.079,16.21,34.92,1151,99.7,102.2
8.3,1798,-0.089,16.24,34.91,1150,99.9,103.1
8.31,1813,-0.101,16.24,34.93,1152,102.3,100.5
8.32,1805,-0.112,16.3,35.15,1149,98.9,101.1
8.33,1793,-0.116,16.29,34.53,1147,100.1,100.5
8.34,1801,-0.133,16.24,34.77,1151,101.4,101.9
8.35,1801,-0.136,16.25,35.71,1153,99.7,99.5
8.36,1801,-0.146,16.21,34.88,1150,97.4,98.8
8.37,1798,-0.154,16.27,34.57,1155,101,99.6
8.38,1793,-0.169,16.27,35.23,1150,99.8,97.9
8.39,1800,-0.176,16.26,34.9,1149,102.6,96.7
8.4,1798,-0.188,16.28,34.55,1147,97.9,100.9
8.41,1805,-0.196,16.27,34.99,1150,101.6,101
8.42,1787,-0.204,16.33,34.88,1150,99.8,99.2
8.43,1804,-0.207,16.22,34.78,1152,102.8,97.4
8.44,1801,-0.216,16.25,34.76,1151,102.1,100.4
8.45,1792,-0.218,16.27,34.42,1153,99.1,100.2
8.46,1800,-0.221,16.28,35.04,1150,101.2,103.7
8.47,1799,-0.224,16.23,34.45,1152,100.2,101.7
8.48,1808,-0.224,16.29,34.51,1147,97.9,102.2
8.49,1798,-0.221,16.27,35.07,1149,98.4,100.8
8.5,1785,-0.234,16.24,34.63,1156,99.7,97
8.51,1807,-0.233,16.22,34.96,1146,102.1,101.2
8.52,1793,-0.236,16.26,34.81,1151,97.9,99.7
8.53,1801,-0.235,16.24,34.54,1147,96.8,102.8
8.54,1801,-0.234,16.3,34.73,1151,100.7,103.1
8.55,1800,-0.231,16.24,34.75,1147,100.4,98.9
8.56,1802,-0.225,16.3,34.87,1152,101,101
8.57,1794,-0.222,16.28,34.9,1149,100.7,101.1
8.58,1802,-0.225,16.25,34.88,1153,97.5,97.8
8.59,1790,-0.218,16.22,34.74,1153,99.9,102
8.6,1807,-0.218,16.22,34.92,1146,101,101.8
8.61,1802,-0.21,16.29,34.95,1150,99.4,102.4
8.62,1804,-0.206,16.26,34.92,1148,101.8,102.3
8.63,1803,-0.203,16.22,34.8,1144,99.8,98.7
8.64,1800,-0.201,16.21,35,1148,102.4,99.1
8.65,1802,-0.199,16.24,34.92,1150,99,101.1
8.66,1789,-0.194,16.27,35.32,1148,98,101.5
8.67,1787,-0.182,16.23,34.76,1152,98.7,100.5
8.68,1809,-0.18,16.23,34.83,1144,99.6,99.6
8.69,1803,-0.177,16.24,34.76,1148,100.9,100.1
8.7,1792,-0.17,16.24,34.42,1147,100.4,99.2
8.71,1793,-0.164,16.32,34.38,1149,99.7,102.8
8.72,1798,-0.163,16.25,35.38,1153,102.1,101.1
8.73,1809,-0.156,16.26,34.75,1151,99.8,101
8.74,1797,-0.15,16.27,35.01,1148,99.5,99.3
8.75,1790,-0.15,16.27,35.04,1154,99.6,98.5
8.76,1799,-0.149,16.28,34.66,1148,98.9,101.3
8.77,1803,-0.143,16.25,35.32,1145,99.9,101
8.78,1793,-0.138,16.23,34.47,1155,102.2,100.3
8.79,1819,-0.134,16.27,34.74,1148,99.7,101.2
8.8,1796,-0.13,16.26,34.84,1158,99.7,104
8.81,1808,-0.129,16.26,34.25,1149,99,99.9
8.82,1806,-0.122,16.25,35.07,1151,101.8,102.1
8.83,1796,-0.128,16.24,34.74,1151,96.5,97.8
8.84,1800,-0.122,16.23,34.87,1152,101.3,101.2
8.85,1805,-0.122,16.19,34.85,1150,96.2,101.3
8.86,1792,-0.114,16.23,35.17,1152,99.6,100
8.87,1796,-0.124,16.21,35.28,1152,101.6,102.2
8.88,1805,-0.117,16.22,34.89,1154,100.8,98.6
8.89,1809,-0.12,16.21,34.96,1151,100.6,99.5
8.9,1783,-0.117,16.21,34.84,1144,98.7,99
8.91,1806,-0.122,16.22,34.47,1154,98.3,103
8.92,1808,-0.119,16.28,34.93,1150,99.7,100
8.93,1799,-0.122,16.23,34.9,1149,98.8,99.1
8.94,1808,-0.123,16.29,34.84,1146,100.6,97.9
8.95,1793,-0.124,16.28,35.19,1151,101.3,101.9
8.96,1800,-0.122,16.27,34.61,1152,101.8,101.6
8.97,1797,-0.128,16.23,34.8,1150,99.9,97.9
8.98,1801,-0.132,16.22,34.47,1149,99.4,101.3
8.99,1799,-0.128,16.27,35.13,1148,98.7,99.8
9,1803,-0.132,16.26,35.27,1155,97.8,99.2
9.01,1788,-0.129,16.2,34.89,1151,100.1,95.7
9.02,1797,-0.136,16.25,34.82,1149,99.6,98.4
9.03,1801,-0.14,16.27,34.49,1144,100.9,101.8
9.04,1810,-0.139,16.3,34.62,1147,99.1,99.3
9.05,1794,-0.142,16.22,35.36,1149,102.4,98.9
9.06,1799,-0.15,16.24,34.8,1151,100.5,97.7
9.07,1789,-0.15,16.28,35.04,1147,99.2,99.7
9.08,1794,-0.151,16.28,34.97,1151,97.5,101.7
9.09,1801,-0.154,16.27,35.11,1145,98.3,97
9.1,1781,-0.16,16.21,35.05,1152,96.6,99.3
9.11,1797,-0.16,16.21,34.54,1152,102.9,101.5
9.12,1799,-0.162,16.26,34.87,1152,102,99
9.13,1791,-0.161,16.25,34.59,1151,99.5,101.6
9.14,1799,-0.166,16.28,34.66,1151,98,100.6
9.15,1792,-0.172,16.26,34.44,1152,99.4,102.1
9.16,1806,-0.164,16.22,34.64,1147,100.4,98.3
9.17,1795,-0.17,16.23,35.22,1154,101.1,103.8
9.18,1799,-0.173,16.25,34.89,1150,101.5,102.3
9.19,1798,-0.172,16.28,34.54,1146,101.1,100
9.2,1807,-0.173,16.28,35.17,1142,101.7,98.4
9.21,1783,-0.173,16.24,34.77,1148,97.6,101
9.22,1803,-0.173,16.3,34.59,1148,99.3,96.5
9.23,1807,-0.175,16.2,35.02,1150,99.8,98.9
9.24,1798,-0.178,16.3,34.95,1154,100,100
9.25,1798,-0.176,16.23,35.32,1151,101.5,99.5
9.26,1796,-0.172,16.2,35.06,1151,98.1,98.3
9.27,1801,-0.167,16.22,34.69,1146,98.7,100.1
9.28,1790,-0.177,16.18,34.51,1149,98.5,99.3
9.29,1809,-0.182,16.25,34.58,1147,101.7,99.3
9.3,1801,-0.17,16.25,34.89,1149,102.2,98.6
9.31,1792,-0.174,16.24,34.89,1154,99.5,101.8
9.32,1799,-0.166,16.23,35.1,1149,100.6,101.1
9.33,1793,-0.173,16.28,35.04,1151,98.7,99.2
9.34,1806,-0.171,16.22,34.65,1151,99.1,97.1
9.35,1802,-0.174,16.21,34.72,1150,99.7,102.8
9.36,1802,-0.169,16.22,34.05,1149,102,100.9
9.37,1809,-0.17,16.22,34.94,1151,98,102.4
9.38,1797,-0.169,16.25,35.01,1150,102.3,99.9
9.39,1799,-0.165,16.22,34.7,1154,99.9,100.4
9.4,1805,-0.168,16.23,34.79,1151,103.6,99.9
9.41,1804,-0.16,16.24,34.84,1150,100.7,98.7
9.42,1801,-0.159,16.24,34.59,1151,101.9,101
9.43,1799,-0.163,16.28,34.84,1149,102.1,101.8
9.44,1807,-0.157,16.2,35.09,1152,103.2,100.6
9.45,1801,-0.156,16.21,35.2,1146,99.4,97.6
9.46,1801,-0.157,16.27,34.66,1153,101.4,99.4
9.47,1794,-0.157,16.28,35.37,1150,98.7,99.9
9.48,1805,-0.151,16.27,34.88,1148,100.6,101.5
9.49,1809,-0.158,16.23,34.78,1147,99.9,99.7
9.5,1806,-0.149,16.22,35.25,1148,100.8,94.7
9.51,1792,-0.153,16.24,34.92,1148,116.6,98.2
9.52,1802,-0.146,16.27,34.9,1155,134.4,96.8
9.53,1784,-0.15,16.19,34.58,1145,147.9,99.9
9.54,1796,-0.147,16.22,35.26,1151,164,101.4
9.55,1806,-0.15,16.25,34.95,1149,180.5,100.9
9.56,1792,-0.147,16.23,37.98,1151,199.8,98.9
9.57,1800,-0.143,16.25,43.56,1155,216.8,101.2
9.58,1800,-0.141,16.29,47.96,1155,234.3,99.3
9.59,1800,-0.143,16.33,52.8,1157,247.5,100.2
9.6,1785,-0.131,16.34,56.81,1149,265.5,100.3
9.61,1795,-0.128,16.32,59.79,1152,282,98.8
9.62,1814,-0.121,16.36,63.09,1166,299.3,96
9.63,1804,-0.11,16.45,65.04,1151,313.5,99.6
9.64,1800,-0.102,16.57,67.13,1162,333.4,99.7
9.65,1802,-0.087,16.6,69.23,1168,347.5,98
9.66,1801,-0.082,16.72,70.27,1170,366.4,99.9
9.67,1798,-0.066,16.76,72.11,1172,378.5,100.7
9.68,1803,-0.055,16.8,73.64,1172,394.8,97.6
9.69,1798,-0.036,16.97,74.48,1178,411.9,100.1
9.7,1794,-0.026,17.07,75.37,1178,430.9,99
9.71,1796,-0.009,17.18,76.24,1190,444.8,98.6
9.72,1798,-0.001,17.31,76.85,1193,462.8,99.2
9.73,1793,0.019,17.51,78.35,1195,480.3,100.9
9.74,1799,0.031,17.64,79.09,1206,494.6,99.3
9.75,1805,0.049,17.71,80.29,1209,514,99.5
9.76,1806,0.059,17.92,81.02,1221,530.8,99
9.77,1796,0.076,18.16,81.66,1220,542,98.4
9.78,1808,0.089,18.3,83.12,1233,563.7,102.5
9.79,1806,0.101,18.5,83.72,1244,577.6,102.8
9.8,1796,0.118,18.71,84.46,1246,595.7,99
9.81,1811,0.128,18.95,86.01,1261,612.9,100.6
9.82,1803,0.143,19.11,86.82,1265,627.5,98.3
9.83,1797,0.154,19.4,87.73,1277,644.5,101
9.84,1795,0.161,19.64,86.37,1286,648.2,101.1
9.85,1804,0.173,19.85,82.79,1299,649.4,100
9.86,1801,0.175,20.08,78.88,1306,649.2,101.4
9.87,1799,0.182,20.3,75.34,1315,649.6,99.5
9.88,1795,0.183,20.66,72,1327,649.7,98.6
9.89,1800,0.181,20.84,69.67,1333,649.6,99.1
9.9,1798,0.186,21.1,67.01,1344,652.3,99.7
9.91,1804,0.188,21.32,65.69,1357,649.9,99.9
9.92,1799,0.176,21.57,64.7,1367,647.1,99.1
9.93,1796,0.175,21.82,64.17,1372,648.7,101.4
9.94,1796,0.163,22.08,63.69,1380,650,100.6
9.95,1797,0.153,22.29,62.68,1397,652,99.7
9.96,1800,0.142,22.58,62.22,1405,649.8,97.9
9.97,1795,0.132,22.85,62.6,1414,649.8,101.4
9.98,1806,0.119,23.07,62.05,1423,649.3,100.2
9.99,1795,0.102,23.34,62.86,1436,651.8,101.3
10,1798,0.095,23.57,62.26,1439,649.7,99.2
10.01,1806,0.072,23.81,62.31,1454,648.9,102.1
10.02,1803,0.061,24.12,62.38,1467,649.5,98.7
10.03,1793,0.041,24.33,62.32,1475,648.6,101.7
10.04,1799,0.036,24.6,62.45,1488,650.2,100.4
10.05,1792,0.013,24.81,62.59,1495,651.2,100.9
10.06,1803,-0.003,25.01,62.47,1505,646.5,99.8
10.07,1797,-0.012,25.36,62.65,1511,649.1,97.3
10.08,1805,-0.029,25.56,62.47,1527,648.7,100.6
10.09,1802,-0.045,25.83,62.58,1528,647.7,98.6
10.1,1796,-0.058,26.09,62.53,1543,649.9,102.1
10.11,1799,-0.066,26.35,62.93,1556,651.5,101.7
10.12,1796,-0.083,26.55,62.81,1561,649.5,98.3
10.13,1797,-0.083,26.83,62.94,1573,651.7,97.3
10.14,1806,-0.093,27.08,63.23,1583,650.9,99.6
10.15,1804,-0.096,27.3,62.83,1594,649.7,102.2
10.16,1795,-0.109,27.56,62.71,1605,649.3,100.1
10.17,1802,-0.11,27.87,63.13,1613,650.9,101.1
10.18,1807,-0.117,28.12,62.96,1625,650.7,101.2
10.19,1807,-0.118,28.34,63.46,1633,650,100.6
10.2,1799,-0.114,28.58,63.31,1645,650.6,99.1
10.21,1797,-0.122,28.83,63.54,1652,651.1,100.1
10.22,1795,-0.122,29.11,63.42,1663,648.8,98.8
10.23,1807,-0.115,29.31,63.57,1672,651.2,101
10.24,1798,-0.113,29.59,64.12,1682,649.9,99.9
10.25,1794,-0.11,29.86,63.62,1695,650.1,101.4
10.26,1798,-0.106,30.11,63.83,1704,650.7,98.4
10.27,1799,-0.095,30.37,64.27,1710,649.9,99.8
10.28,1807,-0.09,30.62,64.05,1724,650.6,102.2
10.29,1809,-0.079,30.87,64.32,1732,648.6,99.7
10.3,1801,-0.072,31.1,64.23,1741,652.3,102.3
10.31,1796,-0.067,31.34,63.72,1752,651.1,99.7
10.32,1795,-0.051,31.55,63.93,1759,650.7,101.3
10.33,1799,-0.038,31.82,64.16,1772,649.7,97.9
10.34,1812,-0.024,32.1,64.33,1782,650.3,96.8
10.35,1808,-0.017,32.32,61.7,1792,640.8,99.7
10.36,1800,-0.005,32.58,59.82,1798,629.2,100.2
10.37,1794,0.012,32.85,56.65,1817,621.5,102.7
10.38,1798,0.016,33.04,53.97,1826,610.1,100
10.39,1792,0.031,33.29,52.15,1829,600.4,100.4
10.4,1796,0.042,33.54,50.15,1837,591.5,103.2
10.41,1792,0.051,33.69,48.53,1848,582.4,99.4
10.42,1803,0.058,33.91,47.25,1856,574.7,101.4
10.43,1816,0.064,34.14,45.77,1866,560.1,99
10.44,1795,0.072,34.39,44.17,1873,551.5,97.4
10.45,1802,0.075,34.62,44.11,1881,542,102.8
10.46,1795,0.083,34.78,42.93,1892,530.9,101.9
10.47,1793,0.089,35,42.27,1903,519.8,99.1
10.48,1796,0.089,35.16,42.25,1908,511.3,97.6
10.49,1798,0.098,35.34,41.71,1914,500.8,100.9
10.5,1796,0.099,35.52,41.1,1919,493.9,98.9
10.51,1802,0.101,35.67,40.28,1920,480.1,100.3
10.52,1811,0.103,35.84,39.58,1937,471.9,96.9
10.53,1809,0.106,35.98,39.09,1945,462.9,96.8
10.54,1792,0.112,36.17,39.31,1943,450.3,99.5
10.55,1801,0.106,36.29,38.26,1955,440.6,99.3
10.56,1789,0.106,36.41,37.81,1957,429.2,101.8
10.57,1803,0.105,36.59,37.22,1961,423.3,100.7
10.58,1791,0.102,36.76,36.65,1970,413.3,99.1
10.59,1798,0.099,36.89,36.3,1976,403.4,98.2
10.6,1807,0.101,36.97,36.35,1976,393.3,100.9
10.61,1796,0.09,37.09,35.51,1981,385.8,101.4
10.62,1801,0.095,37.23,35.06,1984,372,99.3
10.63,1791,0.094,37.34,33.87,1996,361.4,99.9
10.64,1805,0.093,37.47,33.8,1997,352.2,100
10.65,1794,0.084,37.49,33.26,1994,340.8,99.5
10.66,1810,0.084,37.6,33.21,2005,330.6,99.8
10.67,1800,0.078,37.68,32.42,2007,323.7,102.8
10.68,1802,0.073,37.77,31.38,2013,314.1,101.6
10.69,1797,0.071,37.84,31.66,2008,302.6,98.9
10.7,1806,0.069,37.92,30.51,2020,292.1,102
10.71,1803,0.066,37.98,30.17,2017,281.2,99.4
10.72,1802,0.064,38.02,29.66,2026,273.2,98.1
10.73,1802,0.058,38.05,29.59,2020,262.4,98.5
10.74,1799,0.056,38.12,28.57,2023,252.5,100.4
10.75,1807,0.054,38.24,28.19,2028,240.6,100.2
10.76,1790,0.053,38.22,27.65,2032,236.4,101.1
10.77,1805,0.047,38.29,27.28,2034,222.5,99.8
10.78,1795,0.05,38.33,26.55,2036,213.9,103.9
10.79,1802,0.044,38.28,26.53,2028,204.7,100.8
10.8,1792,0.051,38.37,25.45,2034,193.6,99.9
10.81,1801,0.041,38.3,25.15,2036,185.1,100.2
10.82,1785,0.046,38.34,26.3,2036,174,100.9
10.83,1788,0.041,38.34,28.14,2036,164.9,100.5
10.84,1805,0.033,38.32,31.01,2032,156.8,101
10.85,1795,0.044,38.36,33.22,2036,143.1,98.4
10.86,1798,0.045,38.39,35.18,2034,135.9,97.4
10.87,1800,0.055,38.37,36.78,2030,126.7,99.1
10.88,1793,0.055,38.38,37.77,2034,115.5,98.6
10.89,1786,0.059,38.35,38.76,2036,102.8,99.4
10.9,1802,0.069,38.32,39.53,2034,97.9,100
10.91,1799,0.072,38.34,40.33,2034,98.8,99.9
10.92,1799,0.075,38.33,40.12,2034,99.4,100.7
10.93,1800,0.08,38.31,41.33,2035,101.2,98.3
10.94,1796,0.091,38.36,41.1,2034,97.3,101.4
10.95,1796,0.101,38.35,40.96,2035,99.2,99.7
10.96,1800,0.108,38.35,41.87,2033,100.4,100.4
10.97,1802,0.118,38.36,41,2034,101.9,99.3
10.98,1800,0.126,38.34,41.51,2038,99.3,99.5
10.99,1794,0.132,38.36,41.43,2035,98.4,96.7
11,1793,0.138,38.37,41.52,2037,100.1,101.4
11.01,1800,0.154,38.31,41.45,2032,101,100.8
11.02,1797,0.16,38.4,41.31,2035,99.7,98.6
11.03,1798,0.169,38.33,42.02,2031,102.6,100.4
11.04,1804,0.179,38.39,41.49,2035,100.8,98.1
11.05,1800,0.188,38.39,41.55,2035,99,100.6
11.06,1802,0.189,38.32,41.43,2034,101.8,102.3
11.07,1807,0.191,38.36,41.59,2034,97.2,98.6
11.08,1805,0.204,38.34,41.76,2034,99.6,97.7
11.09,1804,0.204,38.36,41.56,2034,100.1,100.2
11.1,1803,0.212,38.36,41.57,2042,100.1,100.4
11.11,1798,0.219,38.39,41.71,2031,102.1,99.5
11.12,1809,0.221,38.35,41.96,2038,101.4,99.6
11.13,1804,0.227,38.34,41.45,2036,101.2,99.4
11.14,1795,0.235,38.37,41.38,2034,99.2,97.6
11.15,1802,0.229,38.35,41.38,2033,99.9,102.2
11.16,1791,0.238,38.38,41.91,2037,100.7,100.7
11.17,1805,0.24,38.36,41.49,2038,102.2,102.1
11.18,1807,0.247,38.38,41.32,2037,101.8,100.5
11.19,1805,0.237,38.38,41.07,2037,101.4,102.3
11.2,1797,0.24,38.32,41.64,2033,101.5,98.8
11.21,1801,0.236,38.35,41.28,2035,102.1,97.9
11.22,1799,0.238,38.44,41.52,2036,100.1,99.8
11.23,1805,0.231,38.36,41.37,2035,96.7,97.4
11.24,1803,0.235,38.31,41.12,2031,99.6,99.6
11.25,1788,0.232,38.38,41.78,2034,100.1,100.7
11.26,1799,0.234,38.37,41.78,2034,99.1,102.2
11.27,1801,0.232,38.32,41.62,2036,101.4,100.6
11.28,1804,0.223,38.26,41.71,2037,100.3,100.8
11.29,1802,0.216,38.36,41.75,2035,100.6,101.6
11.3,1801,0.217,38.3,41.05,2040,98.6,99.9
11.31,1799,0.214,38.36,41.94,2031,102.2,101.1
11.32,1806,0.207,38.37,41.4,2033,97.7,98.7
11.33,1797,0.208,38.4,41.75,2036,101.3,98.4
11.34,1793,0.205,38.34,41.43,2036,102.5,100
11.35,1795,0.201,38.37,41.49,2039,100.5,99.6
11.36,1809,0.197,38.4,42.03,2035,98.2,99
11.37,1800,0.182,38.43,41.56,2032,98.1,100.9
11.38,1802,0.185,38.42,40.98,2032,99.9,99.3
11.39,1798,0.181,38.39,41.83,2028,98.4,100.3
11.4,1798,0.176,38.42,41.71,2034,100,100
11.41,1799,0.169,38.3,41.86,2031,99.5,101.8
11.42,1800,0.17,38.39,42.24,2036,102.2,97
11.43,1799,0.17,38.35,41.44,2030,101,99.8
11.44,1804,0.165,38.37,41.5,2035,99.5,102.1
11.45,1799,0.163,38.37,41.69,2030,101.4,100
11.46,1811,0.156,38.33,41.49,2033,99.7,98.5
11.47,1802,0.155,38.34,41.25,2031,100.1,103.2
11.48,1789,0.149,38.29,41.26,2035,100.6,100.2
11.49,1796,0.142,38.35,41.29,2035,99.8,98.2
11.5,1797,0.153,38.4,41.99,2037,99,99.2
11.51,1791,0.145,38.36,41.96,2040,101.2,100.1
11.52,1807,0.145,38.35,41.53,2032,101.7,98.5
11.53,1799,0.143,38.43,41.65,2029,99.8,98.7
11.54,1807,0.144,38.42,41.29,2035,96.4,98.8
11.55,1800,0.148,38.38,41.93,2030,99.3,98.1
11.56,1796,0.147,38.34,41.67,2036,99.8,100.2
11.57,1803,0.145,38.38,41.73,2031,98.7,101.7
11.58,1800,0.146,38.37,41.33,2041,99.9,99.6
11.59,1801,0.145,38.34,41,2039,98.1,100.3
11.6,1799,0.146,38.37,41.34,2037,98.4,102
11.61,1794,0.147,38.36,41.54,2032,99,103.5
11.62,1794,0.146,38.36,41.79,2036,101.7,103.4
11.63,1803,0.147,38.43,41.53,2036,100.8,100.3
11.64,1806,0.154,38.34,42.25,2033,98.7,97.9
11.65,1798,0.152,38.41,40.74,2038,101.4,97.3
11.66,1806,0.156,38.35,41.33,2034,100.2,99.8
11.67,1796,0.161,38.41,41.24,2037,99.6,97.3
11.68,1801,0.157,38.39,42.01,2035,100.1,99.7
11.69,1796,0.16,38.38,41.44,2031,98,100.7
11.7,1804,0.161,38.36,41.64,2035,98.5,99.4
11.71,1805,0.157,38.36,41.27,2037,99.9,102.7
11.72,1811,0.169,38.36,41.11,2032,100,100.5
11.73,1801,0.165,38.36,41.66,2032,98.4,100.6
11.74,1801,0.168,38.33,41.71,2034,99.4,98.8
11.75,1783,0.176,38.35,41.5,2035,99.2,99.2
11.76,1793,0.171,38.35,41.39,2035,100,98
11.77,1793,0.18,38.28,41.89,2036,102.6,99.5
11.78,1799,0.179,38.36,41.84,2038,103.5,99
11.79,1803,0.18,38.32,41.39,2035,101.4,97
11.8,1802,0.18,38.37,41.69,2034,98.6,97.7
11.81,1797,0.183,38.39,41.65,2034,97.3,101.6
11.82,1801,0.181,38.34,41.73,2035,100.6,100.1
11.83,1811,0.187,38.38,41.75,2041,100.6,99.5
11.84,1803,0.18,38.37,41.71,2032,100.7,99.9
11.85,1798,0.184,38.38,41.39,2035,108.2,103.2
11.86,1801,0.187,38.37,41.23,2030,113.3,101
11.87,1806,0.185,38.37,41.8,2038,125.8,101.2
11.88,1797,0.188,38.36,41.46,2031,134.4,100
11.89,1796,0.187,38.35,42,2030,142.2,100.2
11.9,1797,0.195,38.42,41.03,2031,148.9,99.8
11.91,1801,0.193,38.39,41.24,2030,160.6,100.2
11.92,1793,0.192,38.37,41.2,2033,165.8,98.2
11.93,1800,0.191,38.37,41.41,2034,174.8,97.4
11.94,1807,0.188,38.33,40.81,2034,183.4,97.4
11.95,1794,0.198,38.36,43.22,2028,190.1,99.6
11.96,1797,0.191,38.34,45.33,2035,198.5,101.3
11.97,1800,0.192,38.32,47.99,2037,207.3,99.6
11.98,1809,0.19,38.33,49.85,2033,215.2,99.3
11.99,1802,0.199,38.42,52.36,2034,224,99.8
12,1801,0.203,38.41,54.33,2041,231.6,98.1
12.01,1796,0.208,38.47,55.52,2040,241.1,98.8
12.02,1799,0.213,38.44,56.41,2042,247.5,99
12.03,1803,0.213,38.47,57.76,2042,257.7,98.4
12.04,1804,0.221,38.54,58.9,2041,265.8,98.7
12.05,1799,0.229,38.54,59.31,2043,274.7,100.5
12.06,1799,0.232,38.61,60.13,2043,278.8,97.1
12.07,1799,0.244,38.69,60.41,2047,289.5,99.9
12.08,1801,0.253,38.75,61.41,2045,298.6,98.6
12.09,1792,0.253,38.77,62.02,2054,305.9,97.9
12.1,1785,0.272,38.88,62.29,2049,313.2,102
12.11,1797,0.277,38.91,62.59,2058,323.6,100.6
12.12,1796,0.277,38.99,63.12,2060,332.3,99.4
12.13,1808,0.296,39.08,63.3,2066,340.5,97.9
12.14,1799,0.3,39.13,64.18,2064,348.8,99.9
12.15,1803,0.313,39.19,64.44,2072,359.6,100.4
12.16,1797,0.326,39.32,65.26,2077,364.2,98.7
12.17,1786,0.324,39.4,65.56,2074,371.6,97
12.18,1800,0.337,39.55,66.1,2076,381.1,101.5
12.19,1795,0.34,39.55,66.84,2084,389.5,98.5
12.2,1798,0.348,39.69,67.19,2087,399.5,99.4
12.21,1799,0.351,39.82,67.29,2095,404.6,100
12.22,1815,0.363,39.95,67.43,2097,413.2,100.6
12.23,1810,0.375,40.04,68.57,2103,423.5,100.8
12.24,1807,0.379,40.17,68.78,2107,428.6,100.7
12.25,1798,0.379,40.3,69.23,2112,436.5,99
12.26,1790,0.385,40.43,70.17,2115,446.7,97.5
12.27,1795,0.396,40.54,70.46,2127,454.1,100.5
12.28,1792,0.393,40.67,70.66,2131,461.5,99.1
12.29,1810,0.398,40.8,71.19,2137,472.8,98.8
12.3,1806,0.41,41.01,71.61,2144,481.1,102.5
12.31,1790,0.404,41.15,72.15,2148,489,99.5
12.32,1798,0.411,41.32,72.83,2151,495.1,100
12.33,1804,0.415,41.49,73,2161,502.6,99
12.34,1802,0.41,41.6,73.89,2169,514.7,102.3
12.35,1813,0.414,41.84,74.38,2176,519.7,100.6
12.36,1796,0.415,42.02,71.36,2182,512.1,100
12.37,1793,0.42,42.2,66.29,2184,503.6,100.9
12.38,1797,0.403,42.37,61.38,2189,491.6,99.9
12.39,1803,0.407,42.49,56.78,2192,482.6,102.4
12.4,1806,0.404,42.64,53.22,2206,470.6,99.1
12.41,1805,0.388,42.85,49.69,2213,461.3,101.1
12.42,1808,0.384,42.99,47.07,2212,452,98.7
12.43,1801,0.367,43.07,44.75,2225,442.3,97.6
12.44,1800,0.36,43.23,42.95,2229,430.3,100.9
12.45,1806,0.347,43.44,41.64,2237,420.7,101.2
12.46,1800,0.332,43.49,40.65,2238,413,101.3
12.47,1801,0.318,43.7,39.67,2246,405.4,100.5
12.48,1795,0.301,43.82,38.76,2254,391.5,97.6
12.49,1809,0.282,43.9,37.71,2255,383,101.2
12.5,1798,0.266,44.07,36.77,2260,369.5,100.3
12.51,1805,0.246,44.15,36.82,2264,362.2,96.4
12.52,1796,0.234,44.26,36.1,2265,353.1,99.2
12.53,1811,0.217,44.31,35.82,2275,345.2,99.7
12.54,1801,0.199,44.37,35.39,2283,329.2,101.3
12.55,1788,0.182,44.49,34.61,2274,323.3,99.5
12.56,1794,0.167,44.59,33.48,2286,311.3,99.2
12.57,1786,0.147,44.61,33.43,2285,304.8,101.4
12.58,1797,0.137,44.7,32.62,2288,295.5,100.7
12.59,1797,0.123,44.75,32.36,2290,283.5,100.2
12.6,1801,0.11,44.88,32.11,2288,275.1,99.4
12.61,1809,0.095,44.91,31.55,2295,262.2,103.1
12.62,1787,0.085,44.95,31.07,2298,253.1,100.5
12.63,1798,0.08,44.94,29.9,2299,241.3,99.8
12.64,1803,0.069,45.04,29.89,2298,232.2,99.7
12.65,1797,0.064,45.04,29.14,2305,223.3,100.2
12.66,1800,0.05,45.11,28.65,2302,214.3,102.4
12.67,1798,0.053,45.16,28.3,2300,201.9,96.9
12.68,1795,0.046,45.07,27.38,2304,194.6,99.9
12.69,1801,0.044,45.15,26.89,2303,182.6,99.1
12.7,1808,0.042,45.13,28.63,2308,172.6,100
12.71,1783,0.036,45.17,31.11,2306,163.4,99.1
12.72,1796,0.044,45.15,33,2307,154.3,97.8
12.73,1798,0.039,45.2,35.39,2305,144.4,101.3
12.74,1796,0.048,45.13,37.25,2304,135.8,98.7
12.75,1805,0.052,45.2,38.74,2309,125.1,101.4
12.76,1809,0.064,45.16,39.72,2306,116.1,100.3
12.77,1802,0.071,45.18,40.56,2309,105.4,101.2
12.78,1803,0.083,45.17,41.25,2310,99.5,98.8
12.79,1801,0.095,45.17,42.16,2309,100.8,99.7
12.8,1797,0.105,45.18,42.83,2304,100.1,99
12.81,1805,0.119,45.19,42.52,2305,98.9,98.7
12.82,1801,0.132,45.09,43.63,2308,100.5,99.6
12.83,1799,0.144,45.14,42.47,2306,98.1,100.2
12.84,1795,0.168,45.08,43.19,2307,100.7,100.1
12.85,1801,0.181,45.19,43.27,2310,98.9,100.5
12.86,1802,0.191,45.14,43.3,2306,98.6,100.4
12.87,1807,0.202,45.18,43.02,2302,99.3,99.8
12.88,1797,0.226,45.16,44.02,2307,96.6,98.7
12.89,1818,0.238,45.17,43.61,2306,97.5,101.2
12.9,1803,0.248,45.23,43.45,2304,98.7,99.9
12.91,1797,0.262,45.22,43.47,2308,100.9,100.2
12.92,1808,0.282,45.15,43.1,2308,95.9,97.5
12.93,1810,0.297,45.18,43.73,2309,99.8,98.5
12.94,1795,0.305,45.19,43.37,2304,100.8,99.8
12.95,1805,0.319,45.15,43.5,2307,99,98.9
12.96,1795,0.33,45.1,43.81,2305,100.5,102.4
12.97,1803,0.343,45.16,43.45,2309,99.2,100.6
12.98,1799,0.352,45.21,43.77,2310,101.9,100.4
12.99,1806,0.359,45.15,43.37,2302,100.8,100.6
13,1796,0.364,45.16,43.45,2308,99.4,99.7
13.01,1804,0.382,45.14,43.92,2310,97.5,103.2
13.02,1798,0.382,45.21,43.62,2312,97.3,97
13.03,1812,0.388,45.16,43.24,2305,99.6,100.1
13.04,1797,0.392,45.16,43.69,2310,101.2,98.9
13.05,1800,0.393,45.14,43.63,2307,100.5,99.3
13.06,1791,0.394,45.18,43.59,2306,101.1,101.8
13.07,1804,0.398,45.15,43.86,2311,98.9,101.7
13.08,1806,0.393,45.17,43.01,2312,102.8,101
13.09,1801,0.393,45.19,43.45,2311,99.8,99.4
13.1,1802,0.391,45.16,43.54,2302,99.7,100.2
13.11,1803,0.388,45.15,43.51,2306,101.2,102.2
13.12,1790,0.379,45.22,43.68,2308,98.6,99
13.13,1801,0.379,45.18,43.57,2304,96,102.8
13.14,1793,0.375,45.14,43.18,2302,100.5,99.8
13.15,1795,0.366,45.19,43.83,2308,103,100.9
13.16,1805,0.36,45.17,43.77,2303,100.5,101.2
13.17,1803,0.355,45.14,43.61,2306,101.1,99.1
13.18,1797,0.352,45.17,43.54,2313,98.9,101.1
13.19,1800,0.344,45.19,43.28,2301,102,102.5
13.2,1794,0.333,45.21,43.88,2304,100.1,99.6
13.21,1802,0.334,45.14,43.8,2310,100.5,97.5
13.22,1809,0.322,45.06,43.34,2309,102.3,101.2
13.23,1796,0.312,45.16,43.19,2296,96.5,98.9
13.24,1807,0.307,45.2,43.12,2299,98.9,102.5
13.25,1807,0.303,45.17,43.52,2305,101,98.7
13.26,1797,0.283,45.19,43.57,2306,99.6,97.9
13.27,1798,0.283,45.15,43.62,2313,100.2,99.3
13.28,1789,0.281,45.17,43.61,2309,101.4,101.7
13.29,1796,0.273,45.13,43.52,2308,100.9,98
13.3,1788,0.264,45.14,43.49,2305,99.9,98.2
13.31,1806,0.258,45.19,43.14,2302,97.9,100.8
13.32,1807,0.251,45.13,43.47,2307,101.6,98.2
13.33,1802,0.245,45.13,43.57,2305,99.5,101.1
13.34,1802,0.245,45.18,43.63,2307,100.9,99
13.35,1800,0.238,45.18,43.62,2306,100.1,100.1
13.36,1804,0.234,45.17,43.48,2311,98,100.7
13.37,1799,0.226,45.19,43.76,2301,100.2,97.8
13.38,1789,0.228,45.17,43.6,2309,99.4,99.8
13.39,1797,0.224,45.16,43.71,2304,100,102.6
13.4,1798,0.22,45.15,43.86,2304,98.4,96.4
13.41,1799,0.22,45.11,43.44,2303,101.4,97
13.42,1802,0.217,45.11,43.54,2303,97.3,101.3
13.43,1797,0.223,45.2,43.42,2308,102.1,100
13.44,1793,0.224,45.15,43.12,2309,102.8,102.1
13.45,1796,0.216,45.18,43.97,2308,98.9,101
13.46,1802,0.22,45.14,43.61,2306,98,98.9
13.47,1804,0.222,45.15,43.67,2302,100.2,97.9
13.48,1804,0.223,45.12,43.36,2308,100.8,97.7
13.49,1809,0.227,45.19,43.28,2306,101.1,98.6
13.5,1802,0.228,45.13,43.22,2308,98.3,99.2
13.51,1803,0.229,45.19,44.08,2315,100.4,101.9
13.52,1792,0.235,45.14,43.64,2304,101.6,101.9
13.53,1801,0.24,45.15,43.6,2307,98.4,101
13.54,1799,0.244,45.18,43.7,2310,99.3,99.2
13.55,1810,0.247,45.19,43.68,2305,99,99.1
13.56,1790,0.249,45.14,43.34,2303,99,101.2
13.57,1794,0.248,45.19,43.36,2308,99.2,101.1
13.58,1794,0.251,45.12,43.08,2311,99.7,102
13.59,1797,0.259,45.13,43.41,2309,101.2,99.4
13.6,1795,0.266,45.15,43.59,2309,99.3,101.2
13.61,1806,0.262,45.17,43.71,2302,100,101.3
13.62,1797,0.269,45.13,43.71,2303,98.8,100.3
13.63,1799,0.272,45.16,43.27,2302,100.2,101.7
13.64,1806,0.276,45.15,43.22,2303,100.4,102.2
13.65,1796,0.282,45.13,43.33,2305,98.3,101.7
13.66,1795,0.281,45.17,43.57,2305,100.6,98.9
13.67,1799,0.291,45.15,43.78,2302,96.1,98.9
13.68,1800,0.29,45.17,43.56,2304,100.6,98.2
13.69,1786,0.299,45.18,43.39,2306,99.6,98.4
13.7,1794,0.29,45.22,43.74,2303,98.5,100.2
13.71,1792,0.294,45.2,43.83,2305,100,99.6
13.72,1791,0.296,45.14,43.6,2307,99.1,101.4
13.73,1805,0.299,45.17,43.53,2307,102.3,102.2
13.74,1800,0.3,45.2,43.92,2303,100.5,98.6
13.75,1796,0.306,45.15,43.47,2309,101.5,99.3
13.76,1799,0.308,45.21,43.68,2306,100.5,97.7
13.77,1795,0.308,45.21,43.42,2304,99.1,101
13.78,1810,0.309,45.11,43.58,2302,99.6,100.4
13.79,1810,0.3,45.15,44.01,2301,100.9,102.2
13.8,1797,0.303,45.18,43.61,2310,100.7,100.5
13.81,1802,0.3,45.19,43.37,2299,99.5,100.5
13.82,1803,0.299,45.17,43.43,2311,100.2,100.8
13.83,1809,0.302,45.15,43.84,2305,101.2,98.6
13.84,1799,0.295,45.2,44.15,2310,99.8,100.9
13.85,1801,0.305,45.12,43.8,2301,103.2,100.1
13.86,1802,0.302,45.17,43.82,2309,108.4,100.3
13.87,1793,0.296,45.17,44.08,2301,116.8,100.6
13.88,1812,0.294,45.22,43.58,2311,123.4,99.6
13.89,1795,0.299,45.21,43.61,2306,131.3,100.5
13.9,1799,0.292,45.18,43.34,2305,142.8,100.7
13.91,1797,0.294,45.18,43.16,2302,152.9,101.4
13.92,1797,0.293,45.17,43.19,2306,157.3,101.4
13.93,1805,0.293,45.16,44.02,2301,165.8,98.2
13.94,1782,0.29,45.17,43.59,2302,173.6,101.8
13.95,1798,0.286,45.17,43.8,2305,183.3,98
13.96,1809,0.285,45.21,45.33,2306,188.2,100.4
13.97,1805,0.288,45.17,47.61,2309,199.3,98.4
13.98,1800,0.285,45.15,50.22,2305,203.9,99.8
13.99,1794,0.288,45.24,52.55,2304,219.1,103.1
14,1805,0.287,45.26,54.18,2305,222.3,100.6
14.01,1797,0.291,45.2,56.61,2309,233.3,98.7
14.02,1803,0.3,45.22,57.81,2311,239.5,101.4
14.03,1788,0.294,45.3,58.4,2305,247.5,98.8
14.04,1797,0.309,45.3,59.71,2306,257.8,100.3
14.05,1796,0.312,45.34,60.11,2313,265,99.1
14.06,1797,0.311,45.41,61.62,2319,273.4,98.3
14.07,1800,0.324,45.4,62.58,2318,283.5,100.7
14.08,1804,0.335,45.49,62.35,2324,289.7,103.3
14.09,1802,0.344,45.46,62.8,2320,297.3,100.8
14.1,1795,0.35,45.56,63.87,2324,306.8,97.8
14.11,1803,0.356,45.64,64.5,2327,315.2,99.4
14.12,1800,0.366,45.72,64.79,2327,323.3,98.8
14.13,1796,0.384,45.82,65.33,2334,333.4,98.2
14.14,1806,0.393,45.87,65.66,2333,338.2,104
14.15,1793,0.398,45.9,66.05,2335,350,99.9
14.16,1797,0.408,46.02,66.66,2338,353.1,99.3
14.17,1803,0.422,46.14,66.98,2338,366.1,99.2
14.18,1802,0.428,46.15,67.49,2345,370.9,100.8
14.19,1806,0.439,46.3,68.24,2355,380.6,99.6
14.2,1793,0.446,46.4,68.62,2355,387.6,99.2
14.21,1804,0.458,46.53,69,2361,398.9,99.9
14.22,1806,0.459,46.63,69.83,2361,405.7,101.9
14.23,1799,0.476,46.73,69.46,2368,414,99.4
14.24,1796,0.483,46.84,70.19,2374,421.2,98.9
14.25,1802,0.487,46.97,70.86,2374,430.8,101.4
14.26,1794,0.493,47.06,71.56,2379,440.8,100.1
14.27,1793,0.503,47.2,72.07,2388,446.4,101.6
14.28,1790,0.504,47.37,72.47,2395,453.1,102.5
14.29,1810,0.511,47.48,72.78,2402,464,98.9
14.3,1808,0.515,47.67,73.2,2411,472,103.1
14.31,1796,0.522,47.81,74.09,2409,478.1,100
14.32,1802,0.52,47.95,74.19,2415,487,100.3
14.33,1804,0.531,48.11,75.16,2423,497.2,101.3
14.34,1809,0.532,48.3,75.07,2436,504.1,98.9
14.35,1798,0.537,48.48,75.64,2438,511.7,97
14.36,1797,0.534,48.61,76.7,2444,521.8,101.6
14.37,1803,0.541,48.73,76.31,2456,527.1,102.1
14.38,1811,0.541,48.93,77.14,2458,538.4,98.4
14.39,1807,0.541,49.19,77.61,2463,543.2,99.5
14.4,1796,0.539,49.35,78.38,2469,552.8,99.9
14.41,1785,0.538,49.54,78.92,2480,560.4,98.6
14.42,1796,0.541,49.71,79.02,2491,572.3,97.1
14.43,1795,0.542,49.97,79.93,2497,581.2,99.6
14.44,1801,0.54,50.16,80.39,2504,587.2,99.5
14.45,1800,0.541,50.36,80.13,2514,596.1,100.8
14.46,1815,0.538,50.53,80.06,2524,597.1,99.8
14.47,1798,0.537,50.76,80.15,2530,604.2,98.5
14.48,1797,0.535,51.04,80.28,2545,612.1,101
14.49,1803,0.531,51.21,80.91,2547,619.4,99.8
14.5,1800,0.528,51.46,80.95,2557,626.7,101
14.51,1807,0.536,51.74,80.59,2564,631.5,102
14.52,1803,0.526,51.95,81.39,2585,640.3,100
14.53,1791,0.524,52.15,81.31,2588,646.6,100.8
14.54,1796,0.523,52.44,81.39,2596,649.3,99.5
14.55,1801,0.52,52.61,79.56,2602,650.9,100.6
14.56,1808,0.516,52.93,78.38,2619,649.7,102.2
14.57,1800,0.512,53.14,76.9,2630,649.7,98.4
14.58,1805,0.509,53.41,75.75,2634,649.3,99.4
14.59,1799,0.506,53.7,74.37,2645,648.3,100.5
14.6,1799,0.504,53.88,73.99,2657,650.1,97.4
14.61,1809,0.492,54.16,73.62,2664,652,99.2
14.62,1801,0.488,54.44,72.51,2678,651.2,101.8
14.63,1799,0.482,54.69,70.83,2684,644.4,99.4
14.64,1788,0.476,54.89,68.52,2695,632.3,99.5
14.65,1810,0.473,55.17,66.06,2707,630.5,100.6
14.66,1793,0.463,55.4,64.96,2718,622.5,96.6
14.67,1796,0.446,55.61,63.12,2727,615.5,99
14.68,1808,0.443,55.86,61.88,2736,610.4,99.5
14.69,1794,0.439,56.12,60.72,2746,601.8,98.9
14.7,1819,0.431,56.32,59.43,2750,597.1,100.4
14.71,1800,0.415,56.54,58.68,2759,589.1,97.6
14.72,1797,0.407,56.76,58.61,2774,583.1,102.1
14.73,1802,0.397,56.95,57.79,2780,578.4,98.4
14.74,1792,0.396,57.2,56.72,2791,572.2,100.1
14.75,1801,0.392,57.41,56.49,2797,565.9,100.9
14.76,1802,0.378,57.62,56.61,2805,558.9,101.5
14.77,1805,0.364,57.79,56.16,2815,552,99.3
14.78,1801,0.362,58.07,56.08,2820,545.7,104.1
14.79,1799,0.36,58.25,55.2,2833,537.6,100.3
14.8,1795,0.345,58.41,55.01,2837,532,101.7
14.81,1808,0.345,58.57,55.06,2845,528,101.6
14.82,1783,0.348,58.8,54.59,2851,517.2,103.9
14.83,1809,0.342,59,54.59,2861,512.7,100.5
14.84,1810,0.339,59.14,53.95,2864,506.4,97.9
14.85,1799,0.334,59.33,53.91,2871,498.9,102.7
14.86,1799,0.336,59.48,53.42,2881,490.6,99.3
14.87,1806,0.329,59.64,53.52,2886,484.7,99.8
14.88,1800,0.326,59.83,52.2,2895,479.6,99.6
14.89,1796,0.335,60.01,52.71,2901,472.3,98.8
14.9,1805,0.332,60.17,52.51,2908,466.1,100.2
14.91,1796,0.343,60.26,52.03,2916,457.5,99.2
14.92,1798,0.342,60.42,51.25,2915,450.9,100.4
14.93,1798,0.347,60.6,51.11,2924,448.3,99.1
14.94,1798,0.342,60.75,50.58,2932,438.9,101.6
14.95,1799,0.351,60.94,50.83,2933,433.1,99.1
14.96,1790,0.357,61.04,50.25,2941,425,103
14.97,1803,0.363,61.19,49.8,2946,416.3,101.7
14.98,1801,0.378,61.36,49.55,2949,411.3,98.2
14.99,1808,0.379,61.43,49.75,2953,403.8,102.1
15,1797,0.387,61.58,48.86,2960,399.4,100.4
15.01,1802,0.392,61.68,48.69,2966,391.5,100.8
15.02,1804,0.406,61.83,48.29,2973,387.6,103
15.03,1798,0.406,61.95,48.16,2977,380.7,99.9
15.04,1798,0.418,62.04,47.86,2982,373.6,99.9
15.05,1793,0.422,62.12,47.62,2981,364.9,100.5
15.06,1799,0.436,62.22,47.47,2993,358.8,99.7
15.07,1810,0.434,62.31,46.76,2996,354,101.5
15.08,1807,0.448,62.39,46.77,2998,347,97.4
15.09,1802,0.452,62.5,46.29,2996,343.4,100.5
15.1,1792,0.457,62.56,45.33,3007,334,100.7
15.11,1811,0.462,62.68,45.42,3011,323.9,98.9
15.12,1797,0.472,62.69,45.36,3009,320.4,99.5
15.13,1801,0.48,62.81,45.34,3011,313.9,100
15.14,1794,0.488,62.92,44.77,3013,307.7,101.9
15.15,1795,0.496,62.91,44.05,3021,303,101.7
15.16,1797,0.5,63.04,43.98,3019,294,100.4
15.17,1799,0.501,63.08,43.59,3023,285.7,100.1
15.18,1802,0.512,63.14,42.87,3027,278.5,100.1
15.19,1798,0.518,63.23,42.61,3028,273.9,101.6
15.2,1795,0.517,63.26,42.58,3033,265.1,99.1
15.21,1802,0.521,63.35,41.88,3033,263.2,102.4
15.22,1799,0.526,63.33,42,3038,256.1,100.6
15.23,1803,0.526,63.4,41.84,3031,248.8,99.7
15.24,1802,0.527,63.46,41.46,3033,240.1,99.3
15.25,1808,0.533,63.45,40.74,3039,232.8,99.9
15.26,1800,0.535,63.51,40.58,3038,229.9,100.9
15.27,1791,0.531,63.51,40.48,3045,219.4,100.2
15.28,1799,0.528,63.56,39.96,3041,214.8,98.7
15.29,1802,0.533,63.6,39.88,3048,210.1,101.8
15.3,1800,0.529,63.63,39.21,3043,198.5,100.3
15.31,1791,0.533,63.62,39,3044,194.2,98.2
15.32,1806,0.526,63.63,38.69,3045,186.5,97.5
15.33,1803,0.533,63.67,38.56,3042,182.4,100.7
15.34,1787,0.528,63.61,39.77,3047,177.4,100.9
15.35,1793,0.524,63.6,40.95,3049,170,100
15.36,1797,0.528,63.66,42.42,3044,160.5,102.9
15.37,1809,0.524,63.6,44.46,3046,158,99.1
15.38,1797,0.521,63.65,45.07,3044,146.6,101.6
15.39,1800,0.525,63.65,46.2,3044,142.7,99.8
15.4,1797,0.518,63.63,46.88,3051,136.4,100.3
15.41,1803,0.527,63.64,47.17,3050,128.8,100.4
15.42,1801,0.519,63.64,47.85,3043,119.7,100.5
15.43,1801,0.515,63.67,48.75,3043,114.7,101
15.44,1793,0.523,63.61,48.18,3050,111.5,99.4
15.45,1803,0.524,63.63,48.38,3045,101.7,97.5
15.46,1793,0.514,63.61,49.15,3045,103.3,97.1
15.47,1805,0.524,63.66,49.09,3049,99.6,99.5
15.48,1797,0.526,63.58,48.81,3045,98,98.7
15.49,1795,0.525,63.69,49.12,3047,101.2,97.9
15.5,1804,0.529,63.67,49.32,3048,97.7,101.7
15.51,1799,0.534,63.67,49.12,3048,98.6,98
15.52,1807,0.534,63.66,49.08,3049,100.9,98
15.53,1803,0.537,63.66,49.06,3044,99.9,99.1
15.54,1806,0.532,63.61,49.05,3047,99.3,100.5
15.55,1808,0.538,63.67,48.65,3050,100.3,102.2
15.56,1804,0.538,63.61,49.39,3052,101,101.6
15.57,1795,0.547,63.65,49.2,3039,102,101.4
15.58,1790,0.545,63.64,49.08,3046,98.7,100.9
15.59,1798,0.549,63.65,49.15,3048,101.5,100.1
15.6,1808,0.549,63.66,49.53,3050,99.3,100.5
15.61,1798,0.556,63.62,49.14,3046,98.4,100.2
15.62,1805,0.557,63.63,49.1,3047,100.3,99.5
15.63,1798,0.556,63.58,48.99,3044,100.2,100.5
15.64,1808,0.558,63.67,48.88,3046,100.4,101.7
15.65,1801,0.56,63.62,49.62,3043,98.6,99.2
15.66,1804,0.562,63.66,49.79,3047,99.6,99
15.67,1797,0.558,63.63,49.07,3045,101.2,101.1
15.68,1801,0.564,63.62,48.97,3043,102.5,100.8
15.69,1794,0.569,63.67,49.65,3048,99.5,99.8
15.7,1791,0.567,63.6,48.72,3048,97.9,101.3
15.71,1795,0.573,63.62,48.9,3041,99.9,97.8
15.72,1803,0.568,63.58,48.97,3045,101.1,102.7
15.73,1789,0.572,63.58,48.6,3040,99.1,99.7
15.74,1803,0.57,63.67,49.41,3043,101.1,98.4
15.75,1793,0.572,63.6,48.98,3044,98,101.9
15.76,1795,0.569,63.67,48.49,3044,100,99.9
15.77,1795,0.574,63.62,48.93,3050,102.7,104.1
15.78,1797,0.574,63.67,49.52,3045,99.6,100.2
15.79,1796,0.571,63.63,48.98,3042,100.2,100.3
15.8,1791,0.569,63.64,48.73,3045,99.9,97.6
15.81,1810,0.57,63.63,49.21,3041,98.8,101.2
15.82,1802,0.571,63.64,48.92,3043,101.7,101.3
15.83,1800,0.567,63.62,49.1,3044,100.1,99.7
15.84,1787,0.564,63.64,49.03,3040,99.6,99.6
15.85,1797,0.565,63.64,49.52,3045,100.6,100.5
15.86,1813,0.568,63.69,49.14,3043,100.1,101.8
15.87,1804,0.564,63.67,48.81,3047,98.3,98.7
15.88,1800,0.568,63.63,48.96,3046,98.3,101.6
15.89,1800,0.568,63.55,48.95,3048,97.5,98.5
15.9,1794,0.565,63.69,49.1,3036,98,102.5
15.91,1795,0.561,63.64,48.67,3039,102.2,99.3
15.92,1812,0.561,63.66,48.92,3041,100.1,99
15.93,1801,0.554,63.64,49.01,3044,101,100.7
15.94,1804,0.56,63.62,48.94,3045,99.4,101.8
15.95,1802,0.56,63.62,48.86,3044,100.9,99.9
15.96,1805,0.56,63.68,48.82,3050,98,99.7
15.97,1791,0.561,63.69,48.98,3044,100.1,101.1
15.98,1806,0.553,63.66,48.91,3047,99.2,99.7
15.99,1802,0.554,63.62,49.17,3046,101.2,100.1
16,1793,0.557,63.64,48.89,3048,99.7,100.7
16.01,1807,0.55,63.67,49.26,3047,98.7,95.7
16.02,1800,0.55,63.63,49.04,3044,100.9,101.8
16.03,1795,0.552,63.68,48.8,3044,100.9,99.8
16.04,1805,0.555,63.64,49.27,3047,99.5,100.7
16.05,1794,0.552,63.63,49.52,3050,99.2,99.4
16.06,1803,0.55,63.64,48.85,3048,99.6,101.7
16.07,1804,0.549,63.64,49.1,3044,101.8,99.8
16.08,1804,0.543,63.65,48.77,3044,101.3,99.1
16.09,1797,0.548,63.64,48.74,3042,97.9,100.2
16.1,1808,0.551,63.72,48.94,3036,100.5,99.7
16.11,1791,0.544,63.64,49.5,3047,100,97.2
16.12,1793,0.544,63.57,48.97,3049,103,102
16.13,1802,0.549,63.68,49.03,3050,106.2,100.4
16.14,1798,0.546,63.6,49.19,3044,114.3,100.8
16.15,1800,0.546,63.67,49.17,3044,119.8,98.6
16.16,1793,0.546,63.66,49.49,3047,125.8,98.7
16.17,1793,0.55,63.61,49.01,3047,132,98.3
16.18,1792,0.549,63.66,49.04,3049,137.4,99.9
16.19,1805,0.551,63.66,48.39,3049,144.7,101.3
16.2,1805,0.545,63.63,48.45,3047,150,99.8
16.21,1799,0.548,63.64,49.28,3046,158.2,100
16.22,1786,0.548,63.63,49.29,3045,163.7,100.5
16.23,1795,0.557,63.59,48.8,3043,174.4,99.1
16.24,1791,0.548,63.64,49.44,3046,180,100.4
16.25,1803,0.547,63.69,49.63,3047,183.7,98.8
16.26,1806,0.552,63.64,51.81,3053,190.9,99.8
16.27,1816,0.554,63.64,52.72,3046,197.7,99
16.28,1798,0.56,63.65,55.01,3051,204.7,97.9
16.29,1794,0.561,63.67,57.25,3050,212.3,98.5
16.3,1803,0.56,63.64,58.32,3048,217,98.6
16.31,1804,0.567,63.72,59.87,3048,223.9,102.3
16.32,1799,0.574,63.8,60.63,3056,232.9,101.2
16.33,1804,0.574,63.79,61.43,3058,240.5,99.4
16.34,1795,0.59,63.78,62.66,3050,246.2,98.6
16.35,1797,0.597,63.83,63.11,3047,254.4,100.3
16.36,1796,0.604,63.9,64.02,3051,257.7,96.1
16.37,1798,0.614,63.82,64,3053,263,100.6
16.38,1804,0.622,63.91,64.45,3060,272.2,100.2
16.39,1796,0.622,63.93,65.2,3057,279.6,100.8
16.4,1792,0.647,64,65.69,3058,285.3,99.5
16.41,1795,0.654,64.02,65.72,3060,292.5,103.2
16.42,1802,0.663,64.07,66.01,3066,298.9,98.5
16.43,1802,0.666,64.16,66.77,3065,304.5,97.8
16.44,1805,0.677,64.2,66.64,3066,311.4,98.5
16.45,1796,0.689,64.3,66.9,3073,319.6,101.8
16.46,1803,0.7,64.37,67.85,3083,326.3,100.4
16.47,1799,0.71,64.41,68.15,3079,330.7,99.7
16.48,1807,0.714,64.51,68.2,3081,336.4,98.8
16.49,1797,0.728,64.61,69.01,3083,347.1,98.2
16.5,1796,0.735,64.65,69.2,3088,350.5,101.9
16.51,1808,0.743,64.76,69.87,3093,355.9,98.4
16.52,1801,0.751,64.85,70.22,3091,361.3,100
16.53,1798,0.757,64.97,70.45,3100,370.1,101
16.54,1808,0.757,65.03,71.14,3102,377.6,102.6
16.55,1801,0.767,65.16,71.36,3106,384.5,101
16.56,1800,0.774,65.27,71.7,3107,388.9,100.5
16.57,1804,0.787,65.33,72.39,3115,395.6,98
16.58,1797,0.783,65.45,72.66,3118,404.3,100
16.59,1789,0.789,65.57,73.12,3124,410,97.9
16.6,1797,0.785,65.68,72.92,3130,415.8,98.9
16.61,1810,0.789,65.86,74.28,3135,426.1,102.7
16.62,1797,0.788,65.93,73.46,3140,428.3,99
16.63,1803,0.796,66.08,74.8,3147,434.9,101
16.64,1803,0.797,66.21,74.9,3146,443.7,100.7
16.65,1806,0.797,66.37,75.09,3156,450.3,99.6
16.66,1802,0.794,66.44,75.8,3163,456.6,100.3
16.67,1795,0.799,66.59,75.87,3168,464.1,104.7
16.68,1805,0.794,66.73,76.24,3172,467,100.9
16.69,1803,0.798,66.9,76.74,3175,474.1,99.1
16.7,1812,0.788,67.05,76.95,3188,482.1,101.3
16.71,1812,0.794,67.22,77.33,3193,489.1,101.4
16.72,1796,0.795,67.37,77.82,3193,496.6,101.7
16.73,1802,0.791,67.58,78.6,3210,499.9,99.8
16.74,1794,0.783,67.73,78.54,3212,508.1,98.7
16.75,1797,0.786,67.87,78.97,3212,518.4,100.7
16.76,1791,0.777,68.04,79.42,3222,523.6,100.5
16.77,1806,0.784,68.23,80.11,3228,527.4,98.3
16.78,1798,0.778,68.43,80.53,3240,535.8,98.6
16.79,1795,0.781,68.55,80.85,3242,543.1,101.2
16.8,1799,0.774,68.76,80.99,3250,549,100.9
16.81,1786,0.77,69.01,81.96,3254,555.6,98.4
16.82,1792,0.774,69.19,81.74,3265,564,101.4
16.83,1793,0.769,69.37,82.31,3275,567.4,100.6
16.84,1808,0.774,69.64,82.7,3282,572.7,99
16.85,1797,0.772,69.79,83.45,3292,580.4,101.9
16.86,1801,0.77,69.99,83.55,3303,589.5,100.6
16.87,1803,0.768,70.23,83.43,3315,595,102.3
16.88,1800,0.773,70.42,83.15,3318,597.8,96.3
16.89,1798,0.769,70.66,82.7,3326,603.8,103.5
16.9,1799,0.771,70.91,82.64,3335,608.1,101.6
16.91,1794,0.768,71.12,82.67,3345,610.6,98.9
16.92,1795,0.774,71.3,82.5,3350,614.8,99.7
16.93,1798,0.768,71.6,80.25,3366,609.5,97.7
16.94,1808,0.768,71.75,77.65,3365,599.2,97.1
16.95,1798,0.762,72,74.3,3383,597.2,101
16.96,1786,0.761,72.18,71.84,3392,589.2,99.9
16.97,1806,0.764,72.44,69.35,3395,584.2,100.4
16.98,1797,0.754,72.62,66.72,3407,575.6,98.4
16.99,1793,0.75,72.91,65.89,3415,568,99.9
17,1805,0.744,73.09,63.95,3426,561.7,98.3
17.01,1795,0.738,73.31,62.37,3436,554.3,101.3
17.02,1801,0.73,73.5,62.09,3443,547.7,101.5
17.03,1803,0.724,73.7,60.97,3443,540.9,98.3
17.04,1803,0.711,73.88,60.48,3455,533.5,98.4
17.05,1797,0.704,74.05,60.07,3462,529.9,97
17.06,1805,0.693,74.25,59.63,3471,520.1,99.3
17.07,1808,0.684,74.42,59.6,3478,514.7,100
17.08,1805,0.679,74.65,58.95,3487,510.3,102.6
17.09,1805,0.672,74.83,58.92,3492,502.9,99.1
17.1,1800,0.66,75.01,58.04,3503,496.4,97.9
17.11,1805,0.652,75.16,57.96,3504,486.8,99.8
17.12,1798,0.641,75.32,57.86,3521,482.8,103.5
17.13,1808,0.639,75.49,57.62,3524,476.6,99.6
17.14,1799,0.629,75.66,57.03,3528,468.3,101.9
17.15,1797,0.629,75.86,56.75,3535,465.2,99.9
17.16,1796,0.624,76.02,56.18,3534,453.7,99.8
17.17,1792,0.616,76.13,56.05,3546,450.5,99.1
17.18,1810,0.61,76.28,56.19,3545,442.9,98.4
17.19,1790,0.605,76.41,55.53,3560,437.5,99.7
17.2,1798,0.603,76.54,55.14,3567,428.1,100.2
17.21,1797,0.599,76.65,55.02,3569,424.7,98.7
17.22,1803,0.597,76.84,54.32,3574,418.2,101.5
17.23,1803,0.602,76.92,54.25,3581,406.8,102.2
17.24,1793,0.603,77.03,54.02,3580,403.1,103
17.25,1794,0.598,77.14,53.53,3586,399.7,100
17.26,1789,0.602,77.29,53.39,3587,389.7,98.3
17.27,1798,0.603,77.4,53.07,3595,383.5,99.1
17.28,1807,0.608,77.57,52.74,3601,378.3,98.8
17.29,1807,0.604,77.64,52.4,3603,368.6,102.2
17.3,1799,0.615,77.69,51.63,3611,361.2,101.5
17.31,1796,0.614,77.83,51.59,3617,356.7,101.2
17.32,1804,0.618,77.98,51.11,3615,352.7,101.6
17.33,1802,0.628,78.02,51.56,3622,347.4,99.6
17.34,1804,0.624,78.15,50.54,3625,338.9,99.5
17.35,1793,0.637,78.15,50.34,3625,329.4,99
17.36,1802,0.645,78.28,50.38,3631,325.1,98.7
17.37,1803,0.649,78.4,49.95,3637,319.7,101
17.38,1810,0.652,78.43,49.34,3637,310.2,99.8
17.39,1795,0.659,78.53,48.8,3640,301.5,99.1
17.4,1793,0.67,78.56,48.9,3641,297.9,99.3
17.41,1805,0.68,78.65,48.28,3648,292,101.1
17.42,1792,0.679,78.73,48.2,3649,281.6,103.1
17.43,1802,0.691,78.81,47.89,3655,281.2,100.4
17.44,1787,0.695,78.82,47.23,3658,269,99.3
17.45,1794,0.705,78.9,47.25,3655,266.3,100.7
17.46,1803,0.71,78.97,46.62,3661,260.1,101.4
17.47,1797,0.719,78.95,46.13,3663,253.9,100.8
17.48,1802,0.723,79.02,46.26,3663,246.3,99.7
17.49,1813,0.73,79.1,45.34,3661,238.6,97.4
17.5,1800,0.731,79.06,45.04,3665,234.1,99.3
17.51,1801,0.739,79.1,45.13,3664,222.4,98.5
17.52,1813,0.738,79.14,44.68,3666,219.1,99.4
17.53,1799,0.744,79.16,44.53,3667,213.3,101.4
17.54,1793,0.75,79.16,44.28,3664,207.9,101.1
17.55,1800,0.754,79.24,43.64,3664,199.3,100.5
17.56,1796,0.757,79.27,43.18,3669,192.4,102.1
17.57,1801,0.758,79.21,42.89,3669,186.2,100.2
17.58,1798,0.761,79.19,43.48,3669,180.9,99.9
17.59,1796,0.767,79.25,44.8,3668,171.5,98.2
17.6,1804,0.765,79.22,46.34,3670,163.7,99.9
17.61,1791,0.763,79.24,47.81,3668,159.2,98.1
17.62,1804,0.77,79.25,49.46,3672,151,101
17.63,1801,0.774,79.22,50.47,3666,143.7,101.9
17.64,1804,0.776,79.26,50.64,3664,139,100.2
17.65,1808,0.781,79.19,51.6,3671,132.4,98.5
17.66,1809,0.776,79.27,52.33,3668,126.6,102.3
17.67,1787,0.782,79.25,52.94,3668,118.3,100.1
17.68,1797,0.782,79.19,52.81,3672,110.6,100.4
17.69,1795,0.784,79.2,52.96,3673,106.8,99.7
17.7,1788,0.789,79.2,53.63,3670,102.6,101.7
17.71,1800,0.789,79.19,53.43,3671,99,101.9
17.72,1802,0.793,79.22,53.88,3668,99.2,101.5
17.73,1800,0.786,79.19,53.9,3668,100,100.8
17.74,1791,0.787,79.26,53.98,3670,100.3,100.3
17.75,1804,0.795,79.28,53.66,3673,100.2,99.7
17.76,1821,0.796,79.26,53.9,3666,101.4,100.7
17.77,1801,0.796,79.28,53.92,3669,101.3,101
17.78,1792,0.797,79.2,53.7,3673,99.9,100.7
17.79,1806,0.796,79.26,53.72,3676,101.5,99.7
17.8,1801,0.804,79.27,53.7,3670,99.8,101.4
17.81,1794,0.801,79.31,54.08,3673,98.7,100.8
17.82,1798,0.797,79.24,53.4,3668,101.2,101
17.83,1803,0.806,79.3,53.95,3668,99.6,100.7
17.84,1790,0.806,79.28,54.12,3673,98.7,99.9
17.85,1805,0.807,79.25,54.02,3666,99.3,101.1
17.86,1807,0.803,79.28,53.91,3669,100.8,98.9
17.87,1808,0.801,79.22,53.71,3670,99,101.3
17.88,1803,0.809,79.2,53.77,3666,103.1,102.1
17.89,1801,0.805,79.18,53.66,3674,101.5,100.2
17.9,1806,0.804,79.23,53.84,3672,100.1,98.7
17.91,1797,0.803,79.23,53.91,3676,99.4,99.6
17.92,1808,0.799,79.21,54.1,3668,100,100.7
17.93,1804,0.803,79.31,53.77,3672,100.3,100.8
17.94,1798,0.798,79.24,53.83,3668,99.4,98.5
17.95,1797,0.801,79.2,53.78,3668,98.8,99.4
17.96,1807,0.797,79.27,53.64,3670,99.3,98.8
17.97,1796,0.791,79.28,53.31,3671,99.4,101.6
17.98,1805,0.798,79.21,53.68,3673,99.5,102.3
17.99,1815,0.798,79.24,53.91,3670,100.5,102.7
18,1805,0.799,79.21,53.8,3666,96.3,99.2
18.01,1811,0.802,79.29,53.53,3666,100.3,100.2
18.02,1795,0.788,79.27,54,3669,98.2,101
18.03,1790,0.79,79.24,53.65,3665,101.1,102.6
18.04,1804,0.789,79.25,54.34,3668,103.1,98.6
18.05,1802,0.791,79.26,53.49,3669,101.7,102.4
18.06,1806,0.794,79.21,54.03,3667,98.4,100.7
18.07,1795,0.793,79.21,53.63,3673,100.6,99.5
18.08,1802,0.79,79.25,53.97,3671,98.6,100.2
18.09,1804,0.789,79.26,53.58,3672,100,100.1
18.1,1804,0.785,79.25,54.2,3671,99.6,98.2
18.11,1800,0.789,79.27,53.62,3673,98.1,99.4
18.12,1795,0.783,79.2,53.39,3676,98.2,99.9
18.13,1808,0.789,79.28,53.72,3673,99.7,100.5
18.14,1796,0.786,79.27,53.47,3669,99.1,97.6
18.15,1804,0.778,79.29,53.86,3664,100,102.3
18.16,1792,0.786,79.2,54.14,3665,100.2,101.3
18.17,1804,0.781,79.26,53.58,3672,99.6,99.5
18.18,1788,0.776,79.22,53.79,3670,100.8,100.6
18.19,1806,0.782,79.27,54.14,3672,102,98.6
18.2,1807,0.781,79.28,53.72,3671,101,98.1
18.21,1789,0.782,79.23,53.79,3667,101.4,99.9
18.22,1803,0.774,79.21,53.69,3670,98.9,98.5
18.23,1790,0.779,79.22,53.57,3669,99.9,103.1
18.24,1810,0.781,79.26,53.88,3664,99.9,98.8
18.25,1808,0.786,79.23,53.31,3671,100.2,96.6
18.26,1804,0.777,79.23,53.9,3672,99.3,101.4
18.27,1806,0.786,79.21,53.62,3673,99,100.6
18.28,1794,0.786,79.26,53.93,3669,98.4,102.9
18.29,1797,0.78,79.22,53.87,3671,100.1,100.4
18.3,1800,0.784,79.22,53.74,3669,99.8,98.9
18.31,1792,0.781,79.25,53.7,3664,102,101.7
18.32,1794,0.782,79.28,53.9,3674,96.5,100.9
18.33,1793,0.786,79.25,53.94,3668,98.3,99
18.34,1797,0.781,79.23,53.89,3672,97.9,101.3
18.35,1795,0.782,79.27,53.56,3670,96.9,102.2
18.36,1799,0.784,79.2,53.56,3669,98.5,100.5
18.37,1800,0.783,79.24,53.56,3669,101.2,98.3
18.38,1809,0.785,79.19,53.63,3668,100.4,101.3
18.39,1797,0.785,79.3,53.79,3669,100.4,100.9
18.4,1799,0.786,79.23,54.31,3672,100.3,101.8
18.41,1803,0.788,79.26,53.76,3669,101,100.9
18.42,1796,0.787,79.29,53.44,3670,98.1,102.6
18.43,1805,0.788,79.26,53.89,3671,104.2,100.7
18.44,1799,0.789,79.27,54.15,3670,108.3,98.8
18.45,1808,0.787,79.23,53.68,3666,113,101.7
18.46,1816,0.787,79.26,54.19,3670,117.8,102.6
18.47,1797,0.787,79.23,53.63,3663,121.6,102.6
18.48,1799,0.787,79.21,53.79,3670,126.5,100.4
18.49,1806,0.793,79.23,53.46,3671,128.9,101.8
18.5,1810,0.789,79.24,53.76,3667,134.2,95.8
18.51,1800,0.791,79.29,53.94,3668,140.2,100.3
18.52,1811,0.793,79.25,53.7,3670,143.7,100.2
18.53,1806,0.796,79.27,53.52,3670,149.6,98.1
18.54,1803,0.79,79.2,53.84,3671,151.9,101.3
18.55,1794,0.79,79.26,54.3,3669,157.8,101.1
18.56,1801,0.794,79.22,53.61,3668,160.1,100.6
18.57,1808,0.795,79.18,53.89,3666,164.8,103.1
18.58,1805,0.796,79.23,53.92,3673,172.8,98.2
18.59,1800,0.795,79.24,53.61,3669,175.9,99.3
18.6,1801,0.797,79.26,53.64,3669,178.9,100.8
18.61,1800,0.796,79.22,53.84,3662,184.1,99.6
18.62,1797,0.788,79.28,55.23,3667,186.5,100.9
18.63,1805,0.795,79.17,56.14,3673,193.3,98.6
18.64,1806,0.799,79.22,57.79,3671,198.5,100.4
18.65,1797,0.795,79.25,58.87,3664,203.2,99.1
18.66,1801,0.807,79.3,59.81,3674,207.1,99.8
18.67,1806,0.802,79.25,60.89,3670,207.4,98
18.68,1814,0.804,79.24,61.38,3670,215.8,98.7
18.69,1800,0.815,79.33,61.82,3670,219.6,98.2
18.7,1797,0.817,79.33,62.6,3673,222.4,98.5
18.71,1801,0.822,79.31,62.95,3672,225.3,101.2
18.72,1802,0.824,79.39,63.42,3675,233.4,102.7
18.73,1797,0.836,79.35,64.13,3676,237.1,97.5
18.74,1796,0.84,79.46,64.24,3674,240.5,100.8
18.75,1793,0.845,79.48,63.83,3680,243.1,101
18.76,1792,0.853,79.49,64.49,3685,248.2,101.5
18.77,1800,0.857,79.49,64.9,3677,256.5,102
18.78,1797,0.865,79.53,65.11,3681,255.4,102.3
18.79,1791,0.874,79.56,65.67,3687,262.5,97.7
18.8,1791,0.88,79.61,65.24,3681,265.2,101.4
18.81,1793,0.882,79.64,65.74,3687,269.3,100
18.82,1803,0.896,79.7,66.06,3691,279.2,99.2
18.83,1805,0.898,79.77,66.61,3690,277.2,102.1
18.84,1793,0.902,79.81,66.79,3690,285.8,100
18.85,1804,0.913,79.88,67.2,3694,289.5,101.4
18.86,1797,0.922,79.93,67.43,3697,296.6,100.9
18.87,1801,0.918,79.92,67.74,3704,298.3,99.1
18.88,1802,0.928,80,68.32,3706,300.4,100.7
18.89,1793,0.938,80.1,67.84,3702,306.9,99.2
18.9,1805,0.932,80.18,67.82,3703,307.2,101
18.91,1803,0.936,80.23,67.95,3707,315.5,101.9
18.92,1797,0.946,80.23,68.58,3709,320.8,100.4
18.93,1793,0.949,80.34,68.89,3715,323.9,100.1
18.94,1792,0.95,80.44,69.59,3715,330.1,97.3
18.95,1809,0.957,80.53,69.89,3718,334.3,101
18.96,1805,0.961,80.63,69.3,3727,335.1,100.2
18.97,1795,0.956,80.61,69.98,3723,342.7,101.1
18.98,1794,0.957,80.73,70.58,3731,348.7,101.4
18.99,1808,0.966,80.84,70.95,3732,350.5,98.1
19,1799,0.967,80.96,70.64,3738,353.2,100.6
19.01,1799,0.966,80.94,71.19,3736,360.2,101.5
19.02,1808,0.965,81.11,70.93,3746,362.5,98.6
19.03,1794,0.965,81.17,71.92,3747,369.2,101.1
19.04,1796,0.962,81.22,71.6,3753,375.8,100.9
19.05,1809,0.963,81.4,72.03,3752,375.8,100
19.06,1801,0.965,81.44,72.13,3758,383,101.2
19.07,1802,0.959,81.56,72.25,3770,383.8,97.3
19.08,1803,0.959,81.75,72.69,3763,389.2,102.4
19.09,1805,0.953,81.84,73.24,3773,394.1,99
19.1,1802,0.954,81.93,73.81,3779,398.6,102.5
19.11,1793,0.957,82.04,73.72,3781,405.3,101.4
19.12,1802,0.956,82.14,74.16,3786,407.2,99.8
19.13,1803,0.955,82.31,73.96,3791,415.7,99.7
19.14,1793,0.951,82.42,74.55,3797,419.9,102.1
19.15,1790,0.96,82.53,74.6,3803,419.9,99.8
19.16,1806,0.945,82.6,75.09,3809,424.5,99.3
19.17,1800,0.943,82.8,75.24,3809,431.1,96.3
19.18,1799,0.944,82.91,74.97,3816,436.7,100.3
19.19,1795,0.947,83.06,76.06,3826,438.3,102.9
19.2,1795,0.945,83.15,76.24,3831,442.7,99
19.21,1801,0.943,83.29,76.44,3834,447.3,100.4
19.22,1808,0.944,83.44,76.38,3839,451.4,99
19.23,1809,0.943,83.57,76.74,3845,456.5,99.1
19.24,1792,0.939,83.79,77.52,3846,461.5,99.9
19.25,1792,0.947,83.86,77.36,3851,465.6,99.5
19.26,1801,0.946,84.06,78.03,3853,470.4,99.5
19.27,1806,0.943,84.17,78.11,3868,474.5,99.8
19.28,1800,0.944,84.33,78.04,3876,476.4,101.8
19.29,1804,0.946,84.53,78.65,3877,483.3,100.9
19.3,1802,0.949,84.63,79.44,3888,486,98.9
19.31,1803,0.948,84.81,78.94,3895,492.4,100.6
19.32,1797,0.956,84.91,79.45,3899,495.9,100.8
19.33,1808,0.951,85.16,79.75,3907,500.6,100
19.34,1806,0.957,85.29,80.37,3912,506.2,99
19.35,1794,0.959,85.49,77.89,3920,497.8,99.6
19.36,1802,0.953,85.63,75.02,3933,492.9,102.2
19.37,1810,0.958,85.79,72.33,3938,486,99.4
19.38,1806,0.959,85.95,69.61,3939,480.7,101.2
19.39,1801,0.955,86.11,66.98,3942,470.7,98.1
19.4,1801,0.959,86.3,65.42,3950,465.9,98.7
19.41,1809,0.947,86.45,63.47,3961,456.1,101
19.42,1814,0.945,86.51,62.35,3965,452.3,101
19.43,1802,0.938,86.69,60.51,3970,443,99.5
19.44,1796,0.935,86.86,60.45,3971,441.1,98.8
19.45,1788,0.928,87.01,59.5,3980,430.2,100.7
19.46,1801,0.923,87.15,59.2,3986,425.7,97.6
19.47,1800,0.917,87.3,58.37,3993,419.1,99.1
19.48,1811,0.906,87.42,57.69,3995,411.1,98.5
19.49,1800,0.902,87.55,57.6,4001,403.6,101.9
19.5,1803,0.891,87.64,57.02,4005,399.7,100.2
19.51,1789,0.885,87.78,56.58,4013,393,99.1
19.52,1812,0.879,87.91,55.79,4018,385.9,99.1
19.53,1800,0.868,88.04,56.4,4023,378.4,100.7
19.54,1800,0.865,88.14,55.8,4022,374.6,102.4
19.55,1790,0.855,88.26,55.47,4025,365.9,100.5
19.56,1808,0.85,88.31,54.9,4036,356.7,97.6
19.57,1793,0.846,88.47,54.69,4038,353,101.9
19.58,1793,0.831,88.54,54.12,4046,347.1,100.2
19.59,1792,0.832,88.61,53.64,4049,339,99.3
19.6,1797,0.827,88.69,54.04,4046,334.2,99.9
19.61,1806,0.816,88.78,53.12,4055,328.4,97.5
19.62,1804,0.812,88.86,53.04,4055,318.2,98.2
19.63,1806,0.811,88.92,52.1,4058,314,99.6
19.64,1812,0.812,89.04,52.42,4063,306.2,99.3
19.65,1810,0.809,89.08,51.5,4068,301.7,100.2
19.66,1798,0.803,89.18,51.36,4071,293.8,99.7
19.67,1793,0.799,89.24,51.14,4067,286.3,98
19.68,1793,0.8,89.34,50.98,4079,283.6,101.1
19.69,1798,0.798,89.37,50.84,4069,272.6,101.8
19.7,1800,0.805,89.39,50.15,4077,265.4,100.7
19.71,1795,0.803,89.43,49.93,4076,261.4,101.3
19.72,1800,0.803,89.49,49.64,4079,255.1,97.4
19.73,1800,0.8,89.55,49.16,4080,246.5,100.7
19.74,1798,0.807,89.55,48.82,4079,237.9,99.2
19.75,1802,0.808,89.61,48.07,4085,235.4,99
19.76,1800,0.809,89.61,48.39,4088,228.7,99.7
19.77,1785,0.813,89.71,47.9,4081,220.9,100.1
19.78,1793,0.822,89.71,47.82,4089,217.1,101.4
19.79,1791,0.823,89.68,47.43,4088,209.9,99.5
19.8,1800,0.827,89.74,46.73,4086,198.5,99.3
19.81,1797,0.828,89.69,46.55,4090,195.5,99.4
19.82,1805,0.844,89.76,46.05,4090,185.9,96.8
19.83,1808,0.844,89.74,45.71,4097,182.6,100.8
19.84,1802,0.85,89.75,47.62,4091,175.7,99
19.85,1793,0.846,89.73,48.92,4085,168.5,96.3
19.86,1800,0.86,89.77,50.05,4090,161.8,103
19.87,1784,0.864,89.8,51.5,4092,151.4,99.8
19.88,1803,0.872,89.83,53,4089,146.9,99.8
19.89,1798,0.874,89.76,53.99,4093,140.2,98.5
19.9,1789,0.881,89.72,54.75,4092,132.3,98.6
19.91,1797,0.884,89.84,55.68,4096,127.6,100.8
19.92,1794,0.895,89.73,55.82,4088,122.9,101
19.93,1800,0.904,89.7,55.94,4088,118.1,99.6
19.94,1794,0.915,89.73,56.35,4094,108.2,103.6
19.95,1794,0.918,89.79,56.47,4093,102.7,101.4
19.96,1801,0.929,89.81,57.06,4093,99,98.3
19.97,1803,0.935,89.73,56.15,4090,101.3,96.6
19.98,1804,0.939,89.79,56.61,4091,100.9,98.5
19.99,1804,0.949,89.83,56.49,4089,98.5,100.4
20,1794,0.956,89.78,56.87,4086,101.3,101.7
20.01,1817,0.96,89.74,56.85,4089,98.5,99.8
20.02,1804,0.965,89.74,57,4095,99.6,100.7
20.03,1793,0.971,89.72,57.06,4098,101.1,100.5
20.04,1795,0.973,89.77,57.06,4093,97.3,99.2
20.05,1797,0.98,89.79,57.52,4091,98.9,102.1
20.06,1799,0.99,89.75,56.6,4090,101.1,99.3
20.07,1799,0.993,89.73,57.13,4088,100.5,100
20.08,1800,0.99,89.74,56.82,4095,99.7,100.4
20.09,1802,0.997,89.76,56.75,4091,101.1,100.8
20.1,1801,0.999,89.74,56.97,4094,98.6,100.5
20.11,1796,0.998,89.78,56.8,4090,100.3,99.9
20.12,1796,1,89.8,57.46,4092,101.1,98.9
20.13,1793,0.999,89.75,56.92,4091,100.4,101.3
20.14,1788,1.006,89.75,57.01,4087,99.2,99.4
20.15,1800,1.003,89.77,57.02,4093,100.7,97.9
20.16,1807,1.006,89.8,57.03,4089,101.7,101.4
20.17,1792,1,89.77,56.69,4094,99,100.4
20.18,1807,0.998,89.74,57.05,4095,101.4,101.4
20.19,1803,0.995,89.74,56.91,4088,99.5,98.8
20.2,1799,0.995,89.73,57.14,4095,101.2,99.7
20.21,1799,0.991,89.72,57.12,4095,100,99.5
20.22,1810,0.992,89.74,57.39,4092,101.4,99.7
20.23,1794,0.986,89.83,57.22,4091,104.2,103.4
20.24,1797,0.982,89.69,57.06,4087,100.7,101.4
20.25,1803,0.977,89.72,56.45,4085,97.5,101.5
20.26,1802,0.976,89.74,57.02,4091,96.9,100.3
20.27,1806,0.973,89.8,56.96,4091,101.9,100.3
20.28,1795,0.975,89.73,56.72,4090,99,100.9
20.29,1790,0.969,89.78,57.18,4098,100.8,98.7
20.3,1801,0.969,89.76,56.85,4091,102.2,100.3
20.31,1806,0.956,89.8,56.85,4087,94.3,100.9
20.32,1792,0.96,89.79,56.7,4089,100,101.2
20.33,1797,0.953,89.79,56.99,4092,101.2,99.3
20.34,1800,0.945,89.78,56.95,4091,99.6,95.2
20.35,1803,0.95,89.79,56.73,4086,98.4,99.5
20.36,1795,0.943,89.77,56.97,4088,97.5,100.2
20.37,1804,0.942,89.76,57.05,4095,97.8,102.8
20.38,1792,0.939,89.73,57.17,4093,100.1,102.8
20.39,1806,0.933,89.78,56.99,4092,100.4,96.6
20.4,1791,0.933,89.77,56.86,4094,101.6,99.6
20.41,1802,0.931,89.77,56.66,4090,101.7,100.3
20.42,1804,0.93,89.71,56.95,4094,100,98
20.43,1805,0.928,89.74,57,4096,101.2,101.9
20.44,1807,0.922,89.73,56.93,4093,99.3,100.9
20.45,1799,0.919,89.74,56.59,4090,98.9,102.5
20.46,1799,0.916,89.76,56.59,4088,103,99.2
20.47,1793,0.92,89.72,57.02,4090,97,98.9
20.48,1791,0.917,89.71,56.65,4091,100.3,99.2
20.49,1796,0.916,89.79,57.1,4090,100.1,96.9
20.5,1806,0.922,89.73,57,4089,101.9,101.7
20.51,1805,0.914,89.78,56.24,4093,97.3,101.3
20.52,1794,0.919,89.68,56.96,4089,100.7,99.4
20.53,1799,0.922,89.79,57.05,4094,98.3,99.6
20.54,1802,0.916,89.82,57.04,4087,99,97.9
20.55,1802,0.916,89.78,57.49,4094,99.2,99.5
20.56,1800,0.915,89.79,57.17,4083,98.5,99.2
20.57,1802,0.921,89.73,57.33,4090,102.7,100.7
20.58,1791,0.926,89.77,56.92,4087,99.2,98.6
20.59,1797,0.924,89.79,56.86,4089,98.1,100.2
20.6,1813,0.932,89.78,57.1,4089,99,99.7
20.61,1808,0.93,89.74,56.74,4091,100.3,101.9
20.62,1802,0.929,89.76,56.71,4089,99.7,100.5
20.63,1783,0.94,89.72,56.73,4091,99.2,100.1
20.64,1809,0.931,89.78,57.1,4094,99.7,97.8
20.65,1811,0.934,89.75,57.13,4089,101,100.6
20.66,1797,0.941,89.77,56.44,4092,98.2,101.8
20.67,1798,0.935,89.75,56.71,4088,99,97.5
20.68,1805,0.943,89.74,56.63,4087,98.4,98.9
20.69,1802,0.942,89.78,56.71,4090,100.3,98.1
20.7,1802,0.947,89.79,57,4086,98.3,100.6
20.71,1788,0.941,89.76,56.28,4092,99.9,100.4
20.72,1799,0.942,89.78,56.57,4092,100.2,98.4
20.73,1792,0.949,89.71,56.36,4091,100.4,100
20.74,1798,0.944,89.71,56.83,4091,98.6,99.4
20.75,1799,0.954,89.79,56.49,4094,100.9,99.4
20.76,1803,0.951,89.76,57.13,4087,99.5,99.4
20.77,1799,0.95,89.76,57.08,4098,98.7,98.5
20.78,1798,0.955,89.74,57.29,4097,100.3,101.7
20.79,1805,0.959,89.73,56.55,4090,100.6,101.7
20.8,1798,0.953,89.77,56.64,4095,101.3,98.8
20.81,1795,0.958,89.77,57.23,4086,96.9,99.4
20.82,1796,0.958,89.79,57.08,4090,102.6,99.7
20.83,1798,0.961,89.72,56.9,4095,104.1,99.3
20.84,1794,0.961,89.81,57.25,4085,99.4,100.2
20.85,1803,0.958,89.76,57.06,4094,101.2,103.1
20.86,1795,0.965,89.73,57.12,4089,100.5,99.1
20.87,1810,0.958,89.77,57.1,4087,100.4,101
20.88,1812,0.956,89.78,57.09,4093,98.5,99.2
20.89,1794,0.953,89.75,56.64,4090,101.7,101
20.9,1792,0.96,89.72,56.82,4086,99.2,98.7
20.91,1795,0.955,89.74,57.05,4093,100.4,101.1
20.92,1796,0.96,89.7,56.66,4093,99,100.7
20.93,1807,0.963,89.77,57.09,4088,102.5,95.9
20.94,1808,0.954,89.74,56.96,4089,99.3,101
20.95,1805,0.957,89.75,56.77,4091,100.2,98.8
20.96,1793,0.957,89.74,57.03,4090,100.2,98.4
20.97,1809,0.958,89.8,57.11,4090,101.5,99.8
20.98,1809,0.954,89.77,56.87,4092,101.3,100
20.99,1801,0.957,89.76,56.81,4093,103.2,104.3
21,1793,0.953,89.76,56.97,4099,99.6,98.2
21.01,1800,0.947,89.7,56.62,4090,98.5,100.2
21.02,1803,0.95,89.7,57.04,4085,102.7,99.6
21.03,1798,0.955,89.75,56.97,4087,100.4,97.3
21.04,1789,0.945,89.81,56.5,4087,100.8,101.9
21.05,1800,0.953,89.74,56.69,4091,99.8,99.4
21.06,1785,0.947,89.77,57.06,4090,101,97.1
21.07,1802,0.942,89.79,57.03,4084,101.1,100.4
21.08,1798,0.946,89.75,57.06,4088,101.1,99.1
21.09,1796,0.945,89.79,56.99,4092,98.2,99.2
21.1,1800,0.945,89.74,57.11,4090,98.5,100
21.11,1803,0.942,89.82,56.87,4091,101.9,99.5
21.12,1794,0.947,89.73,56.97,4090,100.3,100
21.13,1801,0.939,89.73,57.18,4087,100.1,99.8
21.14,1790,0.941,89.75,56.59,4086,102.7,99.1
21.15,1800,0.945,89.73,57.08,4090,99.9,100.3
21.16,1795,0.942,89.73,56.94,4093,98.7,101.2
21.17,1796,0.943,89.81,56.47,4089,97.5,102.1
21.18,1784,0.943,89.77,57.06,4089,98.6,102.4
21.19,1807,0.945,89.74,56.98,4092,100.1,101.2
21.2,1813,0.943,89.74,56.96,4091,97.9,99
21.21,1796,0.94,89.74,57.1,4094,98.5,101.7
21.22,1811,0.938,89.76,56.86,4095,101.6,100.4
21.23,1798,0.944,89.8,56.9,4091,97.2,100.9
21.24,1804,0.943,89.77,56.86,4088,97.9,103.5
21.25,1799,0.942,89.74,57.01,4094,98.7,101.7
21.26,1803,0.939,89.81,57.14,4087,99.3,103.9
21.27,1788,0.944,89.81,57.08,4096,97.5,100.3
21.28,1794,0.942,89.8,56.38,4090,96.7,95.9
21.29,1806,0.935,89.73,56.93,4094,99.2,100.8
21.3,1800,0.943,89.71,56.57,4093,99.3,98.7
21.31,1798,0.939,89.74,57.45,4092,99,100.2
21.32,1810,0.941,89.79,57.2,4090,100.8,99.5
21.33,1795,0.939,89.74,56.9,4088,101.9,99.2
21.34,1798,0.934,89.78,57.5,4089,102,98.9
21.35,1798,0.947,89.75,56.17,4089,103.1,99.3
21.36,1798,0.938,89.75,56.72,4093,97.2,101.1
21.37,1793,0.944,89.73,56.88,4093,101.4,98.2
21.38,1803,0.943,89.75,56.48,4087,98.8,100.4
21.39,1802,0.939,89.82,57.02,4089,95.9,100.9
21.4,1804,0.944,89.71,56.78,4093,99.6,99.5
21.41,1811,0.942,89.83,56.9,4091,99.4,100.2
21.42,1802,0.946,89.78,56.59,4091,100.1,97.9
21.43,1807,0.948,89.77,57.1,4093,101.2,100.1
21.44,1795,0.943,89.77,56.79,4086,100,100.3
21.45,1811,0.952,89.78,57.12,4089,99.2,99.7
21.46,1810,0.948,89.78,57.15,4093,99.2,98.4
21.47,1798,0.946,89.78,56.48,4087,99.1,101.6
21.48,1810,0.948,89.76,57.04,4089,100.9,101.1
21.49,1819,0.94,89.73,56.75,4092,99.7,99
21.5,1801,0.951,89.74,57.5,4087,98.9,100.4
21.51,1799,0.95,89.75,56.88,4087,99.9,103.1
21.52,1791,0.951,89.74,57.31,4090,97.1,99.5
21.53,1793,0.948,89.78,57.04,4094,101.8,99.3
21.54,1792,0.952,89.78,56.86,4086,98.8,98.8
21.55,1799,0.947,89.74,56.62,4089,101,101.1
21.56,1792,0.953,89.77,57.12,4095,99.7,101.2
21.57,1794,0.953,89.71,56.74,4088,99.5,99.2
21.58,1812,0.948,89.76,56.84,4090,95.7,100.5
21.59,1798,0.946,89.78,56.62,4094,102.6,100.3
21.6,1796,0.952,89.77,56.62,4096,101.9,101.9
21.61,1814,0.945,89.79,57.22,4089,100.3,99.1
21.62,1797,0.954,89.79,57.11,4086,99.3,100.8
21.63,1796,0.95,89.74,57.32,4094,99.2,101
21.64,1808,0.951,89.77,56.92,4090,100.6,97.9
21.65,1812,0.946,89.75,56.96,4091,98.8,98.9
21.66,1805,0.947,89.74,56.77,4090,99.4,101.1
21.67,1794,0.951,89.78,56.74,4091,98.7,99.2
21.68,1802,0.945,89.79,56.65,4090,101.1,100.8
21.69,1793,0.953,89.73,56.62,4090,100.9,98.1
21.7,1801,0.948,89.72,57.05,4090,100,100.7
21.71,1802,0.952,89.78,57,4091,100,100.1
21.72,1794,0.945,89.78,56.84,4090,98.6,100.7
21.73,1808,0.949,89.73,57.1,4087,100.8,99.3
21.74,1799,0.943,89.78,56.3,4085,100.6,100.3
21.75,1807,0.948,89.78,57.03,4091,100.5,101.3
21.76,1800,0.954,89.75,56.8,4089,102.9,99.8
21.77,1804,0.951,89.76,57.1,4087,100.7,100.2
21.78,1812,0.95,89.75,56.74,4088,100.5,98.5
21.79,1797,0.944,89.78,57.33,4092,102.2,99.5
21.8,1802,0.951,89.8,57.04,4091,103.1,99.8
21.81,1803,0.951,89.79,56.86,4089,98.9,99.1
21.82,1809,0.948,89.7,56.98,4090,96.8,101.7
21.83,1789,0.945,89.82,57.12,4093,101.5,100
21.84,1807,0.949,89.75,56.86,4091,97.7,99.4
21.85,1791,0.947,89.74,57.29,4088,99.5,99.9
21.86,1790,0.944,89.81,56.99,4093,97.1,100.3
21.87,1801,0.941,89.77,56.94,4096,100.7,99.7
21.88,1810,0.948,89.74,57.27,4092,100.6,99.4
21.89,1802,0.946,89.78,56.82,4092,98.7,97.9
21.9,1808,0.946,89.77,57.15,4095,101.9,99.2
21.91,1816,0.944,89.76,56.98,4094,99.6,99
21.92,1797,0.947,89.72,56.6,4085,98.8,99.7
21.93,1800,0.943,89.79,56.88,4088,100.5,97.3
21.94,1801,0.944,89.79,56.94,4089,97.8,98.5
21.95,1796,0.946,89.81,56.82,4079,98.5,100.2
21.96,1797,0.942,89.74,56.58,4095,100.3,100.2
21.97,1810,0.95,89.74,56.8,4092,100.3,100.1
21.98,1811,0.946,89.71,57.07,4094,100.8,97.3
21.99,1801,0.943,89.76,57.51,4089,101.1,100.5
22,1796,0.952,89.79,56.94,4090,100.6,98.6
22.01,1810,0.948,89.77,56.97,4090,101.2,99.4
22.02,1803,0.939,89.75,57.11,4085,99.2,98.7
22.03,1804,0.948,89.75,56.77,4087,99.3,101.1
22.04,1797,0.945,89.71,57,4093,100.4,101.7
22.05,1797,0.944,89.74,56.31,4091,101.8,100.4
22.06,1795,0.94,89.79,56.8,4094,98.4,99.9
22.07,1805,0.947,89.77,56.73,4091,103.1,101
22.08,1805,0.942,89.77,57.12,4090,99.7,100.5
22.09,1802,0.946,89.8,56.88,4094,99.1,99
22.1,1800,0.948,89.77,56.77,4090,100.9,99
22.11,1799,0.95,89.75,56.87,4089,99.5,100.9
22.12,1800,0.946,89.73,56.67,4094,99.6,99.2
22.13,1807,0.95,89.77,56.72,4089,100.5,100.3
22.14,1795,0.948,89.75,56.93,4091,96.7,100.2
22.15,1802,0.947,89.79,56.75,4093,99.5,102.6
22.16,1796,0.949,89.67,57.24,4087,99.9,101.6
22.17,1807,0.942,89.7,56.52,4096,100.7,99.7
22.18,1799,0.946,89.72,56.93,4088,101.5,99.9
22.19,1801,0.943,89.8,57.26,4092,99,99.2
22.2,1807,0.949,89.75,57.13,4094,99.6,100.3
22.21,1797,0.946,89.79,56.87,4089,99.8,98.4
22.22,1803,0.953,89.77,56.78,4090,99.5,100.2
22.23,1803,0.944,89.71,56.63,4092,98.1,99.8
22.24,1797,0.949,89.77,57.06,4089,100.9,100.1
22.25,1797,0.945,89.8,56.97,4089,99.1,102.9
22.26,1794,0.947,89.76,56.85,4094,99.6,98.7
22.27,1801,0.946,89.82,56.98,4092,97.6,98.3
22.28,1803,0.949,89.8,57.22,4091,102.4,98.7
22.29,1802,0.949,89.76,57.04,4090,100.7,101.5
22.3,1791,0.949,89.83,56.93,4097,100.9,99.7
22.31,1795,0.95,89.77,57.32,4093,100.2,99.6
22.32,1804,0.945,89.81,56.77,4090,100.3,97.4
22.33,1788,0.946,89.73,56.34,4087,103.2,96.7
22.34,1806,0.941,89.77,56.49,4088,99.7,98.8
22.35,1805,0.947,89.81,56.82,4090,100.7,98.3
22.36,1805,0.945,89.75,57.18,4093,98.1,99.7
22.37,1798,0.946,89.69,56.87,4092,98.8,99.8
22.38,1787,0.942,89.79,56.78,4091,100.4,103
22.39,1803,0.947,89.76,56.5,4091,96.2,101.9
22.4,1799,0.945,89.77,56.72,4089,100.8,101.4
22.41,1801,0.949,89.82,56.92,4090,100.6,98.1
22.42,1811,0.951,89.78,57.02,4084,102.1,99
22.43,1794,0.952,89.73,57.51,4092,102,102.4
22.44,1798,0.947,89.78,57.04,4093,98.8,101
22.45,1799,0.948,89.74,56.79,4088,99.6,100.7
22.46,1798,0.95,89.8,56.51,4090,102.1,99
22.47,1796,0.946,89.75,56.77,4093,97.9,97.6
22.48,1791,0.949,89.8,56.52,4093,101.3,99.2
22.49,1800,0.942,89.77,57.09,4093,98.3,101.4
22.5,1793,0.943,89.77,57.23,4094,100.3,97.4
22.51,1802,0.949,89.82,56.59,4089,101.3,101.5
22.52,1804,0.947,89.79,56.99,4095,99.4,100.3
22.53,1803,0.946,89.76,56.75,4087,101.5,98.6
22.54,1807,0.949,89.8,56.95,4093,101.4,99.1
22.55,1795,0.946,89.74,56.59,4090,101.1,100
22.56,1796,0.95,89.73,56.58,4092,101.3,99.2
22.57,1808,0.941,89.76,56.72,4087,98.3,102.8
22.58,1806,0.944,89.75,56.91,4090,100.8,100.7
22.59,1786,0.946,89.77,56.84,4088,98.2,101.7
22.6,1796,0.943,89.8,56.76,4092,102.3,97.4
22.61,1803,0.946,89.75,56.75,4089,101.4,100.8
22.62,1806,0.947,89.77,57.26,4093,102.4,99
22.63,1791,0.949,89.76,56.97,4086,99.6,101.7
22.64,1804,0.95,89.76,56.69,4091,101.7,100.4
22.65,1803,0.951,89.77,56.55,4094,97.7,98.1
22.66,1812,0.948,89.75,57.07,4090,99.3,101.6
22.67,1803,0.948,89.72,56.82,4088,103.3,100.1
22.68,1804,0.952,89.75,56.62,4090,98.6,100.3
22.69,1808,0.944,89.8,56.93,4090,100.8,99.6
22.7,1799,0.949,89.82,56.66,4090,98.6,99.5
22.71,1788,0.947,89.75,56.85,4091,101.8,98.9
22.72,1804,0.952,89.79,56.83,4089,99.8,99.3
22.73,1805,0.944,89.8,57.4,4091,99.4,99.4
22.74,1788,0.945,89.79,56.47,4087,100.4,101.3
22.75,1796,0.948,89.79,57.31,4092,100.5,99.9
22.76,1791,0.942,89.72,56.78,4088,101.2,103.1
22.77,1802,0.942,89.81,57.4,4090,97.8,101.6
22.78,1802,0.949,89.74,57.05,4088,99.7,100.3
22.79,1802,0.945,89.74,57.18,4094,101.5,99
22.8,1792,0.949,89.77,56.83,4089,98.1,101.3
22.81,1799,0.948,89.68,56.62,4097,100.7,100.4
22.82,1786,0.944,89.74,57.13,4090,98.8,100.3
22.83,1793,0.948,89.74,57.09,4087,101.8,99.6
22.84,1807,0.944,89.73,56.9,4090,99.7,102.3
22.85,1806,0.951,89.75,56.74,4085,100.8,98.9
22.86,1798,0.945,89.77,56.66,4091,98.3,102.7
22.87,1807,0.944,89.81,57.31,4092,100.5,102.2
22.88,1809,0.947,89.82,56.65,4098,103.9,100.8
22.89,1790,0.948,89.74,57.18,4092,99.2,100.4
22.9,1798,0.944,89.73,56.64,4090,100.4,99.7
22.91,1809,0.947,89.73,56.71,4086,100.8,100.1
22.92,1798,0.946,89.74,56.71,4090,99.7,100.6
22.93,1796,0.94,89.74,56.7,4091,99.3,98.3
22.94,1797,0.949,89.76,56.73,4092,100.9,101
22.95,1795,0.95,89.77,56.89,4090,101.8,100.7
22.96,1799,0.941,89.78,57.45,4096,97.2,100.4
22.97,1797,0.946,89.79,56.82,4088,100.4,98.3
22.98,1799,0.947,89.75,57.17,4088,99.8,100.9
22.99,1794,0.948,89.74,56.98,4088,99.6,100.2
23,1800,0.947,89.76,56.83,4094,97.4,99.5
23.01,1803,0.948,89.77,56.81,4088,100.4,98.5
23.02,1795,0.945,89.78,57.3,4085,99.9,100
23.03,1799,0.948,89.72,56.97,4087,103.1,100.7
23.04,1807,0.944,89.78,56.95,4093,102.1,101.9
23.05,1801,0.945,89.76,56.47,4087,100.5,101.6
23.06,1796,0.947,89.76,57.05,4093,98.6,100.8
23.07,1804,0.945,89.74,56.41,4088,101.5,99.6
23.08,1809,0.953,89.75,57.06,4090,104.8,99.7
23.09,1803,0.946,89.76,56.9,4090,97.6,99.9
23.1,1798,0.949,89.74,56.59,4083,99.3,101.2
23.11,1804,0.949,89.77,56.43,4090,103.6,99.1
23.12,1806,0.947,89.74,57.33,4091,103.8,98.9
23.13,1797,0.946,89.76,56.89,4087,101.9,98.5
23.14,1802,0.939,89.75,57.11,4089,96.8,99.3
23.15,1806,0.948,89.8,56.45,4093,96.9,98.3
23.16,1796,0.946,89.79,56.99,4087,99.7,100.8
23.17,1801,0.946,89.75,57.45,4093,99.3,103.4
23.18,1803,0.946,89.73,56.98,4090,102.1,98.3
23.19,1797,0.945,89.73,57.16,4092,99.6,102.6
23.2,1795,0.95,89.77,56.84,4092,102.6,102.7
23.21,1802,0.949,89.8,57.28,4095,99.1,101.9
23.22,1806,0.943,89.78,56.71,4089,99.7,98.7
23.23,1806,0.947,89.82,56.97,4093,101.2,99.4
23.24,1809,0.944,89.75,56.89,4089,98.1,101.9
23.25,1793,0.947,89.77,57.03,4088,103.6,101.1
23.26,1800,0.948,89.79,57.23,4090,97.7,98
23.27,1807,0.945,89.75,56.6,4090,101.8,99.1
23.28,1796,0.94,89.76,57.07,4095,102.9,100.6
23.29,1809,0.942,89.76,56.74,4092,99.5,97.2
23.3,1803,0.948,89.72,57.43,4084,101.1,102.5
23.31,1809,0.944,89.8,56.95,4088,98.7,97.7
23.32,1804,0.945,89.72,56.86,4090,101.8,102.5
23.33,1798,0.947,89.81,56.78,4088,97.3,100.4
23.34,1797,0.943,89.78,56.71,4091,98.4,101
23.35,1790,0.945,89.78,56.85,4090,99.7,98.9
23.36,1795,0.949,89.75,57.03,4092,97.4,99.2
23.37,1801,0.944,89.81,56.94,4089,99.8,100.2
23.38,1801,0.95,89.77,56.72,4096,99,100.8
23.39,1811,0.946,89.75,56.64,4091,97.2,98.8
23.4,1818,0.947,89.77,56.71,4090,100.9,98.9
23.41,1800,0.951,89.77,57.04,4089,100.1,100.3
23.42,1793,0.945,89.74,56.59,4089,102,102
23.43,1791,0.947,89.77,57.15,4091,97.8,100.4
23.44,1804,0.949,89.75,56.98,4092,102.5,102.1
23.45,1800,0.947,89.73,57.22,4086,100.8,100.7
23.46,1799,0.95,89.82,57.01,4087,101.9,97.8
23.47,1796,0.947,89.75,56.59,4083,98,100.5
23.48,1798,0.946,89.75,56.84,4087,101.8,100
23.49,1793,0.947,89.79,56.8,4090,101.7,100.1
23.5,1799,0.947,89.77,56.82,4089,103.1,101.2
23.51,1808,0.946,89.74,57.19,4089,100.9,100.5
23.52,1807,0.948,89.77,56.84,4085,101.2,101.3
23.53,1794,0.948,89.75,57.19,4096,100.2,99.1
23.54,1805,0.945,89.8,57.09,4092,98.9,99
23.55,1803,0.949,89.71,56.44,4089,97.8,97.7
23.56,1795,0.946,89.79,56.56,4096,102.7,98.3
23.57,1801,0.942,89.73,56.8,4094,99.6,101
23.58,1790,0.944,89.76,57.24,4095,99,101.1
23.59,1807,0.949,89.69,56.96,4092,101.1,99.7
23.6,1799,0.945,89.74,56.87,4093,100.2,98.7
23.61,1803,0.945,89.85,56.93,4093,101.4,101
23.62,1801,0.949,89.82,56.93,4092,102.5,100.9
23.63,1814,0.949,89.75,56.71,4087,101.5,102.1
23.64,1802,0.948,89.77,57.29,4085,100.5,101.5
23.65,1800,0.947,89.73,56.91,4088,97,101.3
23.66,1796,0.946,89.76,57.24,4090,101.1,99.6
23.67,1808,0.949,89.79,56.72,4094,98.7,104.4
23.68,1801,0.946,89.81,56.96,4089,99.3,99.3
23.69,1797,0.945,89.76,56.97,4094,99.4,99.7
23.7,1793,0.947,89.8,57.26,4092,100.6,100.9
23.71,1797,0.946,89.77,57.53,4090,99.5,99.4
23.72,1806,0.947,89.77,56.74,4093,98.3,98.1
23.73,1803,0.942,89.78,56.87,4093,100.2,100.4
23.74,1805,0.946,89.79,57.37,4094,97.8,100.1
23.75,1793,0.94,89.72,57.02,4087,102.2,100
23.76,1797,0.949,89.77,57.19,4090,100.3,99.3
23.77,1797,0.947,89.83,57.29,4081,98,100.5
23.78,1802,0.951,89.74,57.12,4091,100.5,98.2
23.79,1793,0.942,89.8,56.96,4084,101.7,101.2
23.8,1801,0.944,89.74,56.93,4088,100.2,102.3
23.81,1797,0.947,89.79,56.9,4084,100.4,100
23.82,1806,0.944,89.76,57.28,4091,99.4,101.4
23.83,1806,0.946,89.75,57.21,4090,97.6,100.9
23.84,1813,0.946,89.75,56.71,4088,100.3,100.9
23.85,1797,0.943,89.73,57.71,4089,98.3,102.9
23.86,1801,0.948,89.73,56.91,4090,100.4,97.6
23.87,1799,0.948,89.76,56.66,4093,100.5,99.4
23.88,1791,0.95,89.78,56.71,4099,97.7,101
23.89,1805,0.948,89.78,56.88,4088,101.5,99.6
23.9,1803,0.942,89.74,56.9,4090,99.9,100.9
23.91,1798,0.948,89.78,57.03,4092,99.7,99.7
23.92,1804,0.951,89.78,56.92,4093,99.9,99.7
23.93,1806,0.944,89.74,56.97,4091,101.6,96.7
23.94,1802,0.948,89.77,57.24,4093,100.4,100.3
23.95,1809,0.95,89.71,56.96,4090,96.3,100.7
23.96,1794,0.95,89.79,56.68,4091,97,98.6
23.97,1794,0.949,89.74,57,4089,98.1,102.9
23.98,1804,0.948,89.75,56.74,4087,97.6,100.9
23.99,1805,0.952,89.79,57.32,4089,99.6,102.8
24,1809,0.945,89.75,56.79,4086,100.4,100.1
24.01,1797,0.948,89.75,57.07,4088,98.5,102.2
24.02,1799,0.948,89.75,56.86,4090,102,98.9
24.03,1784,0.952,89.83,56.83,4089,98.9,99.6
24.04,1803,0.949,89.75,57,4089,101.3,99.2
24.05,1800,0.949,89.75,56.88,4090,101.1,98.9
24.06,1802,0.945,89.76,56.91,4091,102.6,99
24.07,1800,0.948,89.74,56.97,4088,99.9,100.8
24.08,1795,0.944,89.81,57.13,4089,97.4,99.8
24.09,1799,0.944,89.75,56.77,4088,101.5,98.4
24.1,1793,0.94,89.79,57.29,4091,99.6,101.1
24.11,1801,0.948,89.77,56.37,4090,100,102
24.12,1793,0.946,89.75,57.02,4093,103.6,102.7
24.13,1794,0.942,89.75,57.35,4089,100.8,101.1
24.14,1793,0.946,89.82,56.77,4087,100.3,101.4
24.15,1793,0.95,89.71,56.9,4098,99,100.1
24.16,1797,0.945,89.76,56.6,4091,100.9,99.1
24.17,1794,0.943,89.81,56.78,4090,100,98.3
24.18,1799,0.945,89.76,56.66,4090,99.9,99.7
24.19,1813,0.943,89.74,56.65,4092,98.6,99.4
24.2,1796,0.949,89.76,57.25,4089,101.5,101.4
24.21,1795,0.951,89.73,56.54,4100,98.4,100
24.22,1787,0.939,89.78,57.04,4088,98.2,100.4
24.23,1801,0.945,89.76,57.17,4090,98.5,100.6
24.24,1812,0.945,89.77,57.22,4092,99.5,100.7
24.25,1798,0.949,89.73,57.21,4091,99.9,96.5
24.26,1795,0.949,89.74,56.71,4083,102.1,103.6
24.27,1801,0.947,89.79,57.33,4090,100.9,102.4
24.28,1792,0.95,89.79,56.58,4095,98.5,100.3
24.29,1801,0.947,89.77,56.7,4094,100.8,99.1
24.3,1809,0.944,89.77,57.06,4096,98.2,100.3
24.31,1803,0.941,89.74,56.89,4090,98.3,100.9
24.32,1792,0.945,89.74,57.07,4088,99.1,99.8
24.33,1792,0.942,89.78,57.38,4092,97.1,99.3
24.34,1801,0.95,89.79,57.05,4090,101,101.6
24.35,1802,0.946,89.74,56.74,4090,102.6,98.3
24.36,1794,0.949,89.75,56.96,4094,100.4,100.6
24.37,1803,0.949,89.74,56.31,4086,100.3,100.8
24.38,1802,0.949,89.74,56.56,4092,98.3,100.1
24.39,1802,0.948,89.8,56.9,4092,99.9,103.2
24.4,1799,0.944,89.77,56.7,4091,100.5,100.5
24.41,1793,0.943,89.74,56.84,4088,99.7,98.6
24.42,1800,0.947,89.82,56.57,4085,98.3,100.6
24.43,1803,0.944,89.76,57.2,4090,98.8,99.3
24.44,1801,0.948,89.75,57.08,4092,99.3,98.4
24.45,1792,0.943,89.72,57.21,4089,97.3,101.2
24.46,1796,0.942,89.77,56.84,4089,101.6,101.1
24.47,1796,0.941,89.73,56.96,4087,97.7,100
24.48,1798,0.941,89.79,56.81,4089,98.3,100.1
24.49,1793,0.945,89.77,57.19,4088,100.3,99.6
24.5,1803,0.944,89.81,56.87,4091,102.3,98.8
24.51,1789,0.944,89.73,57,4091,99.5,101.6
24.52,1806,0.944,89.79,56.83,4097,102,98.9
24.53,1798,0.947,89.77,56.97,4094,103.1,103.1
24.54,1797,0.939,89.77,56.94,4086,97.9,100.7
24.55,1804,0.944,89.74,56.54,4092,99.8,97.2
24.56,1792,0.943,89.71,57.04,4091,98.9,100.3
24.57,1796,0.953,89.77,56.78,4091,100.4,98.9
24.58,1811,0.943,89.73,57.2,4093,100.8,96.3
24.59,1796,0.945,89.77,56.87,4092,101.2,100.5
24.6,1799,0.948,89.73,56.97,4091,101.6,97.9
24.61,1805,0.945,89.72,57.13,4094,100.7,96.6
24.62,1792,0.95,89.81,57.16,4089,99.9,100.6
24.63,1792,0.943,89.77,56.65,4095,97.5,98
24.64,1795,0.944,89.7,56.71,4088,98.9,101.2
24.65,1809,0.949,89.77,56.8,4093,100.8,100
24.66,1789,0.946,89.77,56.94,4092,99.2,100.4
24.67,1796,0.945,89.73,57.35,4093,101,99.1
24.68,1803,0.95,89.8,56.83,4091,100.4,102.1
24.69,1793,0.949,89.76,56.72,4094,97.7,99.6
24.7,1795,0.945,89.71,57.2,4089,99,102.2
24.71,1802,0.944,89.72,56.95,4089,104.7,99.3
24.72,1794,0.946,89.71,56.88,4090,99.2,99.8
24.73,1805,0.947,89.72,57.41,4094,101.4,101.7
24.74,1798,0.944,89.76,57.12,4091,101.9,99.6
24.75,1797,0.945,89.79,57.3,4090,98.7,99.8
24.76,1799,0.949,89.8,56.85,4089,100.9,98.8
24.77,1790,0.951,89.74,56.71,4091,99.6,100.8
24.78,1788,0.946,89.75,57.18,4089,99.9,100
24.79,1789,0.945,89.79,57.3,4094,98.8,99.7
24.8,1799,0.949,89.74,57.09,4089,100.4,97.4
24.81,1803,0.94,89.81,56.67,4089,99.1,100.1
24.82,1799,0.949,89.74,56.87,4090,102.1,100.8
24.83,1793,0.944,89.79,56.63,4090,98,100
24.84,1803,0.947,89.75,56.61,4088,98.1,101.4
24.85,1806,0.95,89.76,56.95,4089,100.7,98.5
24.86,1800,0.947,89.78,57,4092,99.8,99.7
24.87,1798,0.951,89.8,56.75,4090,101.8,97.9
24.88,1804,0.951,89.77,56.85,4093,101.5,100.4
24.89,1805,0.95,89.77,56.99,4088,100.9,98.2
24.9,1808,0.945,89.76,57.1,4095,97.3,101.9
24.91,1804,0.947,89.79,57,4091,98.9,102.3
24.92,1805,0.951,89.74,56.93,4087,97,99
24.93,1808,0.95,89.76,56.77,4089,100.8,100.2
24.94,1804,0.948,89.72,56.86,4096,100.6,100
24.95,1799,0.949,89.81,57.39,4091,100.8,101.2
24.96,1796,0.946,89.8,56.94,4089,99.1,99.2
24.97,1789,0.945,89.77,57.24,4087,97.7,100.5
24.98,1803,0.947,89.82,57.07,4090,98.7,100.5
24.99,1802,0.945,89.75,56.95,4089,99.1,100.5
25,1786,0.949,89.78,56.87,4088,101.9,101.2
25.01,1797,0.946,89.74,57.12,4093,100.3,100
25.02,1802,0.947,89.77,56.56,4093,101,98.5
25.03,1802,0.942,89.78,57.15,4087,100.6,100.1
25.04,1802,0.944,89.73,56.76,4096,101.8,100.1
25.05,1795,0.948,89.75,57.13,4083,99.2,99.6
25.06,1795,0.945,89.75,56.78,4094,99.8,99.3
25.07,1789,0.948,89.75,57.05,4092,99.5,99.5
25.08,1805,0.951,89.78,56.68,4091,101.1,102.9
25.09,1795,0.944,89.74,57.1,4091,100.1,100.5
25.1,1794,0.95,89.73,56.89,4089,100.8,102.9
25.11,1802,0.946,89.78,56.67,4086,99.5,102.1
25.12,1790,0.947,89.79,57.04,4089,98.6,99.2
25.13,1806,0.949,89.76,56.82,4096,101.7,99.4
25.14,1801,0.946,89.75,56.51,4086,98.1,101.5
25.15,1793,0.945,89.75,56.51,4089,99.6,100.3
25.16,1802,0.946,89.77,57.21,4089,101,99.2
25.17,1801,0.943,89.81,56.99,4088,99,98.9
25.18,1804,0.95,89.72,56.9,4089,100.7,99.8
25.19,1792,0.948,89.74,56.9,4096,99.3,98.5
25.2,1797,0.944,89.75,56.91,4086,101.3,100.6
25.21,1806,0.947,89.73,56.76,4091,97.6,99.9
25.22,1806,0.945,89.77,57.28,4087,103.7,99
25.23,1802,0.945,89.77,56.36,4089,99.7,100.3
25.24,1798,0.955,89.8,56.96,4086,97.8,100.8
25.25,1798,0.942,89.76,56.81,4091,101,102.5
25.26,1802,0.944,89.76,57.46,4092,101,96.7
25.27,1803,0.942,89.79,56.83,4091,99.3,100.5
25.28,1811,0.951,89.73,56.81,4091,100.2,101.1
25.29,1802,0.945,89.74,56.88,4090,100.3,100.9
25.3,1794,0.943,89.7,57.03,4094,100.3,98.9
25.31,1792,0.943,89.71,57.15,4089,99,99.8
25.32,1808,0.942,89.76,57.01,4090,98.4,102.6
25.33,1800,0.945,89.75,57.24,4098,100.9,97.7
25.34,1796,0.944,89.71,56.93,4088,98.7,101.6
25.35,1798,0.95,89.75,57.18,4098,101.2,98.9
25.36,1797,0.952,89.76,56.8,4095,101.3,99
25.37,1800,0.95,89.74,56.85,4088,100.5,98.5
25.38,1809,0.943,89.72,56.92,4088,100,97.8
25.39,1801,0.947,89.75,56.56,4093,99.6,97.3
25.4,1800,0.947,89.76,56.5,4095,102.3,98.5
25.41,1795,0.942,89.83,57.19,4091,99.1,98.7
25.42,1810,0.947,89.72,56.62,4092,100,100.9
25.43,1799,0.951,89.71,56.96,4091,99.5,98.9
25.44,1806,0.947,89.77,56.73,4095,100.1,100.5
25.45,1793,0.949,89.8,56.91,4094,98.5,103.1
25.46,1799,0.949,89.75,56.72,4091,101.3,100.1
25.47,1798,0.95,89.77,56.99,4090,100.1,98.6
25.48,1801,0.949,89.77,56.5,4087,97.4,99.8
25.49,1798,0.944,89.78,56.88,4091,101.4,99.7
25.5,1798,0.948,89.72,57.09,4084,101.7,100.1
25.51,1794,0.946,89.76,56.99,4088,101.5,103.2
25.52,1806,0.948,89.78,57.23,4084,100,97.9
25.53,1804,0.943,89.77,56.84,4089,100.9,103.1
25.54,1801,0.94,89.81,56.84,4087,98.6,100.6
25.55,1803,0.945,89.78,56.58,4093,99.2,96.3
25.56,1805,0.942,89.73,57.03,4087,98.2,98.7
25.57,1801,0.948,89.74,56.82,4089,100.5,99.1
25.58,1799,0.949,89.75,56.95,4092,99.5,98.5
25.59,1803,0.947,89.81,56.98,4089,98.6,99.5
25.6,1805,0.946,89.75,57.04,4091,101.8,99.4
25.61,1800,0.947,89.79,56.73,4090,103.7,99.2
25.62,1783,0.944,89.76,56.69,4090,101.2,99.3
25.63,1801,0.947,89.75,57.16,4086,97.4,99.6
25.64,1806,0.943,89.75,57.27,4091,98.9,101.5
25.65,1795,0.944,89.76,56.91,4091,100.2,98.9
25.66,1796,0.939,89.75,56.69,4090,97.1,99.7
25.67,1798,0.946,89.8,56.88,4087,99.7,102.7
25.68,1787,0.944,89.74,57.16,4093,103.4,100.8
25.69,1809,0.942,89.82,56.81,4089,103.2,99.6
25.7,1804,0.946,89.77,57.12,4095,100.8,99.3
25.71,1805,0.941,89.74,56.88,4091,102.6,100.4
25.72,1801,0.947,89.76,56.72,4090,101.3,98.1
25.73,1794,0.946,89.78,57,4093,100.1,100.9
25.74,1808,0.946,89.78,56.87,4087,100.4,99.8
25.75,1794,0.945,89.79,57.14,4086,99.7,100.1
25.76,1797,0.944,89.72,56.55,4087,100.4,101.1
25.77,1806,0.945,89.75,56.62,4088,100.5,100.4
25.78,1803,0.943,89.78,56.93,4088,98.8,100.5
25.79,1796,0.948,89.8,56.88,4089,99.6,99.7
25.8,1788,0.946,89.8,56.58,4085,101.7,98.1
25.81,1795,0.947,89.74,57.43,4087,99.6,101.6
25.82,1801,0.943,89.76,57.1,4090,99.7,100.7
25.83,1798,0.947,89.74,57.03,4089,99.3,101.1
25.84,1800,0.949,89.76,56.84,4095,101,99.3
25.85,1792,0.945,89.79,56.91,4093,100,98
25.86,1810,0.948,89.75,56.67,4091,100.5,101.2
25.87,1802,0.947,89.77,56.88,4092,101.2,100
25.88,1800,0.944,89.76,56.53,4089,102.7,99
25.89,1797,0.943,89.76,57.19,4095,99,100.3
25.9,1806,0.948,89.75,56.98,4093,99,100.8
25.91,1790,0.942,89.73,56.96,4090,103,100.6
25.92,1799,0.944,89.74,57.04,4092,98,98.8
25.93,1803,0.946,89.74,56.54,4093,100.1,101.4
25.94,1812,0.948,89.75,57.07,4091,100.5,100.5
25.95,1799,0.949,89.76,56.79,4090,99.9,99.9
25.96,1798,0.943,89.72,57.13,4093,98,102.1
25.97,1798,0.944,89.72,56.78,4090,98.8,100
25.98,1800,0.94,89.83,56.82,4089,98.8,98.9
25.99,1789,0.941,89.74,57.01,4089,97.9,98.9
26,1800,0.944,89.79,56.82,4092,101.8,99.7
26.01,1809,0.946,89.75,56.71,4091,99.4,98.2
26.02,1798,0.95,89.72,56.95,4090,98.3,99.9
26.03,1795,0.944,89.75,56.91,4087,100.6,98.6
26.04,1792,0.948,89.82,57.31,4088,99.7,101.3
26.05,1801,0.946,89.79,57.37,4094,102.2,99.6
26.06,1799,0.951,89.78,57.21,4097,99.4,101.5
26.07,1800,0.945,89.81,57.33,4093,96.7,100.4
26.08,1797,0.947,89.75,56.6,4088,99.4,97.3
26.09,1807,0.939,89.81,56.67,4092,98.4,99.8
26.1,1810,0.949,89.77,56.79,4087,101.3,99.3
26.11,1800,0.944,89.77,56.99,4090,101.3,97.3
26.12,1798,0.95,89.76,57.32,4093,100.9,98.8
26.13,1794,0.944,89.76,57.08,4092,99.3,100
26.14,1799,0.948,89.75,57.36,4092,98.7,99.8
26.15,1801,0.947,89.78,56.83,4094,100.5,101.3
26.16,1808,0.941,89.76,56.76,4094,101.6,99.4
26.17,1806,0.947,89.76,57.49,4089,102,97.3
26.18,1790,0.944,89.79,56.4,4089,99.6,99.9
26.19,1800,0.947,89.74,56.63,4090,99.4,98.5
26.2,1799,0.945,89.71,56.6,4093,101.5,100.1
26.21,1810,0.943,89.76,56.54,4085,101.1,97.7
26.22,1794,0.949,89.81,56.66,4092,99.8,98.9
26.23,1806,0.944,89.77,57.11,4089,100,97.9
26.24,1795,0.947,89.8,57.24,4089,99,99.6
26.25,1801,0.947,89.74,57.53,4088,101.9,101.1
26.26,1797,0.952,89.81,56.88,4093,100.4,97
26.27,1798,0.944,89.79,56.88,4085,103.7,97.5
26.28,1797,0.945,89.77,56.5,4090,95.7,98.4
26.29,1792,0.948,89.73,56.68,4086,98.8,96.5
26.3,1805,0.946,89.75,57.26,4089,98.1,101.6
26.31,1802,0.943,89.76,56.88,4082,100.1,102.2
26.32,1799,0.945,89.79,56.78,4096,98.4,100.8
26.33,1807,0.947,89.76,57.35,4091,102.4,99.9
26.34,1812,0.945,89.79,57.55,4084,101.9,100
26.35,1799,0.939,89.71,57.1,4091,100.3,104.5
26.36,1793,0.942,89.73,56.75,4090,101.5,111.3
26.37,1809,0.945,89.8,57.03,4088,97.8,118.3
26.38,1804,0.946,89.77,57.09,4089,102.1,122.6
26.39,1791,0.949,89.74,56.83,4087,101,124.6
26.4,1804,0.946,89.77,57.44,4088,98.6,131.4
26.41,1787,0.944,89.74,56.99,4089,99.8,136.3
26.42,1803,0.95,89.77,57.02,4090,97.7,141.1
26.43,1792,0.942,89.7,56.78,4092,99,151.4
26.44,1799,0.95,89.76,56.95,4088,100.4,153.2
26.45,1804,0.952,89.74,57.08,4090,103.5,160.9
26.46,1804,0.948,89.75,56.88,4091,100.5,168.1
26.47,1808,0.946,89.76,56.62,4087,99.7,172.1
26.48,1797,0.947,89.77,56.94,4082,99.2,175.4
26.49,1799,0.946,89.73,56.82,4093,100.5,184.9
26.5,1796,0.948,89.79,55.72,4088,101.3,188.5
26.51,1800,0.942,89.78,53.61,4085,101.6,194.4
26.52,1809,0.944,89.73,51.87,4090,100.5,198
26.53,1792,0.931,89.71,50.67,4086,98.3,203.4
26.54,1801,0.939,89.75,48.7,4087,98.7,210.9
26.55,1781,0.932,89.77,47.79,4085,100.3,213.7
26.56,1802,0.923,89.71,46.71,4093,96.6,220.9
26.57,1798,0.919,89.66,45.7,4085,98.9,226
26.58,1794,0.91,89.69,45.77,4084,99.9,233.7
26.59,1812,0.9,89.61,44.53,4088,99.6,243.2
26.6,1802,0.893,89.61,44.94,4088,100.7,244.6
26.61,1798,0.878,89.58,44.18,4078,98.9,248.2
26.62,1788,0.866,89.5,44.34,4082,98.2,256.7
26.63,1805,0.863,89.45,43.61,4081,100,258.2
26.64,1797,0.854,89.4,43.36,4075,100.9,264.7
26.65,1807,0.834,89.38,43.46,4076,100.7,270.3
26.66,1792,0.832,89.35,42.95,4076,103.3,274.7
26.67,1806,0.818,89.31,43.39,4070,97.9,280.1
26.68,1798,0.805,89.21,42.61,4075,100.1,287
26.69,1802,0.795,89.14,46.11,4067,99.5,281.5
26.7,1803,0.783,89.06,49.77,4061,99.8,277.1
26.71,1799,0.777,89.05,53.6,4058,103.1,267.9
26.72,1802,0.778,88.95,57.44,4061,99,259.5
26.73,1811,0.772,88.93,60.36,4058,97.8,256.4
26.74,1793,0.769,88.87,63.13,4057,101,248.8
26.75,1794,0.781,88.82,64.55,4054,101.8,236.5
26.76,1806,0.783,88.78,66.26,4055,99.2,232.5
26.77,1805,0.796,88.76,67.42,4046,100.6,229
26.78,1797,0.804,88.76,67.92,4048,100.7,219.4
26.79,1800,0.821,88.76,68.86,4049,99.2,214.5
26.8,1799,0.834,88.69,69.78,4043,99,209.6
26.81,1797,0.852,88.62,69.78,4049,101.5,202
26.82,1799,0.87,88.56,70.28,4045,100.5,195.1
26.83,1796,0.89,88.57,70.51,4048,97.7,189.6
26.84,1792,0.916,88.61,70.83,4045,98.4,184.6
26.85,1805,0.938,88.64,68.8,4042,100.6,173.6
26.86,1799,0.956,88.57,67.02,4043,99.1,167.5
26.87,1792,0.973,88.57,64.73,4041,97.1,162.1
26.88,1801,1.001,88.57,63.04,4043,100.1,156.2
26.89,1795,1.012,88.59,61.81,4041,98.6,150.9
26.9,1792,1.026,88.57,60.27,4047,102.5,143.3
26.91,1806,1.048,88.59,59.63,4047,100.3,135.6
26.92,1793,1.06,88.59,58.8,4045,100.2,128.2
26.93,1795,1.079,88.61,57.48,4040,99.2,121.2
26.94,1790,1.081,88.6,57.72,4043,101,117.7
26.95,1800,1.093,88.57,57.72,4045,99.2,108.5
26.96,1796,1.099,88.59,57.04,4045,99.2,101.6
26.97,1802,1.116,88.54,56.97,4042,99.6,102
26.98,1800,1.113,88.6,56.77,4048,99.3,99.7
26.99,1797,1.117,88.58,56.53,4040,101.8,98.8
27,1795,1.121,88.61,56.39,4043,99.8,97.8
27.01,1787,1.115,88.61,56.58,4042,99.1,103.4
27.02,1799,1.116,88.64,56.96,4045,101.2,100.3
27.03,1804,1.12,88.61,56.62,4043,98.5,104
27.04,1786,1.109,88.61,56.62,4046,104.1,101.2
27.05,1809,1.105,88.6,56.92,4043,98.8,98.8
27.06,1792,1.102,88.57,56.8,4041,99.5,99.9
27.07,1805,1.09,88.65,56.42,4046,100.2,101.3
27.08,1797,1.083,88.61,56.7,4042,102.4,98.2
27.09,1803,1.069,88.57,56.99,4049,100.3,100.9
27.1,1797,1.063,88.61,56.61,4048,100.2,98.9
27.11,1799,1.047,88.57,56.43,4044,100.8,100.7
27.12,1798,1.04,88.58,56.29,4038,100.1,99.8
27.13,1802,1.025,88.66,56.86,4043,98.4,97.6
27.14,1803,1.017,88.59,57.15,4045,100.1,102.5
27.15,1794,1.009,88.65,56.64,4045,102.1,99.7
27.16,1803,0.989,88.62,56.64,4045,99.7,98
27.17,1798,0.981,88.58,56.49,4046,100,99
27.18,1801,0.969,88.58,56.8,4044,99.3,97.8
27.19,1803,0.957,88.61,55.75,4041,99.7,98.9
27.2,1789,0.939,88.6,56.47,4044,100.2,100.8
27.21,1803,0.931,88.62,56.75,4041,95.6,98.6
27.22,1798,0.922,88.59,56,4048,99.8,101.4
27.23,1799,0.911,88.59,56.73,4046,100.2,98.1
27.24,1811,0.899,88.64,56.58,4039,100.6,99.2
27.25,1801,0.892,88.58,56.33,4041,100.2,103
27.26,1804,0.879,88.55,55.95,4040,98.3,99.4
27.27,1798,0.873,88.62,56.58,4046,99.5,101.1
27.28,1809,0.872,88.59,56.34,4043,98.7,99.4
27.29,1800,0.861,88.6,56.5,4038,100.1,100.2
27.3,1791,0.855,88.54,56.46,4043,99.9,96.8
27.31,1795,0.843,88.6,56.36,4042,99.4,100.3
27.32,1808,0.842,88.58,56.2,4044,99.3,100.4
27.33,1808,0.842,88.53,56.62,4044,99.5,100.5
27.34,1805,0.837,88.59,56.49,4041,101,96.7
27.35,1799,0.838,88.57,56.65,4039,98.7,99.5
27.36,1814,0.837,88.58,56.99,4044,97.9,100.7
27.37,1799,0.835,88.57,56.55,4048,99.7,101.9
27.38,1804,0.838,88.64,56.68,4039,100.4,99
27.39,1800,0.837,88.58,57.07,4043,98.2,99.1
27.4,1799,0.842,88.57,56.64,4046,101.7,99
27.41,1802,0.842,88.59,56.87,4044,101.5,102.9
27.42,1807,0.847,88.55,55.87,4046,102.1,101.2
27.43,1806,0.848,88.67,56.22,4040,101.5,100.2
27.44,1800,0.85,88.54,56.73,4044,99.4,100.6
27.45,1797,0.854,88.59,56.67,4046,99.9,101.4
27.46,1808,0.859,88.62,56.72,4040,100.6,102.8
27.47,1798,0.862,88.62,56.36,4046,98.9,100.2
27.48,1808,0.871,88.54,56.85,4040,98.4,97.2
27.49,1804,0.881,88.61,56.69,4046,102.6,100.9
27.5,1801,0.887,88.59,56.48,4043,99,99.7
27.51,1803,0.89,88.56,56.34,4045,99.8,101.2
27.52,1797,0.895,88.6,56.89,4044,99.8,100.9
27.53,1811,0.904,88.61,56.27,4041,100,99
27.54,1805,0.916,88.61,56.51,4042,101.7,100.3
27.55,1798,0.913,88.56,56.42,4042,99.6,99.4
27.56,1798,0.916,88.61,56.5,4048,101.5,98.1
27.57,1794,0.925,88.62,56.4,4047,98,99.8
27.58,1796,0.934,88.57,56.85,4045,100.5,98.7
27.59,1799,0.941,88.6,56.61,4048,101.2,99.7
27.6,1800,0.949,88.6,56.82,4047,100.8,100.2
27.61,1794,0.942,88.58,56.43,4039,99.8,102.5
27.62,1799,0.952,88.59,56.8,4045,98.9,101.2
27.63,1796,0.952,88.6,56.55,4045,102,100.1
27.64,1795,0.957,88.62,56.84,4048,98.7,98.6
27.65,1797,0.965,88.56,56.7,4048,99.2,101
27.66,1800,0.967,88.57,56.57,4047,100.9,102.2
27.67,1808,0.972,88.6,56.34,4039,102.8,99.4
27.68,1794,0.972,88.63,56.22,4040,99.8,99.4
27.69,1799,0.969,88.56,56.69,4046,100.1,100.6
27.7,1802,0.969,88.58,56.6,4046,98.6,102.6
27.71,1797,0.975,88.6,56.95,4043,100.9,98.4
27.72,1809,0.973,88.53,56.53,4048,98.8,99.9
27.73,1800,0.976,88.57,56.08,4041,98.5,103.2
27.74,1806,0.968,88.61,56.78,4047,99,98.3
27.75,1793,0.971,88.55,56.72,4042,97.1,100.3
27.76,1813,0.97,88.55,56.59,4045,101.2,101.7
27.77,1795,0.973,88.55,56.16,4045,98.9,99
27.78,1800,0.974,88.6,56.43,4046,103,100.1
27.79,1807,0.971,88.59,56.23,4044,99,100.7
27.8,1787,0.962,88.6,56.69,4047,101.1,100.9
27.81,1799,0.965,88.56,56.67,4038,99.4,99.8
27.82,1805,0.964,88.58,56.7,4043,98.3,101.3
27.83,1790,0.955,88.58,56.34,4043,102.7,96.7
27.84,1810,0.957,88.64,57,4039,101.4,98.8
27.85,1801,0.953,88.62,56.92,4047,98.5,100.8
27.86,1805,0.956,88.59,56.37,4039,97.7,99.4
27.87,1791,0.955,88.58,56.57,4043,101.8,99.5
27.88,1799,0.944,88.54,56.55,4044,101.1,101.4
27.89,1804,0.944,88.59,56.53,4044,102.3,100.7
27.9,1796,0.938,88.59,56.36,4043,99.1,100.9
27.91,1797,0.935,88.58,56.83,4048,101.8,102
27.92,1809,0.929,88.65,56.52,4049,99.9,99.4
27.93,1809,0.933,88.54,56.52,4043,96.6,98.2
27.94,1803,0.926,88.62,56.38,4045,99.6,99.9
27.95,1797,0.927,88.57,56.85,4041,97.8,99.7
27.96,1799,0.924,88.58,56.66,4038,102.4,99.3
27.97,1818,0.922,88.56,56.84,4046,99.4,99
27.98,1797,0.92,88.59,56.4,4045,99.2,101.9
27.99,1801,0.911,88.61,56.9,4045,97.3,99.9
28,1793,0.912,88.6,56.6,4042,100.4,103
28.01,1801,0.911,88.61,56.5,4040,102.3,103.6
28.02,1809,0.912,88.61,56.55,4049,100.6,98
28.03,1801,0.911,88.64,56.46,4043,98.8,100.6
28.04,1792,0.91,88.59,56.26,4046,98.7,99.8
28.05,1795,0.907,88.62,57.13,4041,99.7,101.4
28.06,1805,0.906,88.59,57.08,4043,99.8,97.9
28.07,1798,0.904,88.56,56.68,4042,98.8,98.3
28.08,1794,0.909,88.61,56.25,4044,100.1,99.4
28.09,1800,0.904,88.57,56.61,4041,101.2,97
28.1,1800,0.908,88.65,56.13,4045,100.8,99.1
28.11,1806,0.91,88.57,56.48,4044,101.6,99.3
28.12,1797,0.908,88.58,56.08,4041,101.2,98.3
28.13,1799,0.901,88.63,56.66,4044,101.6,101.5
28.14,1802,0.906,88.63,56.31,4043,99.6,100.2
28.15,1799,0.915,88.55,56.37,4047,99.9,98.4
28.16,1798,0.913,88.56,57.22,4042,101.2,100
28.17,1800,0.911,88.59,56.44,4048,100,99.3
28.18,1786,0.91,88.62,56.89,4038,98.4,100.2
28.19,1804,0.914,88.59,56.37,4040,98.5,100.4
28.2,1796,0.917,88.65,56.35,4042,101.7,100
28.21,1802,0.92,88.59,56.71,4044,100.8,101.6
28.22,1797,0.922,88.57,56.49,4038,98.2,98.3
28.23,1804,0.915,88.53,56.01,4048,100.5,100.7
28.24,1793,0.923,88.57,56.63,4047,101,99.5
28.25,1791,0.913,88.6,56.72,4040,98.9,99.9
28.26,1799,0.924,88.59,56.63,4035,102.7,101.6
28.27,1792,0.923,88.61,56.34,4039,101.8,101.1
28.28,1798,0.928,88.6,56.49,4042,98.1,96.6
28.29,1801,0.932,88.61,56.9,4041,103.2,102.8
28.3,1794,0.931,88.56,56.58,4044,101,98.9
28.31,1807,0.929,88.57,56.57,4039,102,97.7
28.32,1791,0.933,88.64,56.73,4047,101.4,100.4
28.33,1799,0.933,88.64,56.68,4048,101.5,96.3
28.34,1796,0.935,88.58,56.1,4040,103,101.7
28.35,1804,0.937,88.55,56.45,4044,99.7,100.6
28.36,1796,0.933,88.6,56.46,4044,97.9,99.8
28.37,1803,0.935,88.62,56.38,4044,97.9,99.8
28.38,1802,0.94,88.58,56.67,4047,102.6,100
28.39,1801,0.936,88.6,56.55,4049,99.1,98.9
28.4,1794,0.939,88.62,56.25,4040,102.4,99.1
28.41,1801,0.938,88.58,56.8,4043,100.2,98.3
28.42,1800,0.938,88.58,56.2,4042,101.6,99.7
28.43,1796,0.938,88.58,56.48,4041,102.4,99.1
28.44,1792,0.937,88.59,56.61,4044,100,101.9
28.45,1793,0.94,88.6,56.9,4040,99.3,102.2
28.46,1796,0.942,88.56,56.68,4044,100,98
28.47,1798,0.946,88.56,56.48,4043,100.9,101.7
28.48,1795,0.94,88.57,56.44,4046,100.8,102
28.49,1799,0.944,88.6,56.36,4045,99.7,100.9
28.5,1810,0.938,88.61,56.84,4047,102.6,98.7
28.51,1795,0.944,88.59,56.5,4043,102.3,99.7
28.52,1803,0.937,88.61,56.62,4039,100.2,99
28.53,1797,0.937,88.59,57.38,4042,100.2,99.3
28.54,1791,0.94,88.62,56.43,4046,103.1,99.6
28.55,1799,0.935,88.61,56.65,4044,101.8,101.7
28.56,1803,0.933,88.61,56.91,4046,102.2,98.3
28.57,1799,0.933,88.62,56.34,4044,100.6,101.8
28.58,1806,0.932,88.56,56.53,4043,98.3,102.7
28.59,1798,0.934,88.61,56.88,4049,100.6,100.5
28.6,1801,0.935,88.56,56.99,4042,100.6,96.9
28.61,1806,0.934,88.58,56.49,4044,99.6,99.6
28.62,1800,0.931,88.62,56.04,4046,101.1,98
28.63,1795,0.928,88.57,56.23,4042,98.8,101.7
28.64,1796,0.928,88.57,56.53,4046,96,96.3
28.65,1795,0.927,88.59,56.59,4048,100,100.6
28.66,1805,0.932,88.59,56.85,4047,100.6,99.4
28.67,1804,0.929,88.59,56.39,4041,101.4,96.2
28.68,1803,0.924,88.58,56.47,4037,99.8,99.3
28.69,1802,0.927,88.65,56.29,4042,101.3,108.6
28.7,1810,0.93,88.63,56.61,4047,100.8,109
28.71,1800,0.925,88.59,56.57,4043,98,118.9
28.72,1802,0.928,88.61,56.73,4047,99.7,122.2
28.73,1800,0.928,88.62,56.4,4042,103.3,127.7
28.74,1798,0.923,88.62,56.28,4041,103.3,135.8
28.75,1796,0.928,88.56,56.75,4041,101.3,135
28.76,1815,0.929,88.6,56.35,4044,97.2,144.6
28.77,1799,0.929,88.54,56.5,4043,101.7,147
28.78,1798,0.926,88.6,56.56,4045,97.5,155.8
28.79,1797,0.92,88.59,56.46,4047,97.1,160
28.8,1797,0.924,88.61,56.98,4039,96.6,166.1
28.81,1808,0.925,88.58,56.78,4045,100.9,172.7
28.82,1803,0.923,88.67,56.31,4048,101.2,178.2
28.83,1787,0.919,88.61,56.52,4039,97,181
28.84,1797,0.924,88.64,54.84,4045,100.1,187
28.85,1804,0.92,88.54,53.3,4044,99.8,193.2
28.86,1791,0.915,88.56,51.57,4044,100.3,198.1
28.87,1784,0.918,88.62,49.76,4042,100.7,205.1
28.88,1791,0.916,88.54,48.51,4048,98.6,210.4
28.89,1799,0.909,88.51,47.34,4044,101.5,214
28.9,1801,0.902,88.49,45.79,4042,100.4,221.3
28.91,1798,0.894,88.53,45.89,4041,98,228.6
28.92,1800,0.889,88.45,44.79,4039,99.4,232.3
28.93,1804,0.881,88.44,44.72,4040,99.9,239.3
28.94,1799,0.876,88.37,44.34,4032,103.6,241.4
28.95,1806,0.864,88.35,43.78,4037,97.6,247.5
28.96,1813,0.849,88.3,43.64,4035,100,254.1
28.97,1800,0.842,88.26,43.86,4039,100.8,262.8
28.98,1805,0.832,88.29,43,4028,99,266
28.99,1803,0.812,88.16,43.1,4027,102.9,270.2
29,1797,0.811,88.16,43.17,4030,101.7,275.1
29.01,1800,0.799,88.12,43.25,4026,101.5,280.5
29.02,1800,0.792,88.03,42.78,4022,98.6,285.5
29.03,1797,0.772,87.95,42.64,4018,99.7,292.9
29.04,1795,0.765,87.89,42.38,4016,100.8,297
29.05,1797,0.747,87.86,42.36,4010,98.6,305.2
29.06,1795,0.746,87.74,42.07,4009,102.6,308.6
29.07,1802,0.73,87.67,42.36,4006,99.5,315.4
29.08,1814,0.729,87.65,41.71,3999,99,321.4
29.09,1800,0.716,87.5,41.79,4002,98.2,325.6
29.1,1798,0.709,87.45,41.68,3994,98.3,329.3
29.11,1806,0.702,87.36,41.9,3990,100.3,335.6
29.12,1803,0.695,87.23,41.74,3990,99.8,342.3
29.13,1802,0.685,87.14,41.15,3988,100.5,346.7
29.14,1799,0.678,87.12,41.28,3982,101.5,356
29.15,1799,0.669,86.93,41.23,3976,103.9,360.9
29.16,1798,0.669,86.86,40.23,3975,101.1,363.7
29.17,1809,0.664,86.77,40.87,3972,101,367.8
29.18,1804,0.668,86.61,40.93,3965,100.1,376.8
29.19,1799,0.664,86.5,40.89,3952,100.6,380.6
29.2,1799,0.656,86.34,40.57,3953,98.6,388
29.21,1803,0.651,86.23,40.28,3950,100.1,392.2
29.22,1795,0.661,86.17,40.27,3948,95.8,395.6
29.23,1807,0.658,85.98,39.98,3936,98.7,404
29.24,1790,0.658,85.82,39.86,3937,100.6,406.1
29.25,1790,0.655,85.74,39.75,3926,100.8,415.2
29.26,1811,0.651,85.53,39.47,3922,99,418.1
29.27,1809,0.652,85.36,40.1,3915,98.8,423.6
29.28,1801,0.659,85.22,39.73,3908,101.5,429.6
29.29,1811,0.661,85.11,39.29,3904,99.6,433.9
29.3,1795,0.663,84.97,39.47,3902,102.4,438.8
29.31,1796,0.662,84.75,39.02,3886,100.3,445.2
29.32,1811,0.666,84.6,38.8,3891,99.2,451.3
29.33,1801,0.671,84.41,38.83,3876,99.4,457.5
29.34,1804,0.667,84.31,38.98,3874,101.5,464.2
29.35,1806,0.678,84.09,38.32,3869,99.8,469.1
29.36,1801,0.675,83.85,38.21,3850,98.1,473.6
29.37,1807,0.676,83.73,38.45,3853,98.5,478
29.38,1794,0.684,83.5,37.96,3840,100.3,485.9
29.39,1800,0.685,83.34,37.25,3832,101.3,489.7
29.4,1810,0.691,83.17,37.34,3825,99.3,495.3
29.41,1807,0.692,82.91,37.59,3820,98,504.6
29.42,1796,0.689,82.7,37.51,3807,97,506.9
29.43,1801,0.701,82.51,37.09,3805,101.3,513
29.44,1806,0.69,82.33,37.27,3788,100.6,516.4
29.45,1788,0.694,82.1,36.82,3785,100.4,524.7
29.46,1808,0.698,81.92,36.87,3778,99.1,528.6
29.47,1793,0.698,81.7,36.67,3768,100.9,533.4
29.48,1803,0.694,81.49,36.57,3757,99.3,542.5
29.49,1798,0.698,81.2,36.7,3747,100,543.6
29.5,1801,0.702,81.01,36.4,3739,99.6,552.2
29.51,1798,0.701,80.77,35.75,3730,98.1,554.2
29.52,1799,0.696,80.62,38.42,3715,97.7,549.2
29.53,1793,0.694,80.34,43.13,3715,99.6,542
29.54,1812,0.697,80.11,46.52,3701,100,534.9
29.55,1796,0.702,79.87,50.25,3690,98.4,529.5
29.56,1807,0.707,79.56,53.01,3685,97,522.5
29.57,1806,0.72,79.43,55.62,3677,99.7,517.6
29.58,1792,0.72,79.19,58,3668,97.2,511.2
29.59,1800,0.736,78.96,58.48,3659,99.6,506
29.6,1786,0.745,78.74,59.95,3651,97.4,495.9
29.61,1786,0.761,78.52,60.48,3643,101.2,489.6
29.62,1801,0.77,78.34,61.41,3630,99.1,481.6
29.63,1795,0.787,78.12,62.14,3626,98.1,479.6
29.64,1807,0.81,77.98,62.53,3618,101.5,471.5
29.65,1806,0.823,77.75,62.18,3610,98.7,462
29.66,1797,0.838,77.64,62.62,3605,102.8,455.9
29.67,1798,0.854,77.42,62.55,3598,99.2,450.7
29.68,1798,0.872,77.26,62.83,3592,102,442.9
29.69,1811,0.888,77.07,63.62,3581,100.5,437.8
29.7,1792,0.905,76.88,63.95,3580,99,429.8
29.71,1807,0.93,76.77,63.09,3571,97.5,425.9
29.72,1784,0.943,76.51,63.31,3567,97.7,414.9
29.73,1791,0.953,76.44,63.91,3558,99.8,410
29.74,1792,0.971,76.2,64.24,3556,100.3,401.1
29.75,1797,0.981,76.12,63.36,3547,99.7,401.1
29.76,1790,0.997,75.98,63.5,3541,101.3,393.3
29.77,1796,1.007,75.79,63.66,3534,97.9,382.7
29.78,1799,1.023,75.71,64.14,3527,99.3,379.8
29.79,1800,1.025,75.59,63.49,3527,101.2,372.3
29.8,1797,1.04,75.44,63.82,3522,98.2,367
29.81,1800,1.045,75.36,64.29,3512,101,358.4
29.82,1797,1.048,75.17,64.18,3513,101.1,351.6
29.83,1801,1.054,75.1,64.42,3503,97.6,345.3
29.84,1804,1.057,75,64.56,3500,96.1,336.6
29.85,1798,1.057,74.95,64.06,3499,102.5,331.5
29.86,1805,1.064,74.76,64.18,3488,98.5,327.1
29.87,1793,1.056,74.65,64.37,3485,100.1,319.8
29.88,1800,1.058,74.58,64.57,3479,99.1,311.1
29.89,1811,1.053,74.47,64.89,3483,99.4,307.3
29.9,1807,1.055,74.42,64.56,3476,99.7,298.9
29.91,1798,1.05,74.39,64.99,3472,100.4,294.4
29.92,1801,1.042,74.31,64.91,3477,98.4,287.1
29.93,1788,1.037,74.18,64.85,3471,102,278.7
29.94,1798,1.03,74.16,65,3467,101.4,273.1
29.95,1792,1.024,74.07,65.36,3463,98.5,267.5
29.96,1810,1.02,74,65.36,3461,97.9,260.5
29.97,1803,1.005,74.01,65.29,3456,98,254
29.98,1804,0.997,73.93,65.66,3453,103.4,247.2
29.99,1804,0.985,73.83,65.66,3451,98.7,239.6
30,1795,0.971,73.83,65.71,3456,98.4,230.8
30.01,1801,0.958,73.78,66.05,3451,101,225.6
30.02,1784,0.95,73.74,66.16,3449,102.2,218
30.03,1798,0.943,73.67,66.36,3454,99.7,213.8
30.04,1796,0.925,73.73,66.41,3445,99.4,208.1
30.05,1798,0.92,73.69,65.88,3448,98.2,198.5
30.06,1798,0.911,73.68,66.08,3450,101.2,193.2
30.07,1796,0.898,73.67,66.55,3449,98.4,186.7
30.08,1792,0.893,73.62,65.83,3442,99.3,179.4
30.09,1802,0.881,73.64,64.04,3449,98.1,173.9
30.1,1810,0.869,73.67,62,3448,100.7,169
30.11,1802,0.862,73.6,60.22,3450,99.1,159
30.12,1792,0.849,73.61,58.3,3441,99.5,152.3
30.13,1794,0.832,73.6,56.9,3452,100,146.3
30.14,1808,0.821,73.62,55.15,3444,100,137.7
30.15,1798,0.817,73.64,54.67,3446,98.6,133.7
30.16,1800,0.796,73.68,53.95,3441,100.2,129.4
30.17,1808,0.789,73.66,53.55,3450,100.1,120
30.18,1804,0.771,73.62,53.15,3445,102.1,113.7
30.19,1799,0.758,73.63,52.3,3446,100.3,109.3
30.2,1806,0.743,73.7,52.97,3447,99,100.6
30.21,1803,0.726,73.69,52.86,3450,98.6,102.2
30.22,1797,0.723,73.63,52.1,3442,101.3,97
30.23,1801,0.708,73.64,52.15,3442,99.4,100.3
30.24,1790,0.698,73.63,52.12,3447,100.1,101.6
30.25,1794,0.684,73.65,52.34,3445,99.5,100.6
30.26,1800,0.676,73.62,52.4,3438,99.6,102.5
30.27,1796,0.664,73.64,51.93,3445,100.3,101
30.28,1796,0.658,73.65,51.77,3446,96.6,101.3
30.29,1806,0.647,73.66,52.23,3446,99.2,99.1
30.3,1793,0.633,73.65,51.97,3447,101.2,100.9
30.31,1794,0.632,73.65,52.56,3446,99.3,97.5
30.32,1794,0.625,73.64,51.86,3447,100.2,101.4
30.33,1798,0.616,73.65,52.08,3445,96.7,100.6
30.34,1805,0.619,73.63,52.27,3446,101.2,100.6
30.35,1802,0.609,73.64,52.14,3440,100.2,101.3
30.36,1801,0.609,73.64,52.15,3447,97.6,97.7
30.37,1798,0.611,73.66,52.03,3440,100.3,100.5
30.38,1805,0.608,73.63,51.82,3448,100.7,97.3
30.39,1798,0.601,73.62,51.96,3448,101.1,100.5
30.4,1799,0.602,73.66,52.25,3442,98.4,98.1
30.41,1791,0.611,73.67,52.49,3446,101.8,100.3
30.42,1794,0.612,73.63,51.9,3446,96.7,97.4
30.43,1804,0.611,73.61,51.9,3446,100.9,99.6
30.44,1804,0.616,73.6,51.86,3441,99.3,100.7
30.45,1801,0.624,73.67,52.07,3447,101.3,100.1
30.46,1800,0.625,73.68,52.45,3444,102.5,96.3
30.47,1799,0.627,73.65,52.08,3453,100.8,99.5
30.48,1806,0.631,73.64,52.41,3446,99.7,97.6
30.49,1804,0.642,73.61,52.07,3448,101.1,100.6
30.5,1813,0.646,73.65,51.93,3442,97.6,102.5
30.51,1804,0.65,73.65,52.22,3445,100.2,100.5
30.52,1802,0.657,73.63,52.09,3449,100.7,99.9
30.53,1804,0.659,73.7,51.94,3447,100.7,100.3
30.54,1799,0.676,73.6,51.95,3444,102.1,101.7
30.55,1785,0.676,73.6,52.25,3445,100.6,99.4
30.56,1797,0.68,73.59,52.26,3442,99.1,101.3
30.57,1799,0.689,73.63,51.85,3444,100.3,102
30.58,1819,0.698,73.64,52.35,3445,99,100.5
30.59,1798,0.701,73.65,51.8,3443,99.4,96.6
30.6,1807,0.706,73.65,52.01,3446,101.2,99.1
30.61,1799,0.714,73.65,52.32,3446,101.9,99.1
30.62,1802,0.719,73.6,52.17,3447,97.8,103.3
30.63,1798,0.725,73.61,52.38,3440,101.8,99.4
30.64,1800,0.728,73.68,51.83,3444,98.8,97.3
30.65,1806,0.731,73.63,51.95,3446,98.4,101.9
30.66,1803,0.735,73.63,51.89,3446,100.8,98.2
30.67,1797,0.743,73.62,52.71,3443,99.8,101.8
30.68,1805,0.745,73.66,52.48,3445,102.2,100.1
30.69,1791,0.746,73.59,52.01,3445,97,100.1
30.7,1808,0.744,73.6,51.87,3454,100.1,97.6
30.71,1795,0.75,73.6,51.75,3450,100.6,99
30.72,1795,0.755,73.67,51.98,3443,101.1,101.1
30.73,1800,0.754,73.71,52.32,3451,101.6,101.3
30.74,1797,0.753,73.63,51.93,3447,99.1,100.2
30.75,1793,0.748,73.67,51.72,3444,98.7,97.9
30.76,1813,0.753,73.64,51.88,3450,101.8,98.7
30.77,1794,0.751,73.64,51.87,3448,101,101.1
30.78,1804,0.753,73.61,52.44,3447,104.3,98.8
30.79,1807,0.756,73.62,52.14,3448,102.2,99
30.8,1800,0.752,73.67,51.78,3447,101.1,98.5
30.81,1800,0.75,73.64,52.21,3444,100.4,101.8
30.82,1800,0.742,73.63,51.93,3447,100.5,100.3
30.83,1796,0.743,73.62,52.56,3443,98.6,99.4
30.84,1797,0.739,73.61,52.06,3447,100.4,99.1
30.85,1799,0.736,73.64,52.02,3444,99.5,98.7
30.86,1799,0.73,73.63,51.67,3442,98.7,101.9
30.87,1801,0.734,73.63,52.11,3443,99.9,99.3
30.88,1799,0.73,73.62,51.82,3446,99.2,101.1
30.89,1806,0.725,73.55,52.24,3443,100.4,99.5
30.9,1796,0.721,73.64,52.24,3442,102.8,100.3
30.91,1801,0.721,73.67,51.76,3445,95.9,100
30.92,1804,0.722,73.66,52.25,3445,98.2,101.2
30.93,1799,0.715,73.65,52.33,3442,100.8,100.5
30.94,1802,0.713,73.64,52.08,3447,102.2,98.9
30.95,1808,0.705,73.62,52.24,3445,98.1,100.1
30.96,1804,0.706,73.61,51.82,3446,99,101
30.97,1803,0.703,73.6,52.73,3448,101.2,99.8
30.98,1804,0.698,73.65,51.95,3446,100.5,101
30.99,1800,0.692,73.63,52.25,3447,100.4,98
31,1799,0.693,73.67,51.7,3449,97.8,99.2
31.01,1799,0.689,73.67,52.44,3445,99.1,99.7
31.02,1794,0.69,73.67,51.82,3446,98.2,101.3
31.03,1792,0.684,73.61,52.34,3446,98.2,100.3
31.04,1802,0.692,73.6,51.72,3452,99.7,98.1
31.05,1800,0.684,73.64,52.12,3446,100.3,99.3
31.06,1803,0.686,73.65,52.56,3441,97.4,98.1
31.07,1792,0.685,73.56,52.15,3444,102.8,101.3
31.08,1797,0.684,73.67,52.13,3447,98.8,100.8
31.09,1806,0.677,73.64,52.12,3447,100.9,101
31.1,1792,0.679,73.66,51.9,3443,97.6,98.8
31.11,1798,0.678,73.66,51.77,3445,100,97.9
31.12,1800,0.678,73.64,51.76,3450,99.3,96.6
31.13,1798,0.679,73.65,52.45,3449,101,99.7
31.14,1801,0.688,73.57,51.64,3449,98.7,99.1
31.15,1796,0.685,73.63,51.9,3444,99,99.9
31.16,1803,0.68,73.67,51.62,3447,101,99.6
31.17,1797,0.683,73.63,52.39,3445,99.9,99.1
31.18,1803,0.682,73.66,52.22,3446,102.9,100.1
31.19,1799,0.689,73.63,52.06,3442,99.7,100.6
31.2,1797,0.682,73.61,52.25,3443,101.1,102.1
31.21,1807,0.683,73.58,51.9,3448,101.7,100
31.22,1796,0.685,73.62,51.85,3447,100.5,100.2
31.23,1808,0.69,73.6,51.76,3444,99.3,100
31.24,1801,0.695,73.65,51.88,3444,101.7,101.5
31.25,1803,0.693,73.57,52.65,3443,101.1,99.4
31.26,1807,0.697,73.63,52.59,3447,101.6,102.1
31.27,1808,0.696,73.67,52.17,3439,101,101.9
31.28,1797,0.698,73.68,52.01,3439,100.5,99.3
31.29,1811,0.704,73.58,52.05,3447,99.7,98.2
31.3,1796,0.701,73.67,51.93,3446,99.8,99.1
31.31,1802,0.704,73.61,52.05,3449,100.2,97.8
31.32,1805,0.707,73.64,52.19,3445,101.9,100.4
31.33,1793,0.708,73.65,52.08,3445,97.1,100.6
31.34,1799,0.71,73.61,51.81,3438,98.8,98.6
31.35,1803,0.714,73.67,51.84,3449,97.2,101.2
31.36,1793,0.714,73.67,51.64,3445,101.4,99
31.37,1802,0.708,73.62,52.25,3443,100.8,100.3
31.38,1798,0.71,73.59,52.01,3442,100.9,98.3
31.39,1799,0.709,73.62,52.13,3439,101.2,99.3
31.4,1791,0.714,73.61,52.23,3442,99.2,100.9
31.41,1807,0.717,73.62,51.82,3447,101.3,99.6
31.42,1811,0.716,73.66,52.12,3446,101.8,98.3
31.43,1808,0.713,73.63,51.85,3441,100.2,100.9
31.44,1788,0.718,73.64,52.19,3440,100,99.9
31.45,1801,0.714,73.61,51.92,3446,101.3,99.6
31.46,1808,0.704,73.61,52.06,3450,100.2,100.6
31.47,1807,0.718,73.59,51.74,3448,96.2,98.8
31.48,1805,0.714,73.7,52.12,3446,98.2,99.9
31.49,1784,0.719,73.69,51.79,3443,99.7,99.4
31.5,1799,0.719,73.63,52.14,3449,102,99.2
31.51,1812,0.712,73.66,51.83,3446,96.8,104.1
31.52,1792,0.711,73.62,52.07,3443,98.3,98.3
31.53,1793,0.715,73.59,51.87,3441,96.1,99.9
31.54,1797,0.716,73.57,52,3448,99.6,98.8
31.55,1804,0.712,73.63,51.99,3449,100.5,100.1
31.56,1800,0.711,73.62,51.83,3447,102.4,101.5
31.57,1806,0.716,73.64,52.02,3446,99.2,101.2
31.58,1800,0.71,73.66,52.07,3446,101.5,95.3
31.59,1800,0.715,73.61,52.26,3451,101.3,98.5
31.6,1784,0.709,73.64,51.84,3445,99.4,99.9
31.61,1803,0.709,73.6,51.57,3449,102.1,99.9
31.62,1797,0.703,73.66,52.35,3446,100.9,99.2
31.63,1797,0.707,73.61,52.98,3445,103.2,98.6
31.64,1808,0.703,73.66,51.99,3452,99.2,101.6
31.65,1798,0.706,73.59,52.17,3449,99.5,98
31.66,1801,0.701,73.6,52.04,3450,100.1,102.9
31.67,1812,0.705,73.66,52.24,3447,99.5,100.6
31.68,1798,0.708,73.66,52.43,3445,97.3,100.8
31.69,1813,0.707,73.61,52.53,3448,99.7,100.1
31.7,1802,0.701,73.7,52.08,3451,99.8,97.9
31.71,1801,0.7,73.62,52.09,3448,100.8,100.2
31.72,1808,0.699,73.6,52.25,3444,100,101.5
31.73,1792,0.703,73.62,52.62,3445,99.4,100.5
31.74,1791,0.7,73.67,51.83,3450,100.9,99.6
31.75,1795,0.703,73.62,52.46,3445,98.5,99.9
31.76,1801,0.699,73.68,52.51,3449,99.1,99.5
31.77,1796,0.698,73.59,52.05,3448,98.7,99.4
31.78,1789,0.695,73.66,51.95,3451,98.9,101.5
31.79,1819,0.705,73.61,52.21,3444,100,99
31.8,1800,0.698,73.58,51.91,3443,100,101.1
31.81,1802,0.701,73.65,51.66,3441,101.1,98.2
31.82,1798,0.699,73.61,52.24,3451,99.7,102
31.83,1804,0.704,73.59,51.88,3442,98.2,101.7
31.84,1800,0.699,73.63,51.85,3451,101.4,99.9
31.85,1812,0.696,73.59,52.04,3445,101.5,99
31.86,1797,0.704,73.6,52.03,3447,100.1,97.9
31.87,1799,0.693,73.67,52.07,3445,97.8,101.6
31.88,1801,0.696,73.65,52.59,3446,100.2,100.9
31.89,1800,0.702,73.59,51.55,3444,100.2,98.8
31.9,1805,0.696,73.61,52.24,3446,99,98
31.91,1807,0.696,73.61,52.09,3452,101.5,100.6
31.92,1805,0.694,73.69,52.12,3444,101,99
31.93,1801,0.694,73.65,51.94,3439,100.1,100.4
31.94,1792,0.698,73.66,52.06,3447,98.7,98
31.95,1795,0.704,73.66,52.26,3449,98.5,99.2
31.96,1793,0.692,73.63,52.15,3447,99.8,98.5
31.97,1794,0.698,73.67,52.12,3440,99,99.9
31.98,1792,0.709,73.63,51.99,3441,100.6,101.2
31.99,1803,0.705,73.59,52.04,3445,101.5,100.1
32,1789,0.707,73.62,51.44,3443,100.2,100.1
32.01,1798,0.705,73.6,51.6,3450,99.2,100.1
32.02,1788,0.706,73.64,52.45,3440,98.3,100.6
32.03,1796,0.703,73.6,51.99,3448,98.4,101.5
32.04,1801,0.706,73.65,52.06,3453,99.1,99.9
32.05,1809,0.707,73.6,52.14,3447,100.8,98
32.06,1797,0.709,73.62,52.03,3444,98.2,97
32.07,1803,0.703,73.65,52.23,3440,98.3,100.2
32.08,1807,0.7,73.66,51.99,3446,102.7,100.6
32.09,1793,0.707,73.62,51.98,3450,99.8,98.8
32.1,1800,0.703,73.59,51.82,3438,101.2,100.2
32.11,1787,0.706,73.67,52.49,3443,99.4,101.1
32.12,1797,0.705,73.65,51.8,3452,97.1,98.4
32.13,1797,0.708,73.61,52.33,3445,100.3,101
32.14,1805,0.711,73.65,52.43,3443,99.1,99.5
32.15,1800,0.704,73.66,52.3,3441,100.4,100.6
32.16,1802,0.709,73.65,51.72,3446,99.1,99.7
32.17,1788,0.701,73.62,52.13,3445,98.3,99.7
32.18,1797,0.706,73.6,52.04,3446,99.8,98.8
32.19,1797,0.708,73.61,52.19,3447,97.4,98.5
32.2,1802,0.705,73.58,52.05,3439,100.7,102.2
32.21,1797,0.709,73.66,52.24,3443,99.9,104.2
32.22,1802,0.708,73.59,52.19,3444,101.6,99.6
32.23,1799,0.706,73.54,52.3,3446,102.6,99.7
32.24,1800,0.711,73.59,52.37,3445,100.9,100.9
32.25,1808,0.712,73.6,51.81,3449,101.4,97.6
32.26,1804,0.711,73.67,52,3441,98.8,99.5
32.27,1805,0.706,73.65,52.33,3441,98.3,98.5
32.28,1800,0.709,73.64,52.36,3445,101.3,103.5
32.29,1791,0.707,73.58,51.98,3444,100.2,101
32.3,1800,0.705,73.69,51.97,3443,98.3,103.7
32.31,1795,0.704,73.6,52.04,3442,100.9,102
32.32,1797,0.706,73.63,51.62,3443,98.3,101.8
32.33,1812,0.706,73.59,51.66,3447,99,104.4
32.34,1802,0.706,73.67,52.5,3445,98,99.9
32.35,1798,0.711,73.64,52.05,3447,99.6,98.6
32.36,1806,0.704,73.61,51.81,3438,99.4,101.4
32.37,1798,0.705,73.62,51.75,3449,97.3,99.8
32.38,1805,0.704,73.63,51.74,3443,95.8,99.6
32.39,1804,0.702,73.59,52.16,3440,97.2,98.7
32.4,1806,0.706,73.59,51.68,3446,99.6,100.1
32.41,1811,0.702,73.61,52.28,3448,103,100.7
32.42,1801,0.707,73.6,52.2,3447,99.9,100.4
32.43,1803,0.698,73.66,52.24,3445,100.6,99.1
32.44,1791,0.707,73.6,52.47,3444,100.1,102.6
32.45,1797,0.706,73.6,52.25,3447,100,98.5
32.46,1806,0.706,73.62,52.01,3447,97.7,100.6
32.47,1797,0.704,73.61,51.77,3446,100.2,99.1
32.48,1797,0.698,73.64,52.18,3442,100.2,101
32.49,1794,0.702,73.62,52.34,3451,100.8,100.4
32.5,1801,0.709,73.64,52.58,3445,100.2,97.7
32.51,1808,0.7,73.66,51.84,3449,98.9,98.8
32.52,1800,0.699,73.67,51.98,3448,101.9,101.1
32.53,1805,0.703,73.62,51.92,3454,100.1,97.9
32.54,1802,0.701,73.61,52.24,3445,101,99.9
32.55,1803,0.704,73.61,52.23,3447,100.9,100.3
32.56,1804,0.7,73.65,51.8,3449,100.2,102.6
32.57,1804,0.702,73.61,52.15,3453,101.1,99.8
32.58,1802,0.705,73.61,52.02,3445,98.4,101.6
32.59,1790,0.701,73.66,52.4,3443,97.9,99.2
32.6,1794,0.7,73.63,51.98,3449,102.3,98
32.61,1803,0.707,73.61,52.39,3445,101.1,97.1
32.62,1806,0.699,73.63,52.46,3446,100.9,102
32.63,1810,0.708,73.64,52.13,3442,101.7,101.5
32.64,1810,0.702,73.61,52.03,3448,101,104.2
32.65,1807,0.704,73.58,52.15,3446,97.1,97.1
32.66,1801,0.7,73.68,52.08,3445,101.3,99
32.67,1801,0.704,73.73,51.82,3447,100.3,101.3
32.68,1796,0.702,73.62,52.05,3444,102.2,101.5
32.69,1797,0.702,73.58,52.4,3445,99.9,101.2
32.7,1801,0.704,73.6,51.91,3448,97.7,99.2
32.71,1798,0.709,73.58,52.21,3441,101.5,98
32.72,1807,0.707,73.68,52.04,3442,96.7,99.2
32.73,1807,0.704,73.65,51.6,3445,98.8,99.5
32.74,1807,0.707,73.66,51.83,3446,98.3,99.1
32.75,1802,0.704,73.63,51.9,3445,101.3,100.4
32.76,1802,0.703,73.64,52.46,3446,99.6,101.4
32.77,1810,0.708,73.63,52.01,3446,101.9,101
32.78,1794,0.705,73.62,52.31,3452,100.2,98.9
32.79,1800,0.706,73.62,52.12,3450,101.1,98.7
32.8,1793,0.702,73.63,51.67,3442,100.1,96.7
32.81,1801,0.705,73.65,52.05,3447,103.6,100
32.82,1810,0.707,73.68,51.79,3441,99.1,100.7
32.83,1803,0.708,73.59,52.49,3441,97.3,98.7
32.84,1809,0.706,73.62,52.16,3440,99,99.5
32.85,1802,0.706,73.63,52.16,3443,99.4,100.6
32.86,1802,0.701,73.64,52.25,3443,101.2,98.7
32.87,1801,0.704,73.66,51.64,3446,101.4,100.9
32.88,1798,0.703,73.66,52.31,3449,96.9,101
32.89,1791,0.708,73.6,52.29,3445,99.4,101.4
32.9,1792,0.701,73.64,52.41,3448,101.6,100.8
32.91,1802,0.703,73.7,52.31,3442,100.7,100.3
32.92,1789,0.704,73.63,51.95,3446,99.8,100.2
32.93,1802,0.703,73.67,51.59,3446,100.6,101.9
32.94,1786,0.707,73.58,52.44,3444,99.9,97.2
32.95,1808,0.706,73.66,52.03,3448,102.2,99.3
32.96,1796,0.705,73.63,51.96,3445,100.5,99.3
32.97,1794,0.703,73.65,52.15,3444,101.1,102.6
32.98,1805,0.706,73.59,52.37,3445,99.2,100.3
32.99,1794,0.701,73.61,51.69,3450,98.8,99.8
33,1800,0.707,73.66,52.08,3448,99.3,98.6
33.01,1803,0.705,73.6,51.75,3442,100.6,100.1
33.02,1795,0.701,73.66,52.19,3447,101.8,99.1
33.03,1806,0.706,73.57,51.99,3438,101.4,101.3
33.04,1795,0.708,73.67,52.5,3448,99.9,100.1
33.05,1804,0.7,73.62,52.23,3446,102.1,99
33.06,1793,0.704,73.7,52.07,3447,100.6,101
33.07,1801,0.708,73.64,52.13,3447,99.2,98.8
33.08,1800,0.706,73.61,52.06,3442,102.5,100
33.09,1798,0.708,73.63,51.43,3444,99.6,100.2
33.1,1805,0.711,73.66,52.45,3449,101.2,100.7
33.11,1802,0.704,73.59,52.14,3446,100.8,99.3
33.12,1798,0.705,73.67,52.11,3441,99.3,98.4
33.13,1801,0.703,73.65,52,3443,101.1,99.2
33.14,1796,0.705,73.64,52.45,3448,100,99.6
33.15,1801,0.705,73.59,52.23,3445,100.5,100.2
33.16,1793,0.7,73.63,51.96,3449,98.9,99
33.17,1794,0.703,73.58,51.89,3447,99.9,101.2
33.18,1787,0.703,73.62,52.31,3444,101.1,99.9
33.19,1806,0.703,73.7,51.58,3441,102.2,103.2
33.2,1793,0.701,73.64,51.72,3444,101.2,95.8
33.21,1801,0.697,73.62,51.95,3443,100.8,101.2
33.22,1811,0.706,73.66,52.21,3446,98.4,101.2
33.23,1797,0.703,73.69,52.4,3447,101.2,99.7
33.24,1798,0.705,73.63,52.25,3445,101,101.9
33.25,1794,0.704,73.67,52.08,3442,100.9,97.3
33.26,1805,0.705,73.6,52.42,3443,100.1,99.9
33.27,1798,0.705,73.6,51.43,3447,101,101.8
33.28,1796,0.71,73.63,51.74,3443,101,102.1
33.29,1801,0.709,73.62,52.72,3443,100.6,100.8
33.3,1798,0.7,73.64,52.02,3443,103.2,98.5
33.31,1802,0.704,73.65,52.17,3450,98.8,100.2
33.32,1794,0.705,73.64,52.33,3445,102.5,102.3
33.33,1801,0.704,73.59,52.33,3445,98.7,100.8
33.34,1808,0.703,73.7,51.97,3442,100,100.5
33.35,1802,0.701,73.63,52.76,3444,99,101.3
33.36,1790,0.706,73.57,52.66,3442,101.7,99.5
33.37,1811,0.704,73.62,52.11,3441,99.4,100.7
33.38,1802,0.705,73.64,51.69,3442,97.3,99
33.39,1789,0.702,73.62,52.15,3446,99.8,99.9
33.4,1802,0.705,73.64,51.95,3448,99.1,99.8
33.41,1799,0.699,73.64,51.96,3445,101,98.1
33.42,1796,0.704,73.63,52.49,3446,100.6,102.9
33.43,1803,0.704,73.63,51.97,3449,98.5,99.1
33.44,1807,0.701,73.61,52.17,3450,98.8,103.4
33.45,1800,0.701,73.58,52.11,3446,100.2,100.9
33.46,1791,0.704,73.63,51.65,3447,98.7,101
33.47,1795,0.703,73.62,52.23,3449,100,101
33.48,1808,0.705,73.65,51.77,3444,98.1,99.8
33.49,1801,0.704,73.6,51.93,3440,100.5,101.3
33.5,1795,0.704,73.61,52.35,3442,99.1,100.3
33.51,1788,0.703,73.65,51.99,3445,100.4,97.2
33.52,1791,0.705,73.61,51.72,3445,100.1,98.3
33.53,1801,0.702,73.56,52.19,3445,100.7,102.4
33.54,1811,0.703,73.64,52.12,3443,100.1,99.7
33.55,1795,0.702,73.68,52.07,3444,97.6,101.4
33.56,1805,0.697,73.63,52.03,3447,98.5,101.2
33.57,1795,0.706,73.58,52.13,3446,101.7,98.7
33.58,1801,0.703,73.6,52.09,3443,100.1,98.8
33.59,1799,0.705,73.64,52,3444,98.9,100.2
33.6,1802,0.707,73.63,52.1,3444,99.2,99.6
33.61,1798,0.703,73.58,51.84,3452,100.6,98.5
33.62,1795,0.707,73.6,52.2,3445,100.8,100.5
33.63,1791,0.709,73.68,52.02,3445,100.1,99.2
33.64,1813,0.7,73.69,52.38,3439,99.3,99.4
33.65,1797,0.705,73.64,52.34,3447,101.3,99.2
33.66,1801,0.708,73.6,52.14,3448,100.3,100.1
33.67,1800,0.705,73.65,52.14,3447,100.9,102.8
33.68,1803,0.702,73.69,51.66,3448,97.6,99.1
33.69,1797,0.705,73.7,52.15,3449,101.7,98.3
33.7,1799,0.706,73.66,52.08,3440,101.1,103.2
33.71,1799,0.7,73.63,51.96,3446,101.2,99.2
33.72,1791,0.707,73.65,51.72,3443,100.8,98.3
33.73,1797,0.706,73.64,52.25,3447,98.8,102.1
33.74,1808,0.701,73.61,51.63,3446,98.9,98.7
33.75,1810,0.706,73.61,51.71,3442,97.8,99.8
33.76,1793,0.709,73.62,51.94,3447,99.5,100.9
33.77,1804,0.708,73.62,51.86,3446,102.1,98.1
33.78,1804,0.707,73.66,51.8,3445,101.5,100.9
33.79,1806,0.706,73.63,52.11,3443,101,101.9
33.8,1799,0.704,73.58,51.45,3446,98.5,100.6
33.81,1802,0.706,73.64,51.66,3445,98.6,101.5
33.82,1817,0.708,73.61,52.22,3447,98.7,102.6
33.83,1802,0.709,73.64,52.12,3446,100.1,99.9
33.84,1814,0.711,73.66,51.94,3445,100.6,99.9
33.85,1786,0.703,73.59,52,3446,98.7,101.8
33.86,1806,0.701,73.65,52.2,3444,102.1,100.9
33.87,1801,0.706,73.61,52.16,3451,101.8,99.6
33.88,1794,0.705,73.61,52.2,3445,99.8,101.6
33.89,1797,0.701,73.66,52.16,3452,101.5,98.7
33.9,1801,0.708,73.64,51.46,3441,100.6,98.8
33.91,1803,0.707,73.61,52.14,3448,99.3,101.2
33.92,1805,0.703,73.62,51.96,3443,101.2,101.8
33.93,1800,0.707,73.57,52.2,3439,100.9,97.9
33.94,1796,0.705,73.63,51.87,3442,102.2,101.2
33.95,1792,0.704,73.6,51.64,3445,99.3,100.4
33.96,1795,0.706,73.6,51.81,3443,100.8,100.7
33.97,1800,0.707,73.58,51.72,3440,99.4,101.4
33.98,1796,0.71,73.58,52.18,3444,99.2,99
33.99,1806,0.704,73.61,51.91,3440,103.8,100.8
34,1806,0.709,73.64,52.31,3440,101.2,98.9
34.01,1810,0.708,73.64,51.98,3445,101.2,97.9
34.02,1797,0.703,73.6,52.02,3449,98.1,99.1
34.03,1799,0.706,73.62,51.96,3447,97.3,100.3
34.04,1800,0.701,73.61,51.85,3445,97.8,101.2
34.05,1800,0.706,73.65,51.94,3451,96.9,99.4
34.06,1794,0.708,73.62,52,3444,99.4,97.7
34.07,1793,0.7,73.67,52.12,3449,99.2,100.3
34.08,1810,0.705,73.61,52.38,3443,97.5,99
34.09,1791,0.706,73.64,52.15,3444,100.8,99.2
34.1,1811,0.703,73.6,51.93,3451,100.5,97.9
34.11,1791,0.704,73.63,52.2,3452,99.9,99.8
34.12,1792,0.707,73.66,51.67,3444,102.5,100.2
34.13,1789,0.709,73.58,52.43,3446,100.1,100.4
34.14,1791,0.707,73.67,52.36,3450,99.5,99.8
34.15,1803,0.705,73.69,51.72,3449,100.6,101.2
34.16,1807,0.706,73.68,52.07,3447,98.1,101.2
34.17,1813,0.707,73.62,52.2,3444,98.9,100.1
34.18,1793,0.707,73.66,51.74,3439,99,98.7
34.19,1804,0.702,73.67,51.97,3452,97.2,101
34.2,1799,0.705,73.61,52.22,3445,99.4,98.9
34.21,1794,0.695,73.66,52.13,3444,97.7,97.8
34.22,1804,0.704,73.65,52.01,3447,97.9,98.3
34.23,1800,0.705,73.64,51.69,3449,100.8,100.8
34.24,1800,0.703,73.66,52.14,3446,97.8,97.6
34.25,1804,0.699,73.63,52.49,3448,100.6,101.8
34.26,1804,0.707,73.58,52.43,3443,100.4,99.4
34.27,1808,0.7,73.63,52.25,3444,99.2,100.3
34.28,1805,0.708,73.62,51.83,3446,97.6,100.4
34.29,1794,0.705,73.62,51.9,3447,98.6,100.1
34.3,1806,0.698,73.66,51.58,3445,100.7,100.8
34.31,1794,0.706,73.6,52.3,3448,100.6,100.2
34.32,1794,0.701,73.63,51.84,3445,97.1,99.6
34.33,1791,0.704,73.65,51.72,3444,100,97.6
34.34,1795,0.702,73.61,51.96,3445,101.8,101.5
34.35,1807,0.698,73.61,51.77,3440,99,98.8
34.36,1793,0.703,73.65,51.94,3447,101.9,99.9
34.37,1801,0.704,73.67,51.84,3447,101.3,100.4
34.38,1809,0.704,73.61,51.94,3441,99.5,102.5
34.39,1800,0.706,73.71,51.85,3447,98,99.9
34.4,1799,0.704,73.67,52.04,3437,101.4,99
34.41,1794,0.703,73.58,52.31,3446,98.6,101.5
34.42,1810,0.698,73.67,52.66,3445,99.5,97.6
34.43,1799,0.702,73.64,52.03,3445,100.3,99.8
34.44,1795,0.707,73.59,51.9,3446,99,98.5
34.45,1800,0.706,73.7,52.04,3444,99.7,98.2
34.46,1795,0.699,73.65,52.42,3441,101.2,99.6
34.47,1794,0.704,73.59,51.96,3442,101.6,101.3
34.48,1801,0.708,73.65,52.12,3444,100.3,99.3
34.49,1796,0.702,73.67,52.25,3444,101.4,102
34.5,1803,0.702,73.6,51.71,3444,102,97.4
34.51,1804,0.706,73.68,52.08,3446,99.8,97.8
34.52,1800,0.704,73.67,52.09,3445,101.1,99.4
34.53,1802,0.707,73.68,52.15,3441,101.6,99.5
34.54,1799,0.7,73.54,51.95,3443,101.4,96.9
34.55,1800,0.705,73.55,52.24,3440,101.3,100.8
34.56,1802,0.703,73.63,52.62,3446,98,100.7
34.57,1794,0.704,73.62,52.2,3443,98.6,99.4
34.58,1798,0.701,73.65,52.3,3445,100.3,101.9
34.59,1806,0.703,73.59,51.98,3449,99.4,101.2
34.6,1807,0.7,73.63,52.34,3441,97.8,100.7
34.61,1805,0.702,73.68,52,3444,101.3,101
34.62,1807,0.705,73.66,52.29,3446,100.9,100.4
34.63,1805,0.708,73.61,52.22,3440,99.2,101.3
34.64,1800,0.702,73.66,52.1,3446,99.4,100.8
34.65,1801,0.702,73.58,51.96,3448,96.8,96.9
34.66,1795,0.703,73.58,51.51,3439,99.2,100.2
34.67,1811,0.707,73.65,51.85,3447,99.6,100.6
34.68,1801,0.703,73.66,52.3,3443,101.8,103.3
34.69,1801,0.707,73.67,52.09,3444,97.9,99.6
34.7,1808,0.705,73.67,52.31,3441,100.7,99
34.71,1797,0.711,73.63,51.95,3448,98.8,102.2
34.72,1803,0.701,73.61,52.02,3443,100.9,98.4
34.73,1797,0.702,73.62,51.7,3445,103,100.8
34.74,1807,0.707,73.66,51.87,3449,101.7,101.9
34.75,1801,0.703,73.64,52.02,3441,100.8,101.3
34.76,1801,0.708,73.66,52.5,3445,100.9,97.8
34.77,1802,0.702,73.66,52.25,3446,100.2,101
34.78,1802,0.706,73.63,52.57,3446,100,101
34.79,1795,0.707,73.68,51.97,3447,97.8,101.6
34.8,1804,0.7,73.62,51.86,3445,99,99.7
34.81,1803,0.703,73.68,51.83,3442,100.5,99.7
34.82,1794,0.705,73.66,52.02,3442,98.8,100.3
34.83,1796,0.704,73.6,52.4,3448,102,102.6
34.84,1787,0.707,73.65,51.8,3435,100.8,99
34.85,1800,0.706,73.66,52.05,3449,100.5,98.3
34.86,1808,0.701,73.61,52.12,3445,102,100.8
34.87,1803,0.706,73.59,51.97,3446,100.8,99.7
34.88,1798,0.703,73.59,52.48,3440,99,100.1
34.89,1797,0.706,73.66,52,3440,100.2,99.7
34.9,1793,0.699,73.68,52.05,3444,101,100.1
34.91,1796,0.704,73.61,52.03,3442,102,99.4
34.92,1802,0.705,73.59,51.86,3444,101.7,99.4
34.93,1788,0.7,73.67,52.02,3445,99.2,99.7
34.94,1802,0.706,73.67,51.96,3449,99.4,98.8
34.95,1806,0.702,73.64,51.82,3443,99.3,99.4
34.96,1802,0.707,73.63,52.47,3445,102.8,99.3
34.97,1795,0.706,73.64,51.81,3446,99.4,98.7
34.98,1802,0.705,73.6,52.15,3448,100.2,97.6
34.99,1793,0.704,73.64,52.17,3441,102.6,101.3
35,1799,0.705,73.62,52.25,3442,101.4,99.4
35.01,1787,0.708,73.6,52.17,3444,101,99
35.02,1802,0.705,73.63,52.21,3448,102,100.6
35.03,1801,0.706,73.64,52,3444,100.3,102.8
35.04,1805,0.705,73.58,51.63,3447,96.7,101.8
35.05,1800,0.702,73.69,52.21,3442,97.3,102.9
35.06,1802,0.7,73.62,51.69,3446,97.8,100.9
35.07,1804,0.705,73.67,51.74,3447,101.5,99
35.08,1804,0.704,73.63,52.11,3446,97.4,100.9
35.09,1792,0.706,73.63,51.94,3450,99.8,99.1
35.1,1794,0.701,73.61,52.19,3447,96.8,101.8
35.11,1794,0.703,73.66,52.51,3444,99.7,98.9
35.12,1802,0.707,73.6,51.85,3442,101.3,102.6
35.13,1797,0.707,73.61,52.46,3441,100.8,99.4
35.14,1796,0.702,73.64,51.87,3446,99,101.6
35.15,1789,0.701,73.67,52.58,3441,100.9,102
35.16,1808,0.704,73.68,51.96,3446,101,99.3
35.17,1805,0.705,73.66,52.4,3446,101.1,98.1
35.18,1799,0.709,73.6,52.4,3449,99.5,102.3
35.19,1790,0.703,73.65,52.47,3447,99.9,98.8
35.2,1803,0.708,73.61,51.82,3448,101,97.9
35.21,1806,0.703,73.63,52.06,3447,100,100.4
35.22,1803,0.706,73.69,52.2,3446,99.2,101.2
35.23,1793,0.702,73.59,51.73,3446,98.5,99.5
35.24,1802,0.696,73.64,51.68,3446,100.2,100.4
35.25,1800,0.704,73.59,52.33,3448,94.6,99.8
35.26,1810,0.705,73.7,51.93,3451,98.7,99.8
35.27,1802,0.706,73.63,51.95,3446,100.9,100.4
35.28,1798,0.706,73.62,52.66,3445,98.8,95.5
35.29,1796,0.703,73.63,52.13,3444,97.1,99.9
35.3,1806,0.703,73.68,52.26,3444,102.7,99.6
35.31,1807,0.699,73.63,51.85,3446,98.8,101.1
35.32,1796,0.702,73.68,51.59,3446,101.3,99
35.33,1801,0.706,73.6,52.29,3448,100.6,101.4
35.34,1804,0.708,73.64,52.44,3446,100.5,97.6
35.35,1799,0.703,73.63,52.46,3448,102.7,99.8
35.36,1800,0.701,73.61,51.99,3447,98.8,97.6
35.37,1803,0.703,73.58,52.03,3449,98.8,96.8
35.38,1800,0.705,73.64,52.22,3449,101.6,100.4
35.39,1809,0.707,73.67,52.2,3445,100.3,100.9
35.4,1800,0.701,73.66,52.3,3446,99.5,99.4
35.41,1800,0.706,73.68,51.82,3440,100.2,98.9
35.42,1797,0.707,73.65,52.18,3444,100.9,99.8
35.43,1801,0.703,73.63,51.86,3448,98.4,99.3
35.44,1802,0.703,73.65,52.46,3444,97.4,99
35.45,1801,0.703,73.69,52.03,3447,101.3,103
35.46,1798,0.702,73.66,52.44,3454,100.7,101.3
35.47,1796,0.707,73.62,51.94,3451,99.9,98.2
35.48,1790,0.703,73.61,52.26,3444,101.1,100.6
35.49,1797,0.704,73.58,52.32,3440,100,99.7
35.5,1796,0.704,73.63,52.18,3437,98.5,97
35.51,1799,0.706,73.65,52.38,3449,100.2,99.1
35.52,1798,0.705,73.68,52.15,3447,99.9,105.5
35.53,1788,0.703,73.56,51.69,3447,100.9,112.2
35.54,1809,0.705,73.63,52.44,3446,99.7,114.6
35.55,1798,0.703,73.67,51.6,3448,101.6,121.2
35.56,1802,0.706,73.62,52.31,3447,98.8,124.9
35.57,1795,0.702,73.64,52.16,3444,102.2,134.9
35.58,1808,0.706,73.6,51.75,3446,100.2,139.5
35.59,1808,0.7,73.65,52.54,3444,101.4,143.9
35.6,1824,0.701,73.63,52.38,3451,99.2,148.4
35.61,1796,0.706,73.59,51.93,3441,98.9,153.5
35.62,1807,0.705,73.6,52.4,3442,100.2,161
35.63,1804,0.708,73.68,52.31,3447,97.5,165.4
35.64,1796,0.706,73.58,51.99,3441,99,170.8
35.65,1809,0.7,73.67,51.65,3447,96.1,178.9
35.66,1807,0.708,73.65,51.84,3444,101.5,184.6
35.67,1798,0.706,73.59,51.18,3442,102.7,186.6
35.68,1793,0.701,73.6,48.72,3442,98.9,194.7
35.69,1793,0.702,73.53,47.34,3445,99.7,197.3
35.7,1796,0.701,73.63,45.24,3444,102.8,203.6
35.71,1798,0.696,73.58,43.45,3444,101.5,208.6
35.72,1810,0.686,73.6,42.83,3447,99.2,215.9
35.73,1810,0.683,73.55,41.43,3445,101.5,221.9
35.74,1794,0.675,73.54,41.29,3447,97.4,228.4
35.75,1805,0.671,73.58,40.24,3437,100.3,233
35.76,1808,0.663,73.55,39.8,3439,101.8,239
35.77,1802,0.658,73.46,39.46,3441,98.5,240.3
35.78,1802,0.646,73.44,39.38,3436,100.5,248.8
35.79,1795,0.633,73.39,39.11,3437,101.3,253.5
35.8,1802,0.628,73.33,38.89,3433,99.1,259.1
35.81,1795,0.616,73.26,38.6,3429,99.6,263.7
35.82,1798,0.609,73.23,38.53,3427,100.7,268.5
35.83,1806,0.596,73.19,38.54,3424,103.1,275
35.84,1802,0.584,73.16,38.45,3424,99.3,283.4
35.85,1802,0.579,73.1,38.26,3422,102.3,288.7
35.86,1799,0.565,73,38.23,3421,101,292
35.87,1805,0.56,72.94,37.77,3418,102.4,295.9
35.88,1798,0.549,72.88,37.4,3420,98.8,303.4
35.89,1795,0.54,72.82,37.68,3416,98.8,307.7
35.9,1803,0.534,72.73,37.55,3409,101.2,314.1
35.91,1799,0.519,72.63,37.51,3409,100.9,316.5
35.92,1795,0.514,72.53,36.97,3401,100.8,326.8
35.93,1811,0.507,72.48,36.97,3392,97.8,331.6
35.94,1811,0.494,72.4,36.94,3392,99.2,340.2
35.95,1793,0.488,72.27,37.31,3391,97.6,341.5
35.96,1790,0.483,72.17,36.57,3388,99.5,348.2
35.97,1797,0.48,72.1,36.62,3381,101.9,354.8
35.98,1805,0.47,71.99,36.79,3381,100.6,356.1
35.99,1799,0.468,71.88,36.48,3372,99.7,363.9
36,1792,0.466,71.66,36.41,3367,102.4,367.3
36.01,1811,0.466,71.61,36.07,3363,101.7,373.7
36.02,1800,0.461,71.59,36.25,3362,98.9,381.5
36.03,1795,0.454,71.38,36.17,3356,99.9,385
36.04,1802,0.455,71.3,35.69,3351,101.1,389.8
36.05,1788,0.454,71.13,36.18,3348,98.2,394.2
36.06,1806,0.454,70.98,35.77,3343,98.9,403.2
36.07,1800,0.452,70.86,35.2,3338,98.8,409.8
36.08,1808,0.453,70.74,35.58,3328,98.7,416
36.09,1795,0.454,70.56,35.39,3321,96.4,419.8
36.1,1791,0.455,70.49,35.56,3318,99.1,422.4
36.11,1796,0.459,70.28,34.92,3308,99.9,429.3
36.12,1793,0.46,70.08,35,3306,100.8,433.9
36.13,1802,0.462,69.96,34.25,3297,99.4,441.7
36.14,1795,0.462,69.79,34.3,3289,100.6,447.7
36.15,1796,0.467,69.6,33.59,3283,100.6,454.7
36.16,1807,0.464,69.44,33.17,3272,99.8,463.3
36.17,1793,0.467,69.23,32.22,3272,102.1,465.8
36.18,1795,0.465,69.18,32.31,3266,98.8,473.7
36.19,1810,0.467,68.92,31.58,3258,101.1,478.8
36.2,1788,0.472,68.75,31.58,3251,99.1,485.8
36.21,1803,0.476,68.53,31.16,3243,96.7,496
36.22,1808,0.472,68.37,31.29,3236,97,499.4
36.23,1795,0.474,68.16,30.97,3226,98.2,506.3
36.24,1808,0.478,67.97,30.21,3217,101.5,514.2
36.25,1786,0.47,67.74,30.08,3210,99.9,521.4
36.26,1807,0.475,67.5,30.28,3205,99.2,527.7
36.27,1797,0.475,67.28,30.16,3194,98.4,530.4
36.28,1807,0.474,67.14,30.15,3180,99.6,540.3
36.29,1795,0.476,66.91,29.45,3169,101.1,543.6
36.3,1804,0.469,66.64,29.84,3164,99.7,556.1
36.31,1786,0.47,66.44,29.71,3156,101,560.5
36.32,1806,0.464,66.14,28.79,3149,97.6,567.3
36.33,1800,0.467,65.95,28.66,3137,100.1,573.9
36.34,1808,0.452,65.7,28.62,3129,98.2,582.9
36.35,1805,0.459,65.43,28.54,3116,103,584.9
36.36,1803,0.453,65.16,28.64,3105,99,592.4
36.37,1799,0.447,64.91,27.57,3095,98.5,598.5
36.38,1805,0.445,64.59,28.19,3085,99.3,604.6
36.39,1792,0.439,64.41,27.24,3077,99.9,610.8
36.4,1793,0.436,64.13,27.67,3060,100.6,620.1
36.41,1801,0.425,63.8,27.34,3055,101.7,625
36.42,1786,0.422,63.52,27.2,3049,100.5,632.5
36.43,1803,0.416,63.23,26.87,3026,102.1,639.7
36.44,1804,0.414,62.99,30.62,3019,97.1,630.1
36.45,1793,0.412,62.71,35.48,3009,98.8,619.3
36.46,1798,0.413,62.46,40.08,2999,99,613.6
36.47,1807,0.414,62.09,44.48,2987,99.4,606.3
36.48,1788,0.411,61.88,48.03,2979,100.4,601.7
36.49,1799,0.422,61.64,50.56,2961,98.4,588.5
36.5,1801,0.43,61.27,53.11,2955,101.4,579.2
36.51,1794,0.439,61.06,55.6,2942,100.2,570.6
36.52,1788,0.45,60.82,55.89,2930,100.5,565.2
36.53,1801,0.463,60.52,57.56,2920,101,555.4
36.54,1800,0.47,60.33,57.84,2910,97.3,548.4
36.55,1788,0.489,60.07,59.16,2902,100.2,539.5
36.56,1801,0.499,59.86,58.95,2890,99.3,533.6
36.57,1797,0.522,59.6,59.52,2887,100.6,522.9
36.58,1796,0.543,59.35,59.69,2874,97.5,516
36.59,1799,0.559,59.17,59.94,2871,99.8,510
36.6,1789,0.582,58.98,60.46,2856,100.3,494.8
36.61,1803,0.597,58.76,60.26,2850,100.7,490.1
36.62,1791,0.617,58.59,60.4,2844,100.1,484
36.63,1803,0.636,58.32,60.13,2831,103.1,475.1
36.64,1812,0.652,58.16,60.29,2826,100.2,466.6
36.65,1801,0.666,57.99,60.93,2820,99.7,458.7
36.66,1802,0.689,57.8,60.94,2809,100.1,446.9
36.67,1803,0.707,57.65,60.98,2803,100.9,442.9
36.68,1807,0.723,57.43,60.86,2797,99.5,431.2
36.69,1790,0.735,57.24,61.23,2793,99.7,424.1
36.7,1797,0.748,57.15,61.11,2786,98,414.7
36.71,1808,0.76,56.98,61.19,2783,101.1,407.9
36.72,1799,0.776,56.79,61.45,2772,100.1,398.1
36.73,1806,0.779,56.66,61.5,2760,99.5,392.4
36.74,1801,0.788,56.49,62.07,2764,101.1,384.9
36.75,1805,0.805,56.36,61.94,2752,98.7,375.9
36.76,1795,0.797,56.29,61.64,2751,101.9,366.8
36.77,1801,0.809,56.13,61.55,2742,100.4,359
36.78,1807,0.811,56.03,61.93,2736,101.7,352.5
36.79,1808,0.81,55.9,61.84,2735,99.2,342.4
36.8,1788,0.806,55.8,62.51,2729,99.9,334.6
36.81,1804,0.805,55.68,62.07,2728,99.2,324.2
36.82,1796,0.802,55.61,62.32,2727,101.3,316.8
36.83,1797,0.8,55.53,62.51,2718,98.7,307.1
36.84,1801,0.8,55.41,62.83,2718,103.4,303.6
36.85,1815,0.786,55.31,62.74,2714,99.2,290.3
36.86,1794,0.782,55.26,62.92,2714,100.4,287.3
36.87,1794,0.779,55.2,63,2711,99.2,275.8
36.88,1807,0.764,55.12,63.4,2708,100.1,267.6
36.89,1799,0.758,55.12,62.86,2706,100.2,258.4
36.9,1803,0.743,54.98,63.4,2705,100.3,251.9
36.91,1789,0.736,55,63.35,2696,99.8,243.1
36.92,1802,0.723,54.91,63.54,2692,99.4,236.1
36.93,1799,0.721,54.84,63.74,2691,98.4,225.7
36.94,1801,0.701,54.85,63.82,2698,97.5,219.2
36.95,1803,0.684,54.84,63.65,2697,97.5,207.3
36.96,1799,0.678,54.74,64.03,2689,97.9,197.6
36.97,1805,0.664,54.8,64.1,2689,100.2,195.9
36.98,1792,0.654,54.78,63.76,2687,100.1,186
36.99,1802,0.641,54.73,63.44,2689,101.4,178.3
37,1804,0.63,54.74,60.88,2686,99.2,170.4
37.01,1801,0.625,54.75,57.73,2688,99.1,160.6
37.02,1805,0.6,54.73,55.57,2694,99,153.1
37.03,1805,0.594,54.76,53.24,2688,97.4,142.8
37.04,1792,0.575,54.76,51.88,2693,101.7,136.7
37.05,1807,0.56,54.75,50.02,2685,99.5,129.4
37.06,1796,0.543,54.76,49.38,2687,99.6,117.7
37.07,1793,0.525,54.73,48.42,2696,100.9,108.2
37.08,1803,0.509,54.77,47.95,2690,99.5,103.7
37.09,1792,0.504,54.76,47.16,2692,100.1,98
37.1,1799,0.471,54.69,47.37,2693,98.9,99.4
37.11,1793,0.463,54.76,47.37,2692,98.8,99.4
37.12,1797,0.45,54.71,46.62,2690,97.1,101
37.13,1797,0.431,54.73,46.65,2696,102.4,99.7
37.14,1802,0.419,54.71,46.68,2690,98.6,99.3
37.15,1807,0.406,54.7,46.64,2687,101.5,100
37.16,1802,0.39,54.76,46.43,2689,101,102.2
37.17,1818,0.372,54.77,46.21,2690,101.6,102.2
37.18,1793,0.366,54.75,46.77,2695,98.5,99.1
37.19,1794,0.353,54.77,46.42,2694,101.8,101.8
37.2,1794,0.347,54.75,46.32,2689,99.8,98.8
37.21,1808,0.335,54.79,46.13,2688,99.8,101.3
37.22,1803,0.331,54.76,46.47,2689,102.5,99.9
37.23,1796,0.317,54.76,46.42,2688,100.7,100.7
37.24,1806,0.315,54.78,46.48,2691,100.6,101.6
37.25,1801,0.312,54.81,46.06,2684,98,100.8
37.26,1802,0.298,54.74,46.32,2685,100,99.3
37.27,1809,0.299,54.77,46.33,2687,101,100.3
37.28,1794,0.3,54.77,46.15,2691,99.9,101.3
37.29,1804,0.3,54.75,46.72,2690,99.4,101.4
37.3,1798,0.302,54.76,46.05,2694,97.2,100.8
37.31,1795,0.298,54.76,46.35,2689,98.4,102.3
37.32,1799,0.303,54.79,46.69,2689,101.2,99.8
37.33,1802,0.305,54.8,46.5,2691,98.4,97.5
37.34,1794,0.309,54.75,46.09,2695,100.7,97.9
37.35,1804,0.315,54.76,47.02,2687,99.7,100
37.36,1793,0.319,54.74,46.63,2694,96.3,100.1
37.37,1797,0.326,54.74,46.56,2689,99.3,98.6
37.38,1810,0.331,54.74,46.48,2689,100.4,98.9
37.39,1808,0.34,54.77,46.63,2694,100.9,99.3
37.4,1803,0.346,54.78,46.66,2690,99.2,99.5
37.41,1809,0.35,54.76,46.74,2687,100.1,101.5
37.42,1802,0.358,54.75,46.53,2687,99.7,101
37.43,1803,0.37,54.73,46.64,2688,100.6,99
37.44,1809,0.379,54.75,46.12,2692,98.7,97.6
37.45,1794,0.385,54.72,46.35,2697,100.6,99.2
37.46,1787,0.392,54.81,46.49,2689,99.2,101
37.47,1811,0.396,54.76,46.81,2686,101,98.6
37.48,1807,0.41,54.73,46.24,2692,99.8,101.5
37.49,1800,0.415,54.79,46.13,2685,101.2,100.6
37.5,1807,0.419,54.74,46.26,2689,99.9,98.5
37.51,1799,0.432,54.76,46.19,2696,100.6,101.8
37.52,1803,0.432,54.71,46.22,2690,99.1,100
37.53,1801,0.434,54.78,46.43,2693,98.2,100.7
37.54,1791,0.441,54.75,46.59,2688,100.7,98.4
37.55,1795,0.45,54.72,46.73,2691,102.9,99
37.56,1796,0.452,54.7,46.48,2684,101.6,101.3
37.57,1800,0.464,54.77,46.45,2692,99,100.5
37.58,1801,0.463,54.75,46.41,2688,101.6,97.8
37.59,1800,0.473,54.72,46.56,2696,101.5,97.8
37.6,1800,0.474,54.72,45.91,2683,101.4,99
37.61,1804,0.472,54.78,46.3,2691,101.1,100.5
37.62,1810,0.478,54.74,46.13,2690,98.4,99.5
37.63,1805,0.482,54.7,46.28,2693,99.5,99.4
37.64,1799,0.478,54.73,46.36,2692,100.5,100.6
37.65,1801,0.487,54.76,46.28,2691,96.6,99.6
37.66,1800,0.482,54.73,46.47,2692,100,98.1
37.67,1807,0.48,54.74,46.35,2688,103.3,99.8
37.68,1795,0.478,54.72,46.39,2692,97.7,100.2
37.69,1791,0.475,54.68,46.19,2685,101.1,101.2
37.7,1798,0.473,54.71,46.58,2688,102.2,97.9
37.71,1800,0.477,54.76,46.06,2690,99.1,99
37.72,1795,0.474,54.73,46.38,2687,97.1,99.1
37.73,1796,0.469,54.72,46.05,2690,100.2,99.4
37.74,1797,0.471,54.77,46.47,2686,102.4,99.6
37.75,1801,0.459,54.74,46.55,2694,102.6,100.9
37.76,1796,0.457,54.73,46.41,2688,99.9,100.7
37.77,1808,0.464,54.82,46.19,2687,101.3,100.7
37.78,1804,0.453,54.75,45.87,2692,101.9,100.8
37.79,1807,0.449,54.67,46.21,2690,102.3,99.4
37.8,1796,0.445,54.74,46.68,2692,98.6,101
37.81,1800,0.443,54.74,46.56,2690,100,100.3
37.82,1793,0.441,54.73,46.52,2689,101.8,100.1
37.83,1805,0.431,54.74,46.7,2690,95.7,98.6
37.84,1787,0.428,54.73,46.12,2690,101.2,100.4
37.85,1784,0.421,54.76,46.34,2689,97.1,100.6
37.86,1801,0.42,54.73,46.43,2690,98.2,100.2
37.87,1802,0.422,54.75,46.3,2691,99.2,100.3
37.88,1794,0.412,54.74,46.8,2686,97.8,101
37.89,1818,0.411,54.74,46.59,2686,99.3,99.7
37.9,1796,0.409,54.75,45.84,2689,98.4,99.6
37.91,1788,0.405,54.7,46.2,2689,97.3,98.8
37.92,1800,0.408,54.71,46.28,2693,99,98.2
37.93,1803,0.4,54.76,46.52,2688,100.7,98.8
37.94,1802,0.4,54.75,46.82,2692,99.7,105.4
37.95,1795,0.397,54.77,46.14,2689,99,112.3
37.96,1799,0.394,54.77,46.58,2694,100.7,118.9
37.97,1806,0.396,54.77,46.29,2689,99.3,126.8
37.98,1795,0.39,54.75,46.21,2693,102.6,132.1
37.99,1791,0.392,54.74,46.38,2690,99.5,139.7
38,1800,0.39,54.78,46.15,2689,100.1,147.3
38.01,1796,0.392,54.72,46.55,2689,100.4,149.8
38.02,1809,0.387,54.74,46.1,2689,99.8,160.1
38.03,1801,0.395,54.72,46.71,2692,100.6,167.6
38.04,1809,0.391,54.74,46.62,2689,101.8,174.8
38.05,1796,0.392,54.76,46.99,2688,100.1,181.1
38.06,1796,0.392,54.76,45.57,2688,99.6,186.7
38.07,1797,0.395,54.75,43.57,2692,97,193.5
38.08,1817,0.395,54.75,41.29,2693,98.9,199.5
38.09,1804,0.392,54.75,39.58,2691,97.9,202.9
38.1,1797,0.388,54.73,37.6,2687,100.4,210.4
38.11,1800,0.386,54.71,36.08,2683,98.3,221.1
38.12,1790,0.386,54.64,34.71,2682,99.6,226.1
38.13,1808,0.376,54.67,33.43,2682,97.7,231.2
38.14,1802,0.373,54.65,32.28,2687,99.8,238.1
38.15,1809,0.375,54.61,32.07,2685,99.7,247.3
38.16,1797,0.363,54.6,31.65,2683,102.7,250.2
38.17,1805,0.357,54.47,31.12,2677,100,260.1
38.18,1802,0.348,54.46,31.66,2678,102.5,264.7
38.19,1801,0.335,54.43,30.58,2673,100.1,270.8
38.2,1796,0.326,54.37,31,2674,100.9,277.5
38.21,1801,0.326,54.29,30.5,2669,103,288.1
38.22,1801,0.315,54.26,30.7,2672,100.6,292.4
38.23,1793,0.306,54.19,30.04,2670,101.2,299.3
38.24,1796,0.3,54.16,29.79,2664,99.4,308.8
38.25,1795,0.288,54.02,29.66,2662,101.5,313.3
38.26,1791,0.281,53.96,29.81,2660,100.4,321.3
38.27,1802,0.271,53.88,29.51,2655,102.5,324.3
38.28,1797,0.262,53.81,29.69,2647,102.3,329.9
38.29,1793,0.25,53.73,29.4,2651,98.7,336.4
38.3,1798,0.249,53.57,28.89,2646,98.8,344
38.31,1806,0.242,53.53,28.63,2639,98.5,349.2
38.32,1811,0.231,53.41,28.7,2636,100.2,358.8
38.33,1808,0.22,53.3,28.55,2633,98.2,362.6
38.34,1798,0.212,53.2,28.44,2633,100.6,371.5
38.35,1800,0.208,53.06,28.19,2625,101.2,373.7
38.36,1800,0.202,52.94,28.26,2617,98.8,383.2
38.37,1807,0.198,52.83,28.06,2613,99.6,390.5
38.38,1792,0.194,52.66,27.75,2610,98.6,394.2
38.39,1801,0.192,52.6,27.73,2606,98.7,402.1
38.4,1803,0.184,52.41,27.49,2601,99.1,412.2
38.41,1803,0.187,52.31,27.25,2589,98.2,417.5
38.42,1804,0.175,52.12,27.09,2587,101.8,422
38.43,1804,0.18,51.92,26.53,2573,98,432
38.44,1801,0.172,51.85,26.64,2572,100,437.4
38.45,1795,0.167,51.65,26.64,2568,99.3,443.5
38.46,1799,0.166,51.49,26.26,2556,100.3,450.1
38.47,1804,0.167,51.35,26.4,2553,96.7,456.1
38.48,1817,0.168,51.15,25.97,2545,99.7,462.9
38.49,1805,0.169,50.99,25.93,2539,101.6,469.5
38.5,1802,0.167,50.83,26.14,2532,98,476
38.51,1793,0.174,50.63,25.69,2528,98.9,479.9
38.52,1807,0.168,50.45,25.85,2518,98.5,487.4
38.53,1809,0.171,50.22,25.76,2505,97.8,496.7
38.54,1801,0.175,50.07,25.06,2504,97.2,501.9
38.55,1801,0.172,49.84,24.89,2492,100.1,509.3
38.56,1807,0.172,49.67,24.23,2481,100,517.8
38.57,1803,0.173,49.44,23.57,2477,98.1,528.7
38.58,1809,0.179,49.22,22.57,2473,102.5,534.5
38.59,1803,0.172,48.99,21.82,2461,99.1,542.7
38.6,1807,0.179,48.81,21.17,2451,99.7,554.2
38.61,1798,0.179,48.54,20.57,2441,97.9,560.3
38.62,1806,0.174,48.29,20.12,2423,101.1,570.9
38.63,1803,0.174,48.02,19.29,2420,98.9,578.8
38.64,1803,0.165,47.8,18.51,2415,101.1,584.9
38.65,1797,0.168,47.57,18.26,2408,98.7,596.1
38.66,1800,0.169,47.33,17.93,2392,99.2,606.5
38.67,1804,0.16,47,18.21,2382,100.6,613.8
38.68,1814,0.16,46.7,22.5,2367,97.4,604.8
38.69,1803,0.156,46.45,29,2360,103.7,595.5
38.7,1795,0.167,46.22,35.67,2352,99.2,582.2
38.71,1801,0.166,45.99,41.27,2336,97.8,570.6
38.72,1793,0.176,45.7,46.17,2331,102.4,560.3
38.73,1801,0.175,45.45,50.09,2325,100.8,547.3
38.74,1794,0.198,45.24,53.16,2306,100,538.4
38.75,1801,0.206,44.94,55.31,2302,99,526.8
38.76,1797,0.22,44.79,57.64,2296,102.3,513.6
38.77,1805,0.236,44.57,58.59,2279,101.3,507.3
38.78,1791,0.247,44.28,59.85,2273,100.7,492.5
38.79,1805,0.268,44.11,60.7,2265,99.3,482.2
38.8,1797,0.289,43.91,61.17,2257,97.4,471.6
38.81,1801,0.314,43.71,61.4,2249,98.1,459.7
38.82,1800,0.332,43.53,62.05,2247,100.1,450.5
38.83,1790,0.351,43.38,62.36,2234,97,437
38.84,1794,0.378,43.2,62.53,2220,101.4,427.8
38.85,1811,0.394,42.99,63.07,2225,101.3,419.8
38.86,1799,0.418,42.83,62.87,2213,96.4,407.3
38.87,1799,0.437,42.69,63.5,2206,99.1,395.7
38.88,1794,0.465,42.63,63.71,2202,98.2,384.6
38.89,1801,0.479,42.45,63.31,2196,101,375
38.9,1807,0.501,42.32,63.42,2202,102.2,362.4
38.91,1795,0.514,42.18,63.78,2187,96.2,350.7
38.92,1802,0.536,42.07,63.58,2179,99.2,341.5
38.93,1803,0.549,41.99,64.27,2179,101.5,327.9
38.94,1805,0.567,41.81,64.3,2179,100.4,317.1
38.95,1799,0.576,41.81,64.31,2171,98.6,309.3
38.96,1800,0.597,41.69,64.54,2169,100.5,295.7
38.97,1801,0.605,41.61,64.56,2164,99.8,286.1
38.98,1802,0.615,41.48,64.96,2154,100.8,273.8
38.99,1804,0.617,41.47,64.78,2161,97.4,262.7
39,1800,0.627,41.45,65.24,2156,99.6,253.8
39.01,1801,0.626,41.32,65.89,2158,101.4,241.3
39.02,1811,0.636,41.34,65.24,2153,101,230.7
39.03,1791,0.636,41.27,65.97,2145,102.5,218.9
39.04,1798,0.632,41.24,65.79,2153,97.8,208.2
39.05,1808,0.633,41.27,65.92,2148,99.6,194
39.06,1795,0.634,41.21,66.43,2145,99.8,188
39.07,1799,0.631,41.16,64.01,2149,102.2,174.3
39.08,1805,0.616,41.2,61.19,2143,99.5,163.7
39.09,1798,0.614,41.19,57.42,2151,100.8,151.7
39.1,1797,0.604,41.22,54.38,2146,101.7,142.9
39.11,1802,0.589,41.2,51.32,2149,101.6,129.4
39.12,1804,0.575,41.18,49.44,2145,98.8,118.6
39.13,1801,0.556,41.19,47.42,2149,99.8,108.6
39.14,1796,0.536,41.17,45.96,2154,98.3,102.4
39.15,1789,0.522,41.14,45.23,2143,98.1,101.3
39.16,1806,0.49,41.19,44.34,2149,99,97.2
39.17,1797,0.467,41.1,43.53,2148,99.3,99.2
39.18,1810,0.445,41.2,43.69,2149,97.8,100
39.19,1800,0.412,41.19,42.77,2147,98.1,100.2
39.2,1806,0.394,41.17,43.12,2147,101.1,97.6
39.21,1804,0.365,41.19,42.53,2152,97.5,101.6
39.22,1805,0.338,41.15,42.77,2152,99.3,100.7
39.23,1808,0.317,41.21,42.74,2148,99.1,98.5
39.24,1794,0.292,41.19,42.83,2150,99.3,98.2
39.25,1803,0.256,41.19,42.34,2142,100.5,103.5
39.26,1805,0.238,41.16,42.28,2148,99.4,99
39.27,1802,0.216,41.18,42.15,2145,99.6,102.7
39.28,1809,0.191,41.24,42.77,2148,103.5,100.7
39.29,1798,0.172,41.19,42.55,2145,99,98.7
39.3,1800,0.15,41.14,42.28,2142,100.5,99.4
39.31,1807,0.127,41.23,42.45,2151,97.4,99.9
39.32,1801,0.111,41.15,42.31,2147,98.3,99.6
39.33,1799,0.091,41.18,42.36,2148,98.5,101.5
39.34,1812,0.082,41.25,42.43,2148,100.1,98.8
39.35,1791,0.071,41.19,42.7,2151,99.7,102.3
39.36,1802,0.054,41.18,42.33,2149,100.9,99.5
39.37,1806,0.042,41.18,42.59,2142,97.8,100.5
39.38,1803,0.035,41.18,41.92,2146,101.3,99.3
39.39,1806,0.028,41.17,42.57,2147,100.4,99.6
39.4,1807,0.023,41.23,42.33,2150,99.1,98.5
39.41,1806,0.018,41.16,42.4,2150,96.9,100.3
39.42,1811,0.017,41.15,42.28,2145,101.8,97.4
39.43,1796,0.021,41.2,42.34,2150,99.1,101.1
39.44,1809,0.023,41.18,42.67,2148,95.9,103.5
39.45,1802,0.025,41.25,42.64,2146,97.9,99.3
39.46,1805,0.032,41.21,42.09,2149,101.6,101.6
39.47,1797,0.032,41.17,42.51,2152,99.8,98.9
39.48,1807,0.04,41.2,42.37,2150,99.8,98.8
39.49,1794,0.047,41.19,42.69,2147,103.7,98.1
39.5,1807,0.057,41.19,42.21,2147,101.7,98.9
39.51,1803,0.066,41.18,42.58,2147,100.6,102.7
39.52,1801,0.081,41.19,42.5,2144,101.6,99.1
39.53,1794,0.092,41.2,42.06,2145,98.7,101.7
39.54,1806,0.106,41.17,42.26,2140,102,103.4
39.55,1802,0.12,41.17,42.41,2146,99.1,101.3
39.56,1802,0.125,41.18,42.65,2140,102.3,101.9
39.57,1804,0.145,41.22,42.28,2141,97.9,99.5
39.58,1797,0.152,41.15,42.21,2149,98.7,99.3
39.59,1802,0.164,41.17,42.52,2145,98.7,102.5
39.6,1802,0.184,41.16,41.9,2147,97.8,99.5
39.61,1799,0.194,41.23,42.28,2148,98.2,102
39.62,1808,0.207,41.22,42.28,2146,101.2,101.1
39.63,1797,0.215,41.2,42.15,2150,100.3,100.7
39.64,1792,0.234,41.15,42.02,2145,100.4,101.5
39.65,1794,0.24,41.15,42.32,2148,99.2,100.5
39.66,1809,0.249,41.22,42.21,2144,98.5,100
39.67,1794,0.254,41.22,42.34,2140,98.5,98.9
39.68,1796,0.266,41.16,41.95,2144,100.4,101.1
39.69,1792,0.273,41.15,42.61,2149,101.9,100.6
39.7,1799,0.282,41.16,42.65,2145,99.5,98
39.71,1801,0.288,41.17,42.23,2145,97.6,101.3
39.72,1806,0.297,41.16,42.56,2145,101.5,98.8
39.73,1807,0.298,41.16,42.8,2147,99.8,101
39.74,1796,0.304,41.16,42.61,2150,98.9,99.9
39.75,1803,0.31,41.19,42.13,2147,103.4,101.6
39.76,1798,0.314,41.16,42.2,2148,101.4,102
39.77,1808,0.315,41.16,42.04,2146,98.5,100.1
39.78,1805,0.318,41.25,42.48,2147,99,99.6
39.79,1801,0.315,41.19,42.62,2144,98.3,100.7
39.8,1795,0.313,41.19,42.49,2151,99.2,96.9
39.81,1804,0.313,41.18,42.5,2146,100.5,100.6
39.82,1803,0.311,41.21,42.77,2146,101.4,101.7
39.83,1802,0.311,41.2,42.13,2151,98.1,100.3
39.84,1802,0.305,41.16,42.17,2144,99.7,104.5
39.85,1793,0.3,41.21,42.38,2148,99.6,100.9
39.86,1797,0.302,41.18,42.24,2149,101.2,100.4
39.87,1789,0.29,41.19,42.22,2150,99.4,102.4
39.88,1804,0.284,41.2,41.98,2153,103,99.3
39.89,1794,0.282,41.22,42.29,2147,102.4,100.1
39.9,1801,0.276,41.16,42.35,2142,99.3,102
39.91,1805,0.268,41.18,42.36,2149,100.3,100.9
39.92,1806,0.265,41.21,41.97,2145,99.3,100.1
39.93,1812,0.256,41.21,42.41,2147,98.8,100.4
39.94,1805,0.251,41.2,42.36,2149,100.2,100.3
39.95,1797,0.248,41.16,42.26,2153,96.1,99.9
39.96,1799,0.236,41.18,42.37,2150,98.1,101.6
39.97,1812,0.234,41.19,42.22,2149,97.9,99.7
39.98,1800,0.226,41.17,41.94,2150,99.8,99.7
39.99,1813,0.216,41.15,42.11,2143,98.8,96.8
40,1805,0.21,41.19,42.04,2146,102.2,100.7
40.01,1803,0.212,41.16,42.46,2149,101.1,99.5
40.02,1806,0.201,41.18,42.25,2145,99.6,101.7
40.03,1803,0.201,41.21,42.11,2151,100.2,100.1
40.04,1797,0.197,41.17,42.99,2145,99.5,100.8
40.05,1803,0.194,41.21,42.51,2149,99.2,99.8
40.06,1801,0.185,41.12,42.71,2145,99.5,99.3
40.07,1802,0.183,41.18,42.93,2145,100.3,100
40.08,1797,0.182,41.2,42.4,2143,99.9,97.1
40.09,1797,0.178,41.17,41.99,2148,100.5,101.1
40.1,1803,0.173,41.21,42.23,2148,99.5,101.4
40.11,1797,0.176,41.16,43.12,2145,97.8,100.6
40.12,1808,0.173,41.26,42.31,2143,99.3,98
40.13,1801,0.174,41.2,42.17,2147,101.2,100.3
40.14,1807,0.162,41.19,42.37,2146,97.8,100.5
40.15,1800,0.168,41.18,41.73,2146,98.7,99.6
40.16,1794,0.171,41.21,42.32,2148,99.6,101.9
40.17,1792,0.169,41.14,42.33,2145,99.7,99
40.18,1799,0.171,41.18,42.29,2149,98.5,109.6
40.19,1810,0.171,41.18,42.11,2145,100.8,116.9
40.2,1799,0.173,41.21,42.65,2147,100.1,129.1
40.21,1788,0.176,41.18,42.32,2146,100.4,131.7
40.22,1797,0.176,41.18,42.32,2149,101.5,144.4
40.23,1797,0.176,41.21,42.54,2150,101.3,152.4
40.24,1803,0.183,41.16,42.58,2140,102.7,162.9
40.25,1799,0.189,41.19,42.22,2144,103.3,168.5
40.26,1796,0.184,41.21,42.14,2142,100,179.2
40.27,1799,0.19,41.21,41.11,2151,99.4,189.6
40.28,1793,0.193,41.19,38.14,2151,100.4,198.6
40.29,1799,0.197,41.18,35.3,2149,100.9,205.8
40.3,1797,0.197,41.19,32.61,2146,99,213.3
40.31,1791,0.194,41.13,30.16,2151,100.6,224.3
40.32,1794,0.191,41.15,27.58,2153,98.6,230
40.33,1788,0.189,41.16,26.3,2142,101.7,240.7
40.34,1801,0.183,41.07,24.63,2144,100.8,248.5
40.35,1807,0.182,40.99,24.24,2145,100.6,257.8
40.36,1804,0.176,41.02,23.89,2138,100.3,265.9
40.37,1798,0.159,40.93,22.66,2141,102.2,273.3
40.38,1807,0.16,40.91,22.29,2138,99.5,285.6
40.39,1801,0.151,40.83,21.92,2131,97.8,292.3
40.4,1804,0.145,40.79,21.44,2129,100.1,303.3
40.41,1797,0.128,40.67,21.14,2128,99.8,309.5
40.42,1785,0.121,40.6,20.78,2123,100.2,319
40.43,1806,0.105,40.53,20.7,2127,100.9,329.3
40.44,1801,0.099,40.4,20.76,2117,100.1,335.5
40.45,1807,0.088,40.37,20.26,2112,101.2,345.7
40.46,1805,0.078,40.22,20.15,2110,99.9,354.9
40.47,1795,0.065,40.15,19.42,2107,100.4,365.9
40.48,1807,0.049,40,19.82,2100,101.3,373.3
40.49,1786,0.041,39.91,19.58,2094,99,383
40.5,1799,0.027,39.79,19.39,2094,99.9,389.5
40.51,1790,0.019,39.68,19.37,2090,98.9,403.2
40.52,1799,0.011,39.59,19.31,2079,99.8,406.8
40.53,1796,-0.001,39.37,18.47,2073,100,416.5
40.54,1803,-0.005,39.3,18.5,2073,100.4,425.5
40.55,1804,-0.019,39.11,18.53,2065,102.3,436
40.56,1787,-0.026,38.93,17.83,2055,100.9,444
40.57,1797,-0.039,38.79,18.08,2051,98.4,452
40.58,1789,-0.043,38.62,17.76,2047,98,461
40.59,1805,-0.049,38.39,17.79,2041,101.8,468.6
40.6,1805,-0.06,38.21,17.26,2031,100.4,479.2
40.61,1799,-0.062,38.05,17.16,2020,99.3,485.9
40.62,1799,-0.07,37.91,17.31,2014,99.1,496.4
40.63,1799,-0.073,37.67,16.55,2007,99.9,504.5
40.64,1797,-0.077,37.48,16.55,2002,101.9,513.6
40.65,1803,-0.082,37.3,16.36,2000,103.8,525.1
40.66,1808,-0.09,37.03,15.96,1985,98,533
40.67,1798,-0.088,36.83,15.59,1973,99.6,540.1
40.68,1789,-0.086,36.65,15.94,1965,98.5,550.3
40.69,1802,-0.097,36.4,15.35,1956,101.4,557.8
40.7,1801,-0.093,36.19,15.18,1946,100.2,564.8
40.71,1796,-0.093,35.93,15.07,1933,98.6,573.6
40.72,1801,-0.088,35.6,14.67,1923,99.1,586
40.73,1805,-0.091,35.39,14.58,1911,99.7,592.6
40.74,1798,-0.095,35.14,14.36,1908,97.9,602.6
40.75,1798,-0.093,34.92,14.4,1897,99.9,611.5
40.76,1794,-0.089,34.62,18.94,1884,98.8,597.6
40.77,1789,-0.08,34.41,25.51,1872,101.1,587
40.78,1793,-0.083,34.16,31.95,1866,99.4,578.9
40.79,1802,-0.073,33.87,37.77,1854,101.3,565.7
40.8,1805,-0.059,33.61,42.69,1847,101.8,557.3
40.81,1797,-0.044,33.35,46.48,1836,99.9,542.6
40.82,1794,-0.029,33.11,49.2,1827,100.6,534.2
40.83,1805,-0.024,32.93,51.9,1813,99.6,522
40.84,1805,0.002,32.66,53.52,1812,100.2,510.7
40.85,1808,0.023,32.41,55.57,1798,96.6,503.9
40.86,1802,0.045,32.25,55.92,1787,100.4,486.5
40.87,1802,0.063,32.03,56.62,1786,97.1,478.3
40.88,1803,0.094,31.87,57.72,1767,100.2,466.2
40.89,1796,0.116,31.64,58.48,1763,101.2,455.1
40.9,1803,0.14,31.47,58.45,1761,99.5,446.4
40.91,1799,0.166,31.29,58.09,1748,100.3,433.1
40.92,1805,0.19,31.14,59.32,1743,98.6,424.2
40.93,1811,0.212,30.96,59.12,1738,99.3,411.7
40.94,1804,0.235,30.75,59.11,1733,97.8,401.5
40.95,1793,0.264,30.66,59.88,1727,97.6,389.9
40.96,1798,0.283,30.49,60.02,1715,100.8,378.9
40.97,1791,0.307,30.34,59.73,1712,101.3,369.8
40.98,1788,0.326,30.26,60.17,1709,101.8,358.2
40.99,1802,0.346,30.1,60.82,1701,100.3,344.5
41,1793,0.361,30.03,60.6,1704,98.8,335.5
41.01,1808,0.378,29.89,60.43,1697,101.4,326
41.02,1793,0.39,29.86,61.47,1691,101.4,310.2
41.03,1803,0.409,29.73,62.43,1693,101.1,296.4
41.04,1795,0.419,29.64,63.61,1682,99.7,280.1
41.05,1797,0.429,29.62,64.67,1677,99.8,268.1
41.06,1797,0.435,29.52,65.48,1678,101.8,257.1
41.07,1805,0.446,29.43,66.2,1680,98.3,245.5
41.08,1799,0.457,29.34,67.29,1673,96.9,228.6
41.09,1791,0.456,29.35,67.22,1677,96.6,215
41.1,1795,0.463,29.37,67.15,1671,100.6,201.4
41.11,1802,0.459,29.29,68.41,1670,98.4,186.6
41.12,1813,0.462,29.35,66.01,1664,101.4,171.9
41.13,1805,0.461,29.42,62.15,1672,100.3,158.7
41.14,1793,0.461,29.31,57.97,1674,99.4,147.6
41.15,1800,0.451,29.3,54.19,1670,99.5,132.4
41.16,1799,0.442,29.29,50.32,1674,100.4,115.4
41.17,1800,0.43,29.3,47.24,1673,100.4,102.3
41.18,1799,0.417,29.28,45.71,1673,99.6,99
41.19,1800,0.396,29.31,43.68,1669,99.6,99.4
41.2,1802,0.376,29.32,42.24,1670,99,101.5
41.21,1798,0.356,29.31,41.15,1672,96.4,99.7
41.22,1797,0.339,29.28,40.55,1675,99.6,101
41.23,1781,0.312,29.28,39.75,1664,97.3,100
41.24,1800,0.289,29.27,39.53,1670,100.4,98.9
41.25,1811,0.258,29.31,39.79,1664,99.5,98.9
41.26,1807,0.233,29.3,39.64,1672,100.3,100.9
41.27,1804,0.205,29.27,39.56,1675,102.4,100.7
41.28,1803,0.177,29.26,38.65,1666,99.2,100.2
41.29,1810,0.153,29.29,39.31,1672,100.9,101.4
41.3,1807,0.125,29.26,38.76,1673,98.2,99.2
41.31,1810,0.101,29.3,39.09,1676,102.7,102.2
41.32,1807,0.074,29.23,38.89,1674,99.7,99.7
41.33,1807,0.042,29.31,38.89,1674,101.5,100.2
41.34,1802,0.025,29.3,38.85,1672,99.9,98.1
41.35,1808,0.002,29.28,38.85,1668,100.1,99.5
41.36,1799,-0.025,29.31,38.92,1669,99.6,99.2
41.37,1801,-0.042,29.3,38.82,1673,100.6,102.7
41.38,1802,-0.069,29.3,38.7,1672,97.3,101
41.39,1785,-0.084,29.28,38.96,1673,101.2,100
41.4,1808,-0.098,29.24,38.88,1676,101,102
41.41,1797,-0.114,29.24,38.54,1671,100.5,101.1
41.42,1795,-0.12,29.28,39.1,1665,99.3,100.1
41.43,1798,-0.135,29.28,38.59,1674,100.6,103
41.44,1796,-0.148,29.32,38.73,1676,98.5,100.4
41.45,1799,-0.155,29.28,38.91,1674,96.8,98.8
41.46,1802,-0.159,29.29,38.71,1668,98.9,101.6
41.47,1807,-0.159,29.32,38.65,1680,100.5,98.8
41.48,1795,-0.162,29.28,38.44,1672,99.7,103.2
41.49,1801,-0.165,29.31,38.65,1667,100.6,100.1
41.5,1798,-0.161,29.31,39.12,1674,100.9,100.5
41.51,1810,-0.159,29.27,39.13,1674,101.5,98.7
41.52,1802,-0.157,29.31,38.88,1676,100.1,97.7
41.53,1796,-0.154,29.3,39.19,1674,101.7,101.9
41.54,1816,-0.147,29.29,38.82,1674,100.3,98.5
41.55,1798,-0.137,29.28,38.95,1669,101.8,97.2
41.56,1797,-0.124,29.29,38.49,1666,100.9,97.4
41.57,1792,-0.115,29.32,38.62,1677,101.5,98.6
41.58,1803,-0.107,29.27,38.74,1674,100,99.3
41.59,1805,-0.098,29.24,38.57,1674,101.5,98.3
41.6,1793,-0.085,29.27,39.27,1672,99.7,100
41.61,1801,-0.073,29.28,39.01,1667,97.5,98.6
41.62,1810,-0.058,29.24,38.88,1667,99.2,98.6
41.63,1807,-0.048,29.25,38.87,1670,99.3,100.4
41.64,1798,-0.038,29.29,38.87,1673,101.1,99.1
41.65,1801,-0.019,29.31,39.25,1675,101.2,100.6
41.66,1800,-0.005,29.28,38.93,1671,100.2,101.9
41.67,1803,0.004,29.27,38.58,1671,100.8,98.6
41.68,1808,0.022,29.3,38.95,1671,97.7,101.4
41.69,1797,0.034,29.29,38.54,1669,102.2,102.1
41.7,1789,0.051,29.28,39.22,1673,100,99
41.71,1799,0.052,29.28,38.73,1670,101.4,101.6
41.72,1801,0.067,29.26,38.78,1671,99.3,98.5
41.73,1800,0.075,29.28,38.85,1673,99.4,97.2
41.74,1795,0.087,29.29,38.64,1671,97.7,102.8
41.75,1792,0.095,29.3,39.13,1671,99.8,101.2
41.76,1793,0.103,29.31,38.58,1673,100.3,102.8
41.77,1803,0.113,29.26,38.61,1674,103.1,100.4
41.78,1798,0.115,29.3,38.9,1671,101.3,99.3
41.79,1799,0.122,29.29,38.28,1673,99.6,102.2
41.8,1805,0.127,29.29,38.83,1677,98.5,100.1
41.81,1797,0.139,29.3,38.93,1671,97.9,97.9
41.82,1804,0.135,29.27,38.51,1669,98.2,97.2
41.83,1784,0.14,29.29,38.7,1670,99.4,96.1
41.84,1802,0.142,29.29,38.86,1670,100,102.3
41.85,1791,0.138,29.25,38.66,1668,99.4,99.2
41.86,1805,0.141,29.22,38.95,1673,99.1,106
41.87,1812,0.138,29.28,38.54,1673,99.2,99.8
41.88,1806,0.135,29.27,38.81,1669,101.1,101.3
41.89,1806,0.137,29.28,39,1671,101,101.2
41.9,1800,0.128,29.27,38.64,1669,100.9,102.3
41.91,1803,0.128,29.26,38.96,1670,99.5,102.3
41.92,1792,0.121,29.26,38.75,1664,101.9,97.7
41.93,1805,0.118,29.26,38.64,1667,100.7,101
41.94,1787,0.112,29.26,39.2,1671,100.4,98.3
41.95,1797,0.108,29.27,38.61,1669,100.8,102
41.96,1801,0.096,29.34,38.75,1667,98.8,102.9
41.97,1792,0.09,29.31,38.75,1669,99.2,100.7
41.98,1801,0.096,29.29,38.69,1671,104,100.6
41.99,1791,0.082,29.26,39.04,1670,97.9,100.5
42,1807,0.079,29.33,38.79,1673,98.7,101.2
42.01,1798,0.07,29.27,38.53,1672,101.7,101
42.02,1793,0.065,29.27,39.27,1672,99.9,101.1
42.03,1797,0.057,29.23,38.98,1671,99.6,100.5
42.04,1810,0.047,29.34,38.72,1674,97.2,99
42.05,1797,0.04,29.28,38.54,1672,100,101.9
42.06,1790,0.037,29.24,38.87,1668,100.5,101.8
42.07,1791,0.037,29.29,38.62,1667,97.8,101.2
42.08,1795,0.03,29.27,38.65,1675,99.1,101
42.09,1792,0.024,29.29,38.34,1675,99.4,99.8
42.1,1805,0.016,29.3,38.81,1672,100.2,100.5
42.11,1800,0.011,29.3,38.68,1672,99.3,96.4
42.12,1797,0.012,29.29,38.88,1674,100.1,96.7
42.13,1807,0.004,29.28,38.28,1670,98.3,101.6
42.14,1810,0.001,29.32,39.12,1672,98.7,98.5
42.15,1796,-0.001,29.33,39.02,1673,101.4,102.9
42.16,1804,-0.007,29.29,39.07,1671,100.1,98.2
42.17,1798,-0.006,29.28,38.96,1670,99.4,98.6
42.18,1800,-0.011,29.29,39.07,1675,99.1,98
42.19,1800,-0.006,29.28,39.21,1670,98.3,101
42.2,1809,-0.013,29.25,38.69,1671,100.6,100.7
42.21,1798,-0.011,29.32,38.76,1677,101.6,97.7
42.22,1800,-0.012,29.28,38.34,1674,99.8,98.4
42.23,1802,-0.013,29.31,38.52,1671,102.9,98.5
42.24,1795,-0.008,29.25,38.86,1672,99.5,101.2
42.25,1791,-0.004,29.25,38.5,1676,101.9,97.4
42.26,1794,-0.009,29.27,38.77,1673,98.3,108.1
42.27,1806,-0.003,29.25,38.64,1676,101.6,113.8
42.28,1798,-0.004,29.29,38.86,1675,101.3,124.9
42.29,1804,-0.002,29.24,38.82,1673,100.9,128.7
42.3,1794,-0.001,29.25,38.96,1672,100.4,137.5
42.31,1799,0.002,29.29,38.57,1672,100.7,146.3
42.32,1800,0.005,29.28,39.08,1671,99.8,154
42.33,1792,0.007,29.3,39.21,1665,98.8,163
42.34,1798,0.01,29.22,39.03,1672,103,169.9
42.35,1808,0.015,29.28,38.44,1670,98.2,179
42.36,1802,0.025,29.27,37.96,1668,97.3,184.3
42.37,1798,0.02,29.31,35.81,1669,98.5,194.1
42.38,1799,0.024,29.23,33.05,1663,98.5,201.2
42.39,1797,0.023,29.27,31.1,1670,100,212
42.4,1792,0.023,29.25,28.95,1678,101.8,215.7
42.41,1789,0.029,29.22,27.22,1669,99.8,222.7
42.42,1790,0.023,29.23,25.16,1671,101.8,230.4
42.43,1804,0.022,29.13,24.19,1670,101,238.5
42.44,1792,0.013,29.15,22.81,1666,100.5,246.9
42.45,1796,0.018,29.12,22.24,1662,100.1,255.5
42.46,1801,0.012,29.09,21.47,1669,99.2,262.3
42.47,1808,0.011,29.06,21.46,1664,99.1,271.6
42.48,1796,0.001,28.99,21.1,1655,100.1,276.7
42.49,1803,-0.009,28.96,20.23,1656,99,285.4
42.5,1804,-0.022,28.85,20.5,1654,100.7,290.9
42.51,1804,-0.028,28.8,20.02,1647,98.4,300.8
42.52,1798,-0.039,28.77,20,1650,99.9,307.1
42.53,1801,-0.046,28.65,19.49,1651,100.4,315.3
42.54,1804,-0.054,28.65,19.78,1641,102.6,324.9
42.55,1801,-0.062,28.52,19.62,1641,101,332.3
42.56,1786,-0.068,28.37,19.11,1633,102.7,339.5
42.57,1804,-0.082,28.35,18.93,1638,100.3,346.8
42.58,1802,-0.091,28.16,18.99,1627,99.9,354.7
42.59,1804,-0.096,28.08,18.81,1625,100.5,364.1
42.6,1792,-0.103,27.96,18.57,1615,102.6,369.1
42.61,1798,-0.116,27.87,18.71,1612,100.9,374.5
42.62,1799,-0.12,27.76,17.63,1609,103.1,383.6
42.63,1801,-0.133,27.57,18.51,1600,102.1,394
42.64,1795,-0.138,27.46,17.51,1597,99.8,399
42.65,1805,-0.147,27.35,17.75,1599,99.2,407.2
42.66,1801,-0.152,27.24,17.49,1587,98.9,415.2
42.67,1799,-0.159,27.05,17.43,1580,100.2,424.3
42.68,1794,-0.169,26.94,17.14,1569,99,432.9
42.69,1807,-0.175,26.73,16.95,1567,98.7,440
42.7,1809,-0.179,26.65,17.11,1563,98.6,448.3
42.71,1799,-0.186,26.47,16.41,1562,99.6,455.9
42.72,1800,-0.192,26.3,16.57,1551,99,463
42.73,1807,-0.192,26.14,16.29,1545,98.6,472.5
42.74,1803,-0.199,25.88,15.48,1529,99.9,478.3
42.75,1810,-0.201,25.72,15.34,1531,99.5,488.1
42.76,1801,-0.204,25.52,15.31,1523,99.3,492
42.77,1801,-0.204,25.32,15.69,1513,101.4,499.4
42.78,1798,-0.211,25.12,15.04,1502,100,509.4
42.79,1798,-0.204,24.95,15.11,1495,98.8,515.9
42.8,1807,-0.209,24.77,15.5,1493,99.3,524.8
42.81,1807,-0.214,24.54,14.76,1484,99.1,530.2
42.82,1803,-0.207,24.28,14.51,1472,100,539.5
42.83,1800,-0.209,24.08,14,1470,97.7,547.3
42.84,1793,-0.217,23.9,14.27,1451,99.3,552.5
42.85,1792,-0.205,23.6,14.12,1446,99.9,562.7
42.86,1799,-0.214,23.34,13.53,1437,100.6,568.4
42.87,1800,-0.211,23.18,13.43,1423,100.8,580.7
42.88,1800,-0.208,22.93,13.68,1417,101.7,585.3
42.89,1800,-0.207,22.65,13.35,1402,99.5,592.9
42.9,1801,-0.206,22.36,12.91,1388,100.1,604.2
42.91,1802,-0.207,22.15,12.76,1382,101.4,609.4
42.92,1796,-0.212,21.83,12.48,1376,101.1,615.1
42.93,1784,-0.2,21.56,12.67,1368,101.6,622.4
42.94,1805,-0.204,21.26,12.24,1357,97.6,631
42.95,1810,-0.207,21.01,11.64,1340,99.7,639.7
42.96,1808,-0.204,20.71,17.26,1327,99.7,626.6
42.97,1801,-0.202,20.47,23.79,1318,102.5,610.6
42.98,1798,-0.192,20.18,31.26,1307,100.4,599.3
42.99,1791,-0.188,19.94,37.47,1297,97,584.2
43,1799,-0.178,19.61,42.85,1293,98.5,570.3
43.01,1801,-0.17,19.43,46.95,1280,99,555.8
43.02,1805,-0.158,19.16,50.56,1268,100.5,544.6
43.03,1805,-0.15,18.91,53.2,1258,99.8,530.4
43.04,1813,-0.132,18.63,55.35,1249,102.3,514.7
43.05,1799,-0.117,18.43,56.37,1236,101.9,503.6
43.06,1804,-0.1,18.22,57.59,1224,99.4,486.4
43.07,1804,-0.081,18.02,58.37,1220,100.1,476.1
43.08,1812,-0.063,17.86,59.25,1215,99,460.8
43.09,1798,-0.045,17.64,59.99,1209,97.2,447.5
43.1,1795,-0.026,17.49,59.98,1197,100.3,431.6
43.11,1797,-0.01,17.32,61.04,1193,100.4,419.4
43.12,1797,0.018,17.18,61.3,1190,100.8,406.5
43.13,1799,0.027,16.98,61.27,1181,101.1,391.1
43.14,1810,0.051,16.85,60.98,1177,101.7,374.7
43.15,1803,0.072,16.71,61.65,1166,100.4,364
43.16,1796,0.08,16.64,62.4,1160,102.5,350.6
43.17,1800,0.1,16.46,62.42,1164,98.7,336.3
43.18,1799,0.12,16.35,63,1156,98.5,324.8
43.19,1808,0.133,16.29,62.12,1145,102.5,309.3
43.2,1796,0.143,16.17,63.4,1145,96.9,294.8
43.21,1804,0.154,16.11,63.55,1145,99.7,281.7
43.22,1794,0.167,16.02,63.49,1138,101,266.4
43.23,1800,0.175,15.97,63.4,1135,100.8,252.5
43.24,1809,0.188,15.91,63.81,1139,100.5,240.2
43.25,1802,0.202,15.86,63.89,1131,100,226.5
43.26,1803,0.204,15.79,64.18,1133,102.2,212.4
43.27,1796,0.204,15.81,64.65,1127,101.3,201.9
43.28,1808,0.21,15.76,64.66,1132,100.3,184.4
43.29,1808,0.216,15.71,62.1,1127,99.9,173.5
43.3,1801,0.205,15.78,58.16,1126,99.5,159.3
43.31,1800,0.21,15.76,53.2,1131,100.3,141.6
43.32,1802,0.199,15.76,49.14,1127,98.9,128.1
43.33,1801,0.196,15.72,46.05,1130,99.5,116.2
43.34,1799,0.188,15.76,42.85,1131,100.1,102.2
43.35,1807,0.176,15.73,41.07,1130,98.3,98.4
43.36,1804,0.163,15.71,39.18,1133,101,100.8
43.37,1799,0.148,15.73,38.39,1131,99.6,100.2
43.38,1794,0.122,15.69,37.18,1128,99,100.3
43.39,1809,0.105,15.72,36.06,1130,100.1,98.2
43.4,1796,0.087,15.72,36.25,1129,98.9,100.7
43.41,1811,0.068,15.78,35.39,1126,99.6,99.2
43.42,1798,0.042,15.68,35.54,1132,102.4,98.6
43.43,1805,0.019,15.75,35.06,1130,99.9,100.9
43.44,1807,-0.007,15.73,34.83,1130,97.3,97.4
43.45,1797,-0.033,15.76,34.91,1129,100.5,97.7
43.46,1794,-0.055,15.65,34.87,1124,101.4,100.1
43.47,1794,-0.079,15.72,34.78,1129,99.3,99.6
43.48,1806,-0.103,15.75,34.45,1130,100.2,99.2
43.49,1795,-0.126,15.7,34.8,1129,98.8,101.4
43.5,1807,-0.151,15.75,34.91,1131,99,100.3
43.51,1799,-0.17,15.69,34.8,1131,100.2,100.6
43.52,1801,-0.195,15.75,34.63,1133,96.7,98.8
43.53,1806,-0.211,15.74,34.72,1129,99,99
43.54,1802,-0.23,15.72,34.72,1133,101.7,101.7
43.55,1795,-0.247,15.77,34.64,1128,100.5,103.4
43.56,1806,-0.269,15.76,34.86,1126,100.4,102
43.57,1799,-0.284,15.71,34.76,1128,98.3,98.8
43.58,1803,-0.291,15.78,34.74,1135,98.8,98.1
43.59,1800,-0.311,15.77,34.76,1130,99.1,99.3
43.6,1802,-0.316,15.8,34.57,1129,103.9,99.9
43.61,1797,-0.326,15.76,34.88,1130,97.8,99.3
43.62,1801,-0.336,15.68,34.98,1128,100.4,101.9
43.63,1802,-0.334,15.76,34.63,1134,99.7,97.5
43.64,1808,-0.343,15.75,34.8,1136,100.2,100
43.65,1797,-0.346,15.75,34.75,1128,99,100.1
43.66,1799,-0.347,15.68,34.6,1133,99.3,98
43.67,1802,-0.348,15.66,34.85,1132,99.8,98.6
43.68,1800,-0.344,15.74,34.48,1130,98.2,101.7
43.69,1805,-0.334,15.71,34.57,1125,98.8,103.7
43.7,1802,-0.339,15.74,34.6,1131,102.4,100.1
43.71,1802,-0.332,15.72,34.76,1130,100.4,102.1
43.72,1799,-0.326,15.76,34.64,1130,100.4,96.9
43.73,1791,-0.318,15.72,34.38,1125,100.9,96.8
43.74,1794,-0.316,15.69,34.28,1126,102.2,98.6
43.75,1799,-0.3,15.74,34.67,1131,96.9,100.3
43.76,1798,-0.287,15.71,34.85,1127,99.2,97.6
43.77,1804,-0.275,15.72,34.88,1126,99,101.2
43.78,1811,-0.269,15.74,34.62,1129,98.3,100.4
43.79,1798,-0.253,15.75,34.25,1132,101.1,97.4
43.8,1806,-0.245,15.77,34.25,1132,99.8,99.9
43.81,1808,-0.23,15.72,34.97,1127,98.6,100.8
43.82,1800,-0.218,15.73,34.42,1127,104,99.4
43.83,1792,-0.208,15.69,34.57,1127,97.8,101.2
43.84,1805,-0.199,15.71,34.52,1130,100.3,97.7
43.85,1797,-0.188,15.75,34.65,1132,101,100.2
43.86,1806,-0.179,15.72,34.81,1134,100,99.2
43.87,1798,-0.16,15.74,34.78,1129,99.5,98.7
43.88,1804,-0.154,15.67,34.84,1134,97.4,99.7
43.89,1809,-0.143,15.7,34.49,1130,101,103.2
43.9,1795,-0.128,15.76,34.57,1130,100.7,101.3
43.91,1809,-0.12,15.82,34.97,1123,100.5,102
43.92,1798,-0.122,15.74,35.23,1131,99.3,97.7
43.93,1808,-0.107,15.69,34.78,1125,100.9,100
43.94,1806,-0.103,15.69,35.02,1126,98.6,100.2
43.95,1791,-0.096,15.7,34.88,1126,100.7,101.6
43.96,1805,-0.087,15.76,34.81,1127,102,101.2
43.97,1792,-0.08,15.71,34.5,1128,102.6,100.8
43.98,1795,-0.08,15.72,34.55,1131,100.5,103.3
43.99,1799,-0.084,15.74,34.74,1131,99.4,99.3
44,1793,-0.078,15.74,34.86,1129,100.1,102.9
44.01,1806,-0.072,15.7,34.58,1128,98.7,100.4
44.02,1793,-0.078,15.79,34.83,1125,100.9,100.6
44.03,1791,-0.075,15.75,34.87,1133,100.6,101.1
44.04,1799,-0.078,15.71,34.64,1129,100.5,99.4
44.05,1807,-0.073,15.7,34.51,1128,99.3,98.6
44.06,1791,-0.075,15.77,34.79,1126,100.4,101.2
44.07,1803,-0.078,15.75,34.75,1130,102.5,100.7
44.08,1792,-0.079,15.69,35.17,1132,98.5,96.7
44.09,1802,-0.09,15.7,34.64,1129,99.2,99.7
44.1,1793,-0.095,15.74,35.29,1126,100.9,99.3
44.11,1801,-0.103,15.75,34.97,1130,100.9,99.3
44.12,1799,-0.105,15.7,34.57,1121,97.1,99.2
44.13,1801,-0.104,15.72,34.61,1133,99.2,98.7
44.14,1800,-0.109,15.75,34.5,1132,99.1,100
44.15,1808,-0.117,15.76,34.16,1129,101.1,101.8
44.16,1803,-0.122,15.69,34.97,1129,100.7,97.8
44.17,1793,-0.132,15.79,34.79,1128,98.4,99
44.18,1794,-0.135,15.76,34.21,1129,99.9,101.1
44.19,1798,-0.138,15.7,34.63,1124,99.1,102.7
44.2,1803,-0.144,15.73,34.67,1128,101.5,99.8
44.21,1799,-0.154,15.72,34.52,1128,98.6,97.5
44.22,1797,-0.162,15.66,35.1,1127,100.4,99.5
44.23,1801,-0.164,15.73,34.57,1127,100.3,102.7
44.24,1801,-0.168,15.74,34.47,1130,98.5,101.2
44.25,1786,-0.166,15.72,35,1129,99.7,100.4
44.26,1801,-0.179,15.73,34.89,1133,100.9,103.9
44.27,1807,-0.186,15.68,34.84,1132,102,100.5
44.28,1808,-0.185,15.69,35.06,1133,100.2,100.7
44.29,1790,-0.192,15.67,34.64,1128,99.2,101.4
44.3,1790,-0.191,15.75,34.91,1124,99.8,100.2
44.31,1806,-0.197,15.67,34.46,1131,101,98
44.32,1798,-0.201,15.75,34.91,1132,100.6,100
44.33,1787,-0.206,15.75,34.47,1127,97.6,100.4
44.34,1800,-0.201,15.76,34.52,1123,98.4,99.3
44.35,1798,-0.204,15.78,34.84,1130,99.9,101
44.36,1806,-0.2,15.78,34.63,1129,100.9,99.1
44.37,1798,-0.209,15.8,34.86,1131,100.2,99.4
44.38,1803,-0.208,15.7,34.78,1126,99.7,99.5
44.39,1802,-0.208,15.76,34.38,1129,101.5,99.2
44.4,1802,-0.207,15.71,34.26,1133,98.6,100.6
44.41,1795,-0.21,15.69,34.43,1129,100.5,96.8
44.42,1803,-0.204,15.75,34.96,1124,99.5,97.4
44.43,1794,-0.205,15.8,34.64,1123,101.7,98.3
44.44,1803,-0.205,15.76,35,1132,101.5,102.4
44.45,1791,-0.2,15.72,34.56,1130,99.2,99.7
44.46,1799,-0.2,15.69,34.83,1130,100.6,100.8
44.47,1802,-0.199,15.73,34.4,1130,98.2,100.3
44.48,1797,-0.193,15.78,34.23,1135,99.9,99.2
44.49,1789,-0.192,15.74,34.33,1131,103.2,99.9
44.5,1795,-0.193,15.75,35.19,1131,100.8,97.6
44.51,1794,-0.188,15.76,34.53,1128,101.1,100.2
44.52,1806,-0.184,15.71,34.71,1133,101.9,100
44.53,1800,-0.184,15.77,34.55,1130,102,104.6
44.54,1798,-0.179,15.74,35.01,1127,98.7,98.3
44.55,1796,-0.18,15.75,34.86,1126,99.1,101
44.56,1798,-0.17,15.78,35.08,1130,98.8,100.4
44.57,1788,-0.168,15.81,34.91,1133,97.2,99.1
44.58,1792,-0.174,15.73,34.93,1131,100,101.6
44.59,1804,-0.164,15.75,35.14,1132,98.9,98.2
44.6,1796,-0.161,15.72,34.93,1134,100.7,98.2
44.61,1795,-0.165,15.73,34.86,1127,101.9,97.9
44.62,1797,-0.16,15.75,34.82,1126,101.8,101.9
44.63,1800,-0.15,15.73,34.48,1130,99.8,98.2
44.64,1799,-0.156,15.7,34.68,1130,98.8,100.2
44.65,1798,-0.152,15.7,34.65,1128,97.7,98.8
44.66,1803,-0.144,15.73,34.44,1128,99,98.2
44.67,1802,-0.147,15.69,34.96,1127,98.7,100.2
44.68,1806,-0.149,15.74,34.93,1135,100.3,98.7
44.69,1789,-0.147,15.76,34.81,1134,100.7,100
44.7,1809,-0.144,15.71,34.41,1130,98,101.4
44.71,1810,-0.138,15.73,34.75,1132,99.6,101.2
44.72,1801,-0.144,15.74,34.82,1132,100.7,100.7
44.73,1805,-0.144,15.83,34.81,1128,101.3,99.9
44.74,1802,-0.139,15.73,34.91,1127,99.4,99.2
44.75,1806,-0.148,15.75,34.44,1132,98.6,101.6
44.76,1801,-0.143,15.74,34.73,1128,100.1,101.8
44.77,1794,-0.143,15.73,34.52,1131,97.6,102.6
44.78,1797,-0.146,15.78,35.04,1126,100,100.3
44.79,1809,-0.143,15.73,34.7,1130,98.7,99
44.8,1796,-0.147,15.71,34.62,1124,99.1,99
44.81,1794,-0.147,15.74,34.76,1122,100,99.3
44.82,1815,-0.148,15.77,34.71,1127,99.1,98.5
44.83,1803,-0.147,15.73,34.49,1129,97.3,98.1
44.84,1797,-0.15,15.73,34.93,1128,99.9,101
44.85,1790,-0.149,15.71,34.66,1132,99.5,97.5
44.86,1804,-0.152,15.73,34.35,1132,99.5,104.2
44.87,1788,-0.159,15.76,34.36,1134,100,99.2
44.88,1805,-0.152,15.8,35.16,1128,98.4,97.2
44.89,1790,-0.151,15.74,34.69,1125,100.3,98.6
44.9,1802,-0.157,15.74,34.74,1127,98.6,102.7
44.91,1801,-0.16,15.76,35.14,1135,99,99.8
44.92,1803,-0.157,15.72,34.55,1127,101.3,99.8
44.93,1807,-0.162,15.76,34.55,1133,98,101.4
44.94,1802,-0.16,15.72,34.54,1127,102.1,99.5
44.95,1803,-0.16,15.75,34.64,1134,101.4,99.4
44.96,1807,-0.165,15.75,34.53,1132,100,110.4
44.97,1794,-0.16,15.75,34.65,1127,101.1,115.9
44.98,1797,-0.168,15.79,34.68,1126,100.8,123.6
44.99,1788,-0.17,15.73,34.46,1122,100.6,129.8
45,1795,-0.169,15.72,34.89,1127,100.7,140.6
45.01,1800,-0.168,15.7,34.3,1132,99.9,145.4
45.02,1799,-0.173,15.75,34.97,1131,99.9,155.2
45.03,1797,-0.173,15.7,35,1133,99.7,162
45.04,1806,-0.172,15.75,34.81,1133,101.8,170
45.05,1794,-0.173,15.83,34.49,1132,101.9,176.4
45.06,1803,-0.18,15.72,33.97,1127,99.7,183.9
45.07,1789,-0.174,15.74,31.8,1133,102.5,193.2
45.08,1807,-0.176,15.74,29.55,1130,100.9,200.7
45.09,1803,-0.179,15.76,26.81,1132,99.7,207.6
45.1,1804,-0.189,15.67,25.19,1125,99.6,215.6
45.11,1804,-0.189,15.7,22.48,1125,101.7,225.2
45.12,1804,-0.188,15.67,21.05,1126,100.2,231.6
45.13,1814,-0.185,15.67,20.02,1122,98.2,238.3
45.14,1799,-0.195,15.63,19.35,1124,98.6,247
45.15,1802,-0.202,15.6,18.49,1121,100.7,251.5
45.16,1800,-0.209,15.54,17.64,1125,99.6,260.4
45.17,1797,-0.214,15.52,17.04,1116,101.5,269.8
45.18,1796,-0.22,15.4,16.8,1111,100.6,276
45.19,1813,-0.234,15.34,16.18,1105,99.9,281.7
45.2,1804,-0.235,15.3,16.15,1114,101.6,293
45.21,1793,-0.248,15.24,15.94,1105,100.8,299.9
45.22,1792,-0.247,15.17,16.43,1113,101.9,308.4
45.23,1801,-0.258,15.12,15.84,1105,98.4,316.9
45.24,1793,-0.27,14.98,15.47,1098,98.2,319.9
45.25,1803,-0.268,15,15.72,1099,97.9,328.8
45.26,1794,-0.281,14.81,14.81,1093,103,338.3
45.27,1810,-0.291,14.76,15.4,1088,100.9,348
45.28,1795,-0.293,14.65,14.46,1084,99.4,355.3
45.29,1808,-0.305,14.56,14.41,1079,102,362.1
45.3,1803,-0.312,14.45,14.02,1077,101,368.8
45.31,1799,-0.312,14.34,14.03,1071,103.3,376.3
45.32,1796,-0.317,14.2,14.29,1068,100.8,388
45.33,1798,-0.33,14.1,13.17,1058,99.8,392.8
45.34,1789,-0.329,13.94,13.43,1055,98.3,402.2
45.35,1795,-0.336,13.84,13.84,1046,98.1,404.7
45.36,1785,-0.345,13.69,13.21,1042,100.6,415.8
45.37,1801,-0.347,13.48,13.76,1043,99.4,422.1
45.38,1797,-0.348,13.39,13.36,1032,101.8,430.5
45.39,1790,-0.354,13.26,12.89,1033,99,437.9
45.4,1789,-0.361,13.04,12.74,1021,98.9,445.1
45.41,1794,-0.358,12.87,12.36,1012,101.3,452.5
45.42,1806,-0.36,12.71,12.13,1004,98.9,464.3
45.43,1795,-0.37,12.58,12.43,1002,98.6,470.1
45.44,1801,-0.366,12.39,11.78,998,101,477
45.45,1796,-0.37,12.14,11.98,989,102.4,485.4
45.46,1791,-0.374,11.99,11.66,976,101,490.6
45.47,1796,-0.374,11.79,11.8,968,101.9,498.9
45.48,1796,-0.369,11.61,11.17,966,101,508.7
45.49,1804,-0.376,11.41,11.19,956,102,517.4
45.5,1799,-0.379,11.14,10.94,949,102.5,523.4
45.51,1811,-0.374,11,10.76,940,99.8,533.2
45.52,1789,-0.376,10.71,10.04,927,104.2,538.2
45.53,1807,-0.371,10.54,10.5,922,98.6,547.8
45.54,1803,-0.378,10.33,10.8,910,99.4,555.7
45.55,1807,-0.374,10.04,15.05,908,99.2,542.2
45.56,1788,-0.372,9.83,22.43,895,102.5,528.7
45.57,1797,-0.364,9.68,29.2,883,102,513.7
45.58,1796,-0.356,9.35,35.69,878,96.9,500.1
45.59,1803,-0.351,9.22,40.92,862,97.5,486
45.6,1799,-0.343,8.99,45.94,856,100.7,471.8
45.61,1804,-0.33,8.8,48.76,854,98.3,459
45.62,1799,-0.318,8.62,51.4,840,99.7,441.6
45.63,1810,-0.307,8.48,53.45,834,99.6,430.4
45.64,1803,-0.291,8.28,55.21,835,100,416.3
45.65,1803,-0.27,8.12,55.83,827,99.2,403
45.66,1800,-0.251,7.95,56.89,819,99.6,393.3
45.67,1820,-0.237,7.85,57.97,814,100.2,376
45.68,1813,-0.215,7.72,58.49,808,100,361
45.69,1807,-0.2,7.61,59.04,805,99.3,349.4
45.7,1804,-0.184,7.48,59.14,800,99.1,335.4
45.71,1790,-0.161,7.37,59.2,787,100.7,320.6
45.72,1799,-0.146,7.24,60.22,789,101.4,306
45.73,1795,-0.129,7.17,60.15,788,98,293.7
45.74,1795,-0.108,7.1,60.16,784,98.6,279.6
45.75,1813,-0.092,6.99,60.5,783,100.4,266.7
45.76,1799,-0.072,6.96,60.59,779,100.6,253.5
45.77,1798,-0.061,6.9,61.22,778,98,235.8
45.78,1805,-0.048,6.87,61.56,778,101.1,224.1
45.79,1803,-0.036,6.86,61.18,770,97,210.6
45.8,1811,-0.019,6.82,61.87,772,98.6,195.2
45.81,1797,-0.009,6.78,62.19,769,99.7,182.2
45.82,1789,-0.002,6.78,59.33,769,100.6,171
45.83,1795,0.008,6.78,54.51,774,99.9,152.6
45.84,1789,0.008,6.76,50.63,771,103.7,142.2
45.85,1800,0.017,6.74,45.82,765,99.7,126.4
45.86,1801,0.014,6.77,42.62,766,101.8,114.7
45.87,1811,0.015,6.72,39.88,773,96.8,100
45.88,1796,0.015,6.77,37.43,773,100.8,100.4
45.89,1793,0.005,6.78,36.37,766,103.9,98.5
45.9,1797,0,6.74,34.8,770,102.8,100.3
45.91,1801,-0.011,6.71,34.42,769,99.5,99.6
45.92,1793,-0.023,6.7,33.6,767,98.2,99.3
45.93,1809,-0.039,6.75,33.24,767,96.7,101.1
45.94,1800,-0.053,6.7,33.3,765,103.1,101.3
45.95,1806,-0.066,6.73,32.74,774,99.7,100.2
45.96,1794,-0.088,6.72,32.26,768,100.9,98.8
45.97,1790,-0.104,6.78,31.92,769,98.6,101.3
45.98,1796,-0.115,6.77,32.02,768,101.4,96.8
45.99,1798,-0.142,6.77,32.29,769,99.7,99.7
46,1815,-0.16,6.76,32.49,775,98.5,101.8
46.01,1793,-0.187,6.75,31.92,773,99.1,98.2
46.02,1794,-0.201,6.74,32,770,101.4,101.7
46.03,1810,-0.226,6.75,31.89,769,101.9,102.1
46.04,1809,-0.243,6.74,32.05,767,98.4,97.6
46.05,1803,-0.265,6.75,31.87,767,100.9,99.7
46.06,1801,-0.281,6.7,31.8,768,98.3,101.4
46.07,1798,-0.308,6.72,32.11,773,99.1,98.9
46.08,1806,-0.319,6.7,31.91,777,100.5,103.4
46.09,1809,-0.337,6.73,31.67,767,98.5,96.7
46.1,1793,-0.357,6.77,31.96,770,99,102
46.11,1806,-0.372,6.74,32.27,770,100.3,98.3
46.12,1796,-0.384,6.67,32.28,769,98.9,99
46.13,1801,-0.399,6.72,31.47,775,99.9,102
46.14,1799,-0.407,6.75,31.96,766,98.3,99.7
46.15,1799,-0.42,6.73,31.8,769,100.7,99.2
46.16,1802,-0.425,6.77,31.84,768,98.1,100.6
46.17,1805,-0.439,6.7,32.11,770,99.2,100.8
46.18,1802,-0.439,6.74,32.22,777,101.5,99.6
46.19,1801,-0.445,6.7,32,770,99.9,97.6
46.2,1785,-0.448,6.77,32.14,770,100.4,100.1
46.21,1807,-0.451,6.75,31.64,771,97.4,103.3
46.22,1792,-0.45,6.74,31.78,769,95.1,101.8
46.23,1798,-0.456,6.77,32.01,770,99,101.7
46.24,1806,-0.451,6.7,31.8,773,99.9,99.9
46.25,1798,-0.452,6.75,32.07,773,99,99.3
46.26,1783,-0.446,6.76,32.26,770,99.6,99.3
46.27,1795,-0.442,6.74,31.91,771,99.9,98.4
46.28,1795,-0.437,6.77,32.24,772,98.8,98.6
46.29,1806,-0.426,6.73,32.08,768,100.3,98
46.3,1799,-0.424,6.81,31.92,770,97.7,98.7
46.31,1795,-0.415,6.77,31.88,771,102.2,102.5
46.32,1799,-0.407,6.74,32.02,771,97.4,100.7
46.33,1802,-0.399,6.75,31.84,767,98.2,98.5
46.34,1804,-0.39,6.72,32.06,769,101.5,99.9
46.35,1791,-0.375,6.77,32.36,768,98.1,99.7
46.36,1795,-0.364,6.77,31.92,765,98.3,100.9
46.37,1796,-0.355,6.71,32.17,774,97.9,100.9
46.38,1804,-0.348,6.76,31.92,764,99.7,99.3
46.39,1807,-0.341,6.77,32.11,769,98.4,102
46.4,1792,-0.328,6.8,32.02,769,101.1,101.6
46.41,1795,-0.321,6.71,32.16,770,100.5,101.6
46.42,1808,-0.311,6.73,32.73,774,99.4,100.9
46.43,1798,-0.296,6.77,31.52,773,101.3,101.4
46.44,1801,-0.288,6.73,32.29,772,99.7,101.5
46.45,1802,-0.281,6.75,31.7,772,99.6,101.1
46.46,1802,-0.271,6.77,31.92,765,100.2,99.1
46.47,1783,-0.267,6.75,31.79,769,98.1,99.6
46.48,1809,-0.259,6.67,31.99,768,98.2,102
46.49,1803,-0.251,6.75,32.11,771,100.6,100.2
46.5,1798,-0.243,6.76,32.36,771,100.6,99.5
46.51,1792,-0.239,6.75,31.75,771,97.3,99.2
46.52,1789,-0.232,6.71,31.97,768,100.1,97.9
46.53,1799,-0.235,6.78,32.12,773,98.9,102
46.54,1804,-0.229,6.77,32.33,770,101.5,102.8
46.55,1795,-0.223,6.75,32.04,775,98.1,100.2
46.56,1806,-0.223,6.75,32.09,771,98.7,102.6
46.57,1808,-0.229,6.79,31.78,770,98.8,99.2
46.58,1808,-0.227,6.69,31.68,772,99.4,101.4
46.59,1797,-0.224,6.75,31.99,773,99.2,102.2
46.6,1802,-0.221,6.82,32,772,104.4,99.8
46.61,1796,-0.228,6.75,32.18,766,100.3,98.6
46.62,1800,-0.228,6.73,32.25,769,100.4,101.6
46.63,1805,-0.227,6.77,31.8,769,99.5,102.6
46.64,1807,-0.23,6.79,31.56,767,99,98.8
46.65,1810,-0.236,6.76,31.92,768,98.9,99.9
46.66,1796,-0.238,6.75,31.9,767,99,99.7
46.67,1801,-0.234,6.72,31.92,766,99.5,103.5
46.68,1802,-0.237,6.72,32.23,765,100.5,100.6
46.69,1799,-0.253,6.74,31.44,770,98.4,101.7
46.7,1801,-0.255,6.78,31.73,771,101.3,98.5
46.71,1802,-0.257,6.68,32.57,772,100.4,100.6
46.72,1795,-0.265,6.72,32.01,768,99.8,98.9
46.73,1795,-0.268,6.74,31.82,771,101.6,100.7
46.74,1791,-0.272,6.71,32.13,766,100.7,98.8
46.75,1793,-0.278,6.7,32,770,98.1,101.9
46.76,1792,-0.285,6.79,31.76,770,101.3,101.5
46.77,1811,-0.286,6.65,31.84,764,100.5,98.5
46.78,1805,-0.294,6.69,31.37,765,101.9,102.3
46.79,1790,-0.302,6.74,31.99,771,99.8,101
46.8,1799,-0.3,6.77,31.94,767,100.9,101.8
46.81,1803,-0.302,6.8,32.23,765,100,99.5
46.82,1804,-0.31,6.7,31.73,768,102.1,99.3
46.83,1794,-0.318,6.73,31.83,766,99.2,102.8
46.84,1796,-0.315,6.73,31.81,769,101.4,101.4
46.85,1795,-0.319,6.76,32.1,773,102.2,99.1
46.86,1789,-0.327,6.69,31.73,771,99.3,102.2
46.87,1802,-0.323,6.75,31.93,764,97.8,98.2
46.88,1791,-0.329,6.79,31.48,771,98.6,100.1
46.89,1788,-0.334,6.76,31.6,766,96.8,101.1
46.9,1797,-0.33,6.73,31.91,765,100.2,100.3
46.91,1791,-0.33,6.74,32.31,767,98.4,100.6
46.92,1814,-0.339,6.8,32.46,770,102.8,101.1
46.93,1795,-0.335,6.76,32.2,772,100.2,101.6
46.94,1798,-0.336,6.78,31.98,769,98.1,101.3
46.95,1795,-0.336,6.71,31.94,768,98.2,99
46.96,1801,-0.333,6.76,31.93,769,99.3,102.2
46.97,1798,-0.335,6.73,32.32,769,101.5,98.6
46.98,1805,-0.334,6.79,31.47,771,99.8,98.6
46.99,1804,-0.334,6.75,31.52,768,99,98.8
47,1801,-0.34,6.72,32.1,774,99.7,98.2
47.01,1793,-0.328,6.76,32.37,772,100.5,101.3
47.02,1793,-0.332,6.76,31.92,770,100.9,99.8
47.03,1806,-0.329,6.79,32.09,770,100.5,100.9
47.04,1806,-0.326,6.8,32.07,765,101.7,101.9
47.05,1793,-0.326,6.72,32.21,769,98,100.3
47.06,1797,-0.322,6.75,31.88,774,100.3,98.8
47.07,1800,-0.319,6.72,31.51,768,99.6,99.6
47.08,1799,-0.315,6.77,32.17,775,102.6,101.2
47.09,1801,-0.315,6.79,32.02,771,100.6,100.5
47.1,1802,-0.316,6.71,32.19,770,100.3,100.5
47.11,1805,-0.306,6.74,31.73,771,102.8,101.6
47.12,1794,-0.311,6.73,32.14,767,99.8,98.8
47.13,1800,-0.305,6.81,32.13,766,102.3,103
47.14,1811,-0.302,6.77,31.79,766,98.5,101.5
47.15,1801,-0.294,6.73,32.37,770,99.3,99.9
47.16,1804,-0.297,6.74,31.94,771,100.7,100.2
47.17,1804,-0.301,6.74,31.62,769,100.9,99
47.18,1795,-0.299,6.7,32.25,765,99.1,100.6
47.19,1812,-0.293,6.78,32.13,769,103.4,99.6
47.2,1797,-0.288,6.7,31.87,773,99.9,99.7
47.21,1804,-0.291,6.75,32.07,767,98.9,99.3
47.22,1791,-0.291,6.73,32.48,764,97.1,98.4
47.23,1794,-0.286,6.76,31.95,767,96.6,99.8
47.24,1800,-0.288,6.74,31.94,771,101.4,100.9
47.25,1807,-0.285,6.74,31.98,768,98.2,100.1
47.26,1796,-0.283,6.75,32.12,770,100.1,100.9
47.27,1798,-0.287,6.79,32,772,100.4,98.6
47.28,1798,-0.279,6.76,32.07,763,97.4,99.2
47.29,1808,-0.277,6.67,31.58,771,99.5,97
47.3,1796,-0.277,6.78,32.35,769,99.7,99.5
47.31,1803,-0.285,6.78,31.76,769,96.7,100.5
47.32,1798,-0.28,6.73,32.22,776,99.9,99.5
47.33,1808,-0.282,6.7,31.64,771,100.3,102.6
47.34,1797,-0.28,6.74,31.73,765,98.2,99.9
47.35,1803,-0.282,6.74,32.41,768,100.6,100.6
47.36,1798,-0.281,6.75,31.89,775,103.1,101.5
47.37,1787,-0.285,6.78,32.16,773,98.6,98.5
47.38,1786,-0.281,6.77,31.76,772,101.8,98.9
47.39,1800,-0.285,6.77,32.05,770,100.2,98.7
47.4,1805,-0.291,6.78,32.04,768,99.9,101.7
47.41,1794,-0.283,6.71,32.47,774,102.2,98.6
47.42,1797,-0.288,6.76,32.32,773,98.7,100.8
47.43,1808,-0.286,6.74,32.28,769,98.4,98.8
47.44,1798,-0.286,6.77,32.01,769,101.8,100.6
47.45,1802,-0.293,6.75,31.84,771,99.2,100.5
47.46,1807,-0.291,6.73,31.68,767,98.4,98.8
47.47,1795,-0.29,6.76,31.86,768,99.2,98.4
47.48,1803,-0.294,6.75,32.04,773,99.8,98.8
47.49,1795,-0.293,6.74,32.15,764,102.7,99.9
47.5,1802,-0.296,6.7,31.86,771,98.4,100.4
47.51,1808,-0.298,6.75,31.84,764,102.9,99.6
47.52,1802,-0.304,6.77,31.99,769,103.7,100.1
47.53,1809,-0.299,6.73,31.65,768,99.3,99.4
47.54,1808,-0.301,6.73,32.28,768,98.9,101.8